patient_code,examination.exam_info.exam_date,examination.general.body_condition,examination.general.skin_mucosa,examination.general.weight,examination.general.height,examination.general.pulse,examination.general.temperature,examination.general.blood_pressure,examination.cardiovascular.finding,examination.respiratory.finding,examination.digestive.finding,examination.urinary.finding,examination.neurological.finding,examination.other_body_parts.finding,examination.mental_exam.general_observation.contact,examination.mental_exam.general_observation.attitude,examination.mental_exam.general_observation.hygiene,examination.mental_exam.general_observation.facial_expression,examination.mental_exam.general_observation.description,examination.mental_exam.consciousness.orientation.space,examination.mental_exam.consciousness.orientation.time,examination.mental_exam.consciousness.orientation.self,examination.mental_exam.consciousness.orientation.surroundings,examination.mental_exam.consciousness.description,examination.mental_exam.emotion.mood,examination.mental_exam.emotion.affect,examination.mental_exam.emotion.negative_symptoms,examination.mental_exam.emotion.description,examination.mental_exam.perception.hallucinations,examination.mental_exam.perception.hallucinations_other,examination.mental_exam.perception.other_perception,examination.mental_exam.perception.other_perception_detail,examination.mental_exam.perception.description,examination.mental_exam.thought.form,examination.mental_exam.thought.content,examination.mental_exam.thought.content_other,examination.mental_exam.thought.obsession,examination.mental_exam.thought.description,examination.mental_exam.attention.state,examination.mental_exam.attention.description,examination.mental_exam.memory.immediate,examination.mental_exam.memory.recent,examination.mental_exam.memory.remote,examination.mental_exam.memory.disorder,examination.mental_exam.memory.description,examination.mental_exam.intelligence.level,examination.mental_exam.intelligence.description,examination.mental_exam.behavior.psychomotor,examination.mental_exam.behavior.acts,examination.mental_exam.behavior.sleep,examination.mental_exam.behavior.eating,examination.mental_exam.behavior.description,examination.general_lab.blood_count.rbc,examination.general_lab.blood_count.hgb,examination.general_lab.blood_count.wbc,examination.general_lab.blood_count.neutrophil,examination.general_lab.blood_count.lymphocyte,examination.general_lab.blood_count.monocyte,examination.general_lab.biochemistry.glucose,examination.general_lab.biochemistry.ure,examination.general_lab.biochemistry.creatinin,examination.general_lab.biochemistry.sgot,examination.general_lab.biochemistry.sgpt,examination.general_lab.biochemistry.sggt,examination.general_lab.ecg,examination.general_lab.eeg,examination.general_lab.ct_mri,examination.other_lab.eeg_result,examination.other_lab.dermatoglyphics,examination.other_lab.eye_tracking,examination.other_lab.gene,examination.other_lab.neurotransmitter,examination.other_lab.other,examination.diagnosis.definitive,examination.diagnosis.differential,examination.treatment.medications,examination.treatment.inpatient_days,examination.mental_exam.emotion.symptoms.depressed_mood,examination.mental_exam.emotion.symptoms.tension_fear,examination.mental_exam.emotion.symptoms.anhedonia,examination.mental_exam.emotion.symptoms.sadness,examination.mental_exam.emotion.symptoms.loss_of_energy,examination.mental_exam.emotion.symptoms.irritable,examination.mental_exam.emotion.symptoms.pessimism,examination.mental_exam.emotion.symptoms.emotional_lability,examination.mental_exam.emotion.symptoms.unstable_emotion,examination.mental_exam.emotion.symptoms.worthlessness,examination.mental_exam.emotion.symptoms.suicidal_ideation,examination.mental_exam.perception.symptoms.crude_hallucination,examination.mental_exam.perception.symptoms.tactile,examination.mental_exam.perception.symptoms.true_auditory,examination.mental_exam.perception.symptoms.depersonalization,examination.mental_exam.perception.symptoms.pseudo_auditory,examination.mental_exam.perception.symptoms.derealization,examination.mental_exam.perception.symptoms.visual,examination.mental_exam.perception.symptoms.other,examination.mental_exam.thought.form_normal,examination.mental_exam.thought.form_symptoms.slow_thinking,examination.mental_exam.thought.form_symptoms.poor_communication,examination.mental_exam.thought.form_symptoms.talkative,examination.mental_exam.thought.form_symptoms.thought_blocking,examination.mental_exam.thought.form_symptoms.mutism,examination.mental_exam.thought.content_symptoms.illness_phobia,examination.mental_exam.thought.content_symptoms.surveillance_delusion,examination.mental_exam.thought.content_symptoms.agoraphobia,examination.mental_exam.thought.content_symptoms.inferiority,examination.mental_exam.thought.content_symptoms.ochlophobia,examination.mental_exam.thought.content_symptoms.guilt_delusion,examination.mental_exam.thought.content_symptoms.hypochondriacal_delusion,examination.mental_exam.thought.content_symptoms.reference_delusion,examination.mental_exam.thought.content_symptoms.persecution_delusion,examination.mental_exam.thought.content_symptoms.other_delusion,examination.mental_exam.anxiety.symptoms.incurable_worry,examination.mental_exam.anxiety.symptoms.future_worry,examination.mental_exam.anxiety.symptoms.panic,examination.mental_exam.anxiety.symptoms.mood_swing,examination.mental_exam.anxiety.symptoms.other,examination.mental_exam.anxiety.description,examination.mental_exam.somatic.symptoms.insomnia,examination.mental_exam.somatic.symptoms.sweating,examination.mental_exam.somatic.symptoms.hypersomnia,examination.mental_exam.somatic.symptoms.headache,examination.mental_exam.somatic.symptoms.diffuse_pain,examination.mental_exam.somatic.symptoms.fatigue,examination.mental_exam.somatic.symptoms.anorexia,examination.mental_exam.somatic.symptoms.hyperphagia,examination.mental_exam.somatic.symptoms.weight_loss,examination.mental_exam.somatic.symptoms.digestive_disorder,examination.mental_exam.somatic.symptoms.palpitations,examination.mental_exam.somatic.sexual_disorder,examination.mental_exam.somatic.menstrual_disorder,examination.mental_exam.behavior.symptoms.hypokinesia,examination.mental_exam.behavior.symptoms.restlessness,examination.mental_exam.behavior.symptoms.stupor,examination.mental_exam.behavior.symptoms.agitation,examination.mental_exam.behavior.symptoms.food_refusal,examination.mental_exam.behavior.symptoms.social_avoidance,examination.mental_exam.behavior.symptoms.suicidal_impulse,examination.mental_exam.behavior.symptoms.other,examination.mental_exam.behavior.suicide_methods
BA0001,2026-06-15,Trung bình,Bình thường,72,155,88,36.8,115/75,"Nhịp tim đều, T1 T2 rõ, không nghe tiếng thổi bệnh lý.","Lồng ngực cân đối, rì rào phế nang êm dịu hai bên, không rale.","Bụng mềm, không chướng, gan lách không sờ thấy, đại tiện bình thường.","Hai thận không sờ thấy, không đau vùng thắt lưng, tiểu tiện bình thường.","Không liệt khu trú, không hội chứng màng não, đồng tử hai bên đều.","Tai mũi họng, răng hàm mặt chưa phát hiện bất thường.",limited,indifferent|tense|oppositional,untidy|weather_inappropriate,sad,"Diễn biến ổn định, dung nạp thuốc tốt.",normal,normal,normal,normal,"Diễn biến ổn định, dung nạp thuốc tốt.",increased,apathetic|labile|unstable,reduced_response,Triệu chứng thuyên giảm so với lần khám trước.,commenting|conversing,,depersonalization|derealization|other,Cảm giác cơ thể biến dạng,"Diễn biến ổn định, dung nạp thuốc tốt.",loose,control|bizarre,,no,"Diễn biến ổn định, dung nạp thuốc tốt.",distractible|hard_sustain|hyperattention,Triệu chứng thuyên giảm so với lần khám trước.,normal,normal,normal,retrograde,"Bệnh nhân hợp tác kém, cần người nhà hỗ trợ khai thác.",retardation,"Bệnh nhân hợp tác kém, cần người nhà hỗ trợ khai thác.",stupor|catatonia|negativism,self_harm|suicide,normal|initial_insomnia|hypersomnia,anorexia|refusal,Triệu chứng thuyên giảm so với lần khám trước.,4.82,122,6.1,61,31,8,6.4,3.8,95,22,43,33,"Nhịp xoang đều, tần số 78 ck/phút, không rối loạn dẫn truyền.","Sóng alpha chiếm ưu thế vùng chẩm, không ghi nhận sóng kịch phát.","Nhu mô não không thấy tổn thương khu trú, hệ thống não thất không giãn.",Điện não đồ trong giới hạn bình thường.,Chỉ số vân tay trong giới hạn tham chiếu.,Vận nhãn theo dõi mục tiêu có gián đoạn nhẹ.,Chưa phát hiện đột biến có ý nghĩa lâm sàng.,Nồng độ serotonin huyết tương giảm nhẹ so với tham chiếu.,Không có xét nghiệm bổ sung.,F20.1 - Tâm thần phân liệt thể thanh xuân,Rối loạn phân liệt cảm xúc; Rối loạn hoang tưởng dai dẳng,Haloperidol 5mg/ngày; Olanzapine 5mg buổi tối,12,,,,,,,,,,,,,,,,,,,,,,,,,,,,,,,,,,,,,,,,,,,,,,,,,,,,,,,,,,,,,,,
BA0001,2026-05-06,Suy kiệt nhẹ,Nhợt nhạt nhẹ,52,151,77,36.5,125/85,"Nhịp tim đều, T1 T2 rõ, không nghe tiếng thổi bệnh lý.","Lồng ngực cân đối, rì rào phế nang êm dịu hai bên, không rale.","Bụng mềm, không chướng, gan lách không sờ thấy, đại tiện bình thường.","Hai thận không sờ thấy, không đau vùng thắt lưng, tiểu tiện bình thường.","Không có dấu hiệu thần kinh khu trú, phản xạ gân xương hai bên đều.","Tai mũi họng, răng hàm mặt chưa phát hiện bất thường.",uncooperative,natural|indifferent|oppositional,weather_inappropriate|bizarre,normal,"Bệnh nhân tiếp xúc được, trả lời chậm, cần gợi ý nhiều.",normal,disordered,normal,normal,"Bệnh nhân hợp tác kém, cần người nhà hỗ trợ khai thác.",increased|irritable,blunted|apathetic,reduced_communication|social_withdrawal,Triệu chứng thuyên giảm so với lần khám trước.,none|pseudo_auditory|visual,,other,Cảm giác cơ thể biến dạng,"Bệnh nhân hợp tác kém, cần người nhà hỗ trợ khai thác.",normal|tangential|neologism,persecution|control,,yes,"Bệnh nhân hợp tác kém, cần người nhà hỗ trợ khai thác.",distractible|hyperattention,"Bệnh nhân tiếp xúc được, trả lời chậm, cần gợi ý nhiều.",decreased,decreased,normal,anterograde|retrograde|global,"Diễn biến ổn định, dung nạp thuốc tốt.",retardation,Triệu chứng thuyên giảm so với lần khám trước.,catatonia,destructive|suicide,hypersomnia,hyperphagia,"Diễn biến ổn định, dung nạp thuốc tốt.",4.2,156,5.8,59,34,7,5.4,5.0,91,38,49,27,"Nhịp xoang đều, tần số 78 ck/phút, không rối loạn dẫn truyền.","Sóng alpha chiếm ưu thế vùng chẩm, không ghi nhận sóng kịch phát.","Nhu mô não không thấy tổn thương khu trú, hệ thống não thất không giãn.",Điện não đồ trong giới hạn bình thường.,Chỉ số vân tay trong giới hạn tham chiếu.,Vận nhãn theo dõi mục tiêu có gián đoạn nhẹ.,Chưa phát hiện đột biến có ý nghĩa lâm sàng.,Nồng độ serotonin huyết tương giảm nhẹ so với tham chiếu.,Không có xét nghiệm bổ sung.,F20.1 - Tâm thần phân liệt thể thanh xuân,Rối loạn phân liệt cảm xúc; Rối loạn hoang tưởng dai dẳng,Risperidone 2mg x 2 lần/ngày; Trihexyphenidyl 2mg/ngày,7,,,,,,,,,,,,,,,,,,,,,,,,,,,,,,,,,,,,,,,,,,,,,,,,,,,,,,,,,,,,,,,
BA0001,2026-04-15,Suy kiệt nhẹ,Kém hồng,70,170,69,37.1,105/65,"Nhịp tim đều, T1 T2 rõ, không nghe tiếng thổi bệnh lý.","Lồng ngực cân đối, rì rào phế nang êm dịu hai bên, không rale.","Bụng mềm, không chướng, gan lách không sờ thấy, đại tiện bình thường.","Hai thận không sờ thấy, không đau vùng thắt lưng, tiểu tiện bình thường.","Không liệt khu trú, không hội chứng màng não, đồng tử hai bên đều.","Tai mũi họng, răng hàm mặt chưa phát hiện bất thường.",uncooperative,avoidant|tense,tidy,sad|anxious,Triệu chứng thuyên giảm so với lần khám trước.,disordered,disordered,normal,disordered,Triệu chứng thuyên giảm so với lần khám trước.,irritable,appropriate,social_withdrawal,"Diễn biến ổn định, dung nạp thuốc tốt.",none|tactile,,depersonalization|derealization|other,Cảm giác cơ thể biến dạng,"Bệnh nhân tiếp xúc được, trả lời chậm, cần gợi ý nhiều.",illogical,control|bizarre|other,Hoang tưởng phát minh,yes,Triệu chứng thuyên giảm so với lần khám trước.,poor_concentration|hyperattention,"Diễn biến ổn định, dung nạp thuốc tốt.",normal,normal,decreased,none|anterograde,"Bệnh nhân hợp tác kém, cần người nhà hỗ trợ khai thác.",normal,Triệu chứng thuyên giảm so với lần khám trước.,catatonia|negativism|posturing,talking_alone|destructive,late_insomnia,anorexia,"Bệnh nhân tiếp xúc được, trả lời chậm, cần gợi ý nhiều.",3.81,128,4.5,59,22,7,5.3,6.3,78,23,22,21,"Nhịp xoang đều, tần số 78 ck/phút, không rối loạn dẫn truyền.","Sóng alpha chiếm ưu thế vùng chẩm, không ghi nhận sóng kịch phát.","Nhu mô não không thấy tổn thương khu trú, hệ thống não thất không giãn.",Điện não đồ trong giới hạn bình thường.,Chỉ số vân tay trong giới hạn tham chiếu.,Vận nhãn theo dõi mục tiêu có gián đoạn nhẹ.,Chưa phát hiện đột biến có ý nghĩa lâm sàng.,Nồng độ serotonin huyết tương giảm nhẹ so với tham chiếu.,Không có xét nghiệm bổ sung.,F20.3 - Tâm thần phân liệt thể không biệt định,Rối loạn phân liệt cảm xúc; Rối loạn hoang tưởng dai dẳng,Olanzapine 10mg/ngày; Diazepam 5mg buổi tối,24,,,,,,,,,,,,,,,,,,,,,,,,,,,,,,,,,,,,,,,,,,,,,,,,,,,,,,,,,,,,,,,
BA0001,2026-03-25,Suy kiệt nhẹ,Hồng hào,47,158,69,36.6,110/70,"Nhịp tim đều, T1 T2 rõ, không nghe tiếng thổi bệnh lý.","Lồng ngực cân đối, rì rào phế nang êm dịu hai bên, không rale.","Bụng mềm, không chướng, gan lách không sờ thấy, đại tiện bình thường.","Hai thận không sờ thấy, không đau vùng thắt lưng, tiểu tiện bình thường.","Không có dấu hiệu thần kinh khu trú, phản xạ gân xương hai bên đều.","Tai mũi họng, răng hàm mặt chưa phát hiện bất thường.",limited,natural|indifferent|oppositional,untidy|weather_inappropriate|bizarre,normal|anxious|tense,"Diễn biến ổn định, dung nạp thuốc tốt.",disordered,disordered,normal,disordered,Triệu chứng thuyên giảm so với lần khám trước.,irritable,appropriate|blunted,reduced_response|reduced_communication,"Bệnh nhân tiếp xúc được, trả lời chậm, cần gợi ý nhiều.",none|visual|olfactory,,depersonalization|derealization|other,Cảm giác cơ thể biến dạng,"Bệnh nhân tiếp xúc được, trả lời chậm, cần gợi ý nhiều.",circumstantial,control|other,Hoang tưởng phát minh,no,Triệu chứng thuyên giảm so với lần khám trước.,normal|hyperattention,"Diễn biến ổn định, dung nạp thuốc tốt.",decreased,normal,decreased,global,"Diễn biến ổn định, dung nạp thuốc tốt.",retardation,"Diễn biến ổn định, dung nạp thuốc tốt.",stereotypy,aggression|destructive|bizarre,middle_insomnia|total_insomnia,anorexia|hyperphagia|refusal,Triệu chứng thuyên giảm so với lần khám trước.,5.48,111,5.8,65,26,5,5.7,7.1,83,22,23,14,"Nhịp xoang đều, tần số 78 ck/phút, không rối loạn dẫn truyền.","Sóng alpha chiếm ưu thế vùng chẩm, không ghi nhận sóng kịch phát.","Nhu mô não không thấy tổn thương khu trú, hệ thống não thất không giãn.",Điện não đồ trong giới hạn bình thường.,Chỉ số vân tay trong giới hạn tham chiếu.,Vận nhãn theo dõi mục tiêu có gián đoạn nhẹ.,Chưa phát hiện đột biến có ý nghĩa lâm sàng.,Nồng độ serotonin huyết tương giảm nhẹ so với tham chiếu.,Không có xét nghiệm bổ sung.,F20.0 - Tâm thần phân liệt thể paranoid,Rối loạn phân liệt cảm xúc; Rối loạn hoang tưởng dai dẳng,Olanzapine 10mg/ngày; Diazepam 5mg buổi tối,34,,,,,,,,,,,,,,,,,,,,,,,,,,,,,,,,,,,,,,,,,,,,,,,,,,,,,,,,,,,,,,,
BA0001,2026-02-11,Béo,Nhợt nhạt nhẹ,73,170,64,36.5,110/70,"Nhịp tim đều, T1 T2 rõ, không nghe tiếng thổi bệnh lý.","Lồng ngực cân đối, rì rào phế nang êm dịu hai bên, không rale.","Bụng mềm, không chướng, gan lách không sờ thấy, đại tiện bình thường.","Hai thận không sờ thấy, không đau vùng thắt lưng, tiểu tiện bình thường.","Không có dấu hiệu thần kinh khu trú, phản xạ gân xương hai bên đều.","Tai mũi họng, răng hàm mặt chưa phát hiện bất thường.",cooperative,tense|oppositional,untidy,normal|sad|apathetic,"Bệnh nhân hợp tác kém, cần người nhà hỗ trợ khai thác.",normal,normal,normal,normal,Triệu chứng thuyên giảm so với lần khám trước.,increased|irritable,labile,reduced_response,"Bệnh nhân tiếp xúc được, trả lời chậm, cần gợi ý nhiều.",none|conversing|olfactory,,other,Cảm giác cơ thể biến dạng,"Bệnh nhân tiếp xúc được, trả lời chậm, cần gợi ý nhiều.",circumstantial,persecution|reference|surveillance,,yes,Triệu chứng thuyên giảm so với lần khám trước.,poor_concentration|distractible|hyperattention,"Bệnh nhân hợp tác kém, cần người nhà hỗ trợ khai thác.",normal,normal,normal,global,"Diễn biến ổn định, dung nạp thuốc tốt.",normal,"Bệnh nhân hợp tác kém, cần người nhà hỗ trợ khai thác.",negativism,laughing_alone|aggression,initial_insomnia|middle_insomnia|late_insomnia,normal|anorexia,"Bệnh nhân hợp tác kém, cần người nhà hỗ trợ khai thác.",4.25,146,10.5,62,34,3,5.5,5.2,105,22,32,55,"Nhịp xoang đều, tần số 78 ck/phút, không rối loạn dẫn truyền.","Sóng alpha chiếm ưu thế vùng chẩm, không ghi nhận sóng kịch phát.","Nhu mô não không thấy tổn thương khu trú, hệ thống não thất không giãn.",Điện não đồ trong giới hạn bình thường.,Chỉ số vân tay trong giới hạn tham chiếu.,Vận nhãn theo dõi mục tiêu có gián đoạn nhẹ.,Chưa phát hiện đột biến có ý nghĩa lâm sàng.,Nồng độ serotonin huyết tương giảm nhẹ so với tham chiếu.,Không có xét nghiệm bổ sung.,F20.0 - Tâm thần phân liệt thể paranoid,Rối loạn phân liệt cảm xúc; Rối loạn hoang tưởng dai dẳng,Haloperidol 5mg/ngày; Olanzapine 5mg buổi tối,17,,,,,,,,,,,,,,,,,,,,,,,,,,,,,,,,,,,,,,,,,,,,,,,,,,,,,,,,,,,,,,,
BA0001,2026-01-17,Trung bình,Nhợt nhạt nhẹ,58,160,95,37.0,130/80,"Nhịp tim đều, T1 T2 rõ, không nghe tiếng thổi bệnh lý.","Lồng ngực cân đối, rì rào phế nang êm dịu hai bên, không rale.","Bụng mềm, không chướng, gan lách không sờ thấy, đại tiện bình thường.","Hai thận không sờ thấy, không đau vùng thắt lưng, tiểu tiện bình thường.","Không liệt khu trú, không hội chứng màng não, đồng tử hai bên đều.","Tai mũi họng, răng hàm mặt chưa phát hiện bất thường.",limited,indifferent|oppositional,untidy|bizarre,sad,"Bệnh nhân tiếp xúc được, trả lời chậm, cần gợi ý nhiều.",disordered,disordered,normal,disordered,"Diễn biến ổn định, dung nạp thuốc tốt.",normal|decreased|increased,inappropriate|labile|unstable,social_withdrawal,"Bệnh nhân hợp tác kém, cần người nhà hỗ trợ khai thác.",gustatory,,depersonalization|derealization,,"Diễn biến ổn định, dung nạp thuốc tốt.",normal|circumstantial,reference|surveillance|bizarre,,yes,"Bệnh nhân tiếp xúc được, trả lời chậm, cần gợi ý nhiều.",distractible,"Bệnh nhân tiếp xúc được, trả lời chậm, cần gợi ý nhiều.",normal,normal,normal,anterograde,"Bệnh nhân hợp tác kém, cần người nhà hỗ trợ khai thác.",normal,"Bệnh nhân hợp tác kém, cần người nhà hỗ trợ khai thác.",stereotypy,talking_alone,normal|late_insomnia,anorexia|refusal,"Diễn biến ổn định, dung nạp thuốc tốt.",4.24,135,9.5,48,38,5,5.0,3.9,79,37,28,40,"Nhịp xoang đều, tần số 78 ck/phút, không rối loạn dẫn truyền.","Sóng alpha chiếm ưu thế vùng chẩm, không ghi nhận sóng kịch phát.","Nhu mô não không thấy tổn thương khu trú, hệ thống não thất không giãn.",Điện não đồ trong giới hạn bình thường.,Chỉ số vân tay trong giới hạn tham chiếu.,Vận nhãn theo dõi mục tiêu có gián đoạn nhẹ.,Chưa phát hiện đột biến có ý nghĩa lâm sàng.,Nồng độ serotonin huyết tương giảm nhẹ so với tham chiếu.,Không có xét nghiệm bổ sung.,F20.0 - Tâm thần phân liệt thể paranoid,Rối loạn phân liệt cảm xúc; Rối loạn hoang tưởng dai dẳng,Risperidone 2mg x 2 lần/ngày; Trihexyphenidyl 2mg/ngày,20,,,,,,,,,,,,,,,,,,,,,,,,,,,,,,,,,,,,,,,,,,,,,,,,,,,,,,,,,,,,,,,
BA0001,2025-12-13,Béo,Bình thường,72,175,70,36.9,110/70,"Nhịp tim đều, T1 T2 rõ, không nghe tiếng thổi bệnh lý.","Lồng ngực cân đối, rì rào phế nang êm dịu hai bên, không rale.","Bụng mềm, không chướng, gan lách không sờ thấy, đại tiện bình thường.","Hai thận không sờ thấy, không đau vùng thắt lưng, tiểu tiện bình thường.","Không liệt khu trú, không hội chứng màng não, đồng tử hai bên đều.","Tai mũi họng, răng hàm mặt chưa phát hiện bất thường.",cooperative,indifferent|tense|oppositional,untidy|weather_inappropriate|bizarre,tense,"Bệnh nhân tiếp xúc được, trả lời chậm, cần gợi ý nhiều.",normal,disordered,disordered,normal,"Bệnh nhân hợp tác kém, cần người nhà hỗ trợ khai thác.",normal|decreased|increased,inappropriate|blunted|apathetic,reduced_expression|reduced_communication|social_withdrawal,Triệu chứng thuyên giảm so với lần khám trước.,commenting|conversing|olfactory,,depersonalization|derealization|other,Cảm giác cơ thể biến dạng,"Bệnh nhân tiếp xúc được, trả lời chậm, cần gợi ý nhiều.",irrelevant|tangential|circumstantial,persecution|surveillance|control,,yes,"Bệnh nhân tiếp xúc được, trả lời chậm, cần gợi ý nhiều.",poor_concentration|distractible,Triệu chứng thuyên giảm so với lần khám trước.,decreased,normal,normal,none|anterograde|global,"Bệnh nhân hợp tác kém, cần người nhà hỗ trợ khai thác.",retardation,"Diễn biến ổn định, dung nạp thuốc tốt.",agitation,suicide,normal|hypersomnia,normal|anorexia|hyperphagia,"Bệnh nhân hợp tác kém, cần người nhà hỗ trợ khai thác.",4.96,157,8.6,51,38,8,5.1,5.1,82,33,36,44,"Nhịp xoang đều, tần số 78 ck/phút, không rối loạn dẫn truyền.","Sóng alpha chiếm ưu thế vùng chẩm, không ghi nhận sóng kịch phát.","Nhu mô não không thấy tổn thương khu trú, hệ thống não thất không giãn.",Điện não đồ trong giới hạn bình thường.,Chỉ số vân tay trong giới hạn tham chiếu.,Vận nhãn theo dõi mục tiêu có gián đoạn nhẹ.,Chưa phát hiện đột biến có ý nghĩa lâm sàng.,Nồng độ serotonin huyết tương giảm nhẹ so với tham chiếu.,Không có xét nghiệm bổ sung.,F20.0 - Tâm thần phân liệt thể paranoid,Rối loạn phân liệt cảm xúc; Rối loạn hoang tưởng dai dẳng,Olanzapine 10mg/ngày; Diazepam 5mg buổi tối,25,,,,,,,,,,,,,,,,,,,,,,,,,,,,,,,,,,,,,,,,,,,,,,,,,,,,,,,,,,,,,,,
BA0001,2025-11-13,Gầy,Hồng hào,75,171,63,37.4,130/80,"Nhịp tim đều, T1 T2 rõ, không nghe tiếng thổi bệnh lý.","Lồng ngực cân đối, rì rào phế nang êm dịu hai bên, không rale.","Bụng mềm, không chướng, gan lách không sờ thấy, đại tiện bình thường.","Hai thận không sờ thấy, không đau vùng thắt lưng, tiểu tiện bình thường.","Không có dấu hiệu thần kinh khu trú, phản xạ gân xương hai bên đều.","Tai mũi họng, răng hàm mặt chưa phát hiện bất thường.",uncooperative,natural|avoidant|tense,bizarre,anxious|apathetic,"Bệnh nhân hợp tác kém, cần người nhà hỗ trợ khai thác.",disordered,disordered,normal,normal,Triệu chứng thuyên giảm so với lần khám trước.,increased|irritable,appropriate|blunted|apathetic,reduced_expression,"Diễn biến ổn định, dung nạp thuốc tốt.",pseudo_auditory,,depersonalization|derealization|other,Cảm giác cơ thể biến dạng,Triệu chứng thuyên giảm so với lần khám trước.,tangential|blocking,persecution|control|bizarre,,no,"Bệnh nhân tiếp xúc được, trả lời chậm, cần gợi ý nhiều.",poor_concentration|hard_sustain,Triệu chứng thuyên giảm so với lần khám trước.,decreased,normal,normal,retrograde,"Bệnh nhân hợp tác kém, cần người nhà hỗ trợ khai thác.",retardation,Triệu chứng thuyên giảm so với lần khám trước.,stereotypy|posturing,withdrawn|aggression|destructive,total_insomnia,normal|hyperphagia,"Bệnh nhân hợp tác kém, cần người nhà hỗ trợ khai thác.",5.14,123,5.3,69,29,5,5.4,3.6,96,28,19,46,"Nhịp xoang đều, tần số 78 ck/phút, không rối loạn dẫn truyền.","Sóng alpha chiếm ưu thế vùng chẩm, không ghi nhận sóng kịch phát.","Nhu mô não không thấy tổn thương khu trú, hệ thống não thất không giãn.",Điện não đồ trong giới hạn bình thường.,Chỉ số vân tay trong giới hạn tham chiếu.,Vận nhãn theo dõi mục tiêu có gián đoạn nhẹ.,Chưa phát hiện đột biến có ý nghĩa lâm sàng.,Nồng độ serotonin huyết tương giảm nhẹ so với tham chiếu.,Không có xét nghiệm bổ sung.,F20.0 - Tâm thần phân liệt thể paranoid,Rối loạn phân liệt cảm xúc; Rối loạn hoang tưởng dai dẳng,Risperidone 2mg x 2 lần/ngày; Trihexyphenidyl 2mg/ngày,31,,,,,,,,,,,,,,,,,,,,,,,,,,,,,,,,,,,,,,,,,,,,,,,,,,,,,,,,,,,,,,,
BA0001,2025-10-13,Trung bình,Kém hồng,63,170,63,36.3,120/80,"Nhịp tim đều, T1 T2 rõ, không nghe tiếng thổi bệnh lý.","Lồng ngực cân đối, rì rào phế nang êm dịu hai bên, không rale.","Bụng mềm, không chướng, gan lách không sờ thấy, đại tiện bình thường.","Hai thận không sờ thấy, không đau vùng thắt lưng, tiểu tiện bình thường.","Không liệt khu trú, không hội chứng màng não, đồng tử hai bên đều.","Tai mũi họng, răng hàm mặt chưa phát hiện bất thường.",cooperative,indifferent,bizarre,anxious|tense,Triệu chứng thuyên giảm so với lần khám trước.,normal,normal,disordered,normal,Triệu chứng thuyên giảm so với lần khám trước.,normal|increased,labile,reduced_expression|social_withdrawal,"Bệnh nhân tiếp xúc được, trả lời chậm, cần gợi ý nhiều.",true_auditory|conversing,,derealization,,"Diễn biến ổn định, dung nạp thuốc tốt.",irrelevant|illogical,reference,,no,"Bệnh nhân tiếp xúc được, trả lời chậm, cần gợi ý nhiều.",poor_concentration|hard_sustain|hyperattention,Triệu chứng thuyên giảm so với lần khám trước.,normal,normal,normal,global,"Diễn biến ổn định, dung nạp thuốc tốt.",retardation,"Diễn biến ổn định, dung nạp thuốc tốt.",agitation|negativism|posturing,talking_alone|aggression,hypersomnia,normal|anorexia|hyperphagia,Triệu chứng thuyên giảm so với lần khám trước.,4.06,122,10.4,54,25,6,5.6,3.6,68,20,43,45,"Nhịp xoang đều, tần số 78 ck/phút, không rối loạn dẫn truyền.","Sóng alpha chiếm ưu thế vùng chẩm, không ghi nhận sóng kịch phát.","Nhu mô não không thấy tổn thương khu trú, hệ thống não thất không giãn.",Điện não đồ trong giới hạn bình thường.,Chỉ số vân tay trong giới hạn tham chiếu.,Vận nhãn theo dõi mục tiêu có gián đoạn nhẹ.,Chưa phát hiện đột biến có ý nghĩa lâm sàng.,Nồng độ serotonin huyết tương giảm nhẹ so với tham chiếu.,Không có xét nghiệm bổ sung.,F20.0 - Tâm thần phân liệt thể paranoid,Rối loạn phân liệt cảm xúc; Rối loạn hoang tưởng dai dẳng,Olanzapine 10mg/ngày; Diazepam 5mg buổi tối,22,,,,,,,,,,,,,,,,,,,,,,,,,,,,,,,,,,,,,,,,,,,,,,,,,,,,,,,,,,,,,,,
BA0001,2025-09-17,Trung bình,Bình thường,73,150,76,36.9,120/80,"Nhịp tim đều, T1 T2 rõ, không nghe tiếng thổi bệnh lý.","Lồng ngực cân đối, rì rào phế nang êm dịu hai bên, không rale.","Bụng mềm, không chướng, gan lách không sờ thấy, đại tiện bình thường.","Hai thận không sờ thấy, không đau vùng thắt lưng, tiểu tiện bình thường.","Không có dấu hiệu thần kinh khu trú, phản xạ gân xương hai bên đều.","Tai mũi họng, răng hàm mặt chưa phát hiện bất thường.",uncooperative,tense|oppositional,tidy|untidy,anxious|tense,"Bệnh nhân hợp tác kém, cần người nhà hỗ trợ khai thác.",disordered,disordered,normal,normal,Triệu chứng thuyên giảm so với lần khám trước.,decreased,appropriate,reduced_expression|reduced_response,"Bệnh nhân tiếp xúc được, trả lời chậm, cần gợi ý nhiều.",true_auditory|tactile,,derealization,,"Bệnh nhân tiếp xúc được, trả lời chậm, cần gợi ý nhiều.",loose|flight,reference,,yes,"Bệnh nhân hợp tác kém, cần người nhà hỗ trợ khai thác.",poor_concentration|distractible,"Bệnh nhân tiếp xúc được, trả lời chậm, cần gợi ý nhiều.",normal,normal,decreased,none,"Diễn biến ổn định, dung nạp thuốc tốt.",normal,"Diễn biến ổn định, dung nạp thuốc tốt.",agitation|hypokinesia|stereotypy,withdrawn|destructive|suicide,middle_insomnia|late_insomnia,anorexia,"Bệnh nhân tiếp xúc được, trả lời chậm, cần gợi ý nhiều.",4.09,146,7.7,71,31,7,4.3,3.5,103,44,32,57,"Nhịp xoang đều, tần số 78 ck/phút, không rối loạn dẫn truyền.","Sóng alpha chiếm ưu thế vùng chẩm, không ghi nhận sóng kịch phát.","Nhu mô não không thấy tổn thương khu trú, hệ thống não thất không giãn.",Điện não đồ trong giới hạn bình thường.,Chỉ số vân tay trong giới hạn tham chiếu.,Vận nhãn theo dõi mục tiêu có gián đoạn nhẹ.,Chưa phát hiện đột biến có ý nghĩa lâm sàng.,Nồng độ serotonin huyết tương giảm nhẹ so với tham chiếu.,Không có xét nghiệm bổ sung.,F20.0 - Tâm thần phân liệt thể paranoid,Rối loạn phân liệt cảm xúc; Rối loạn hoang tưởng dai dẳng,Risperidone 2mg x 2 lần/ngày; Trihexyphenidyl 2mg/ngày,28,,,,,,,,,,,,,,,,,,,,,,,,,,,,,,,,,,,,,,,,,,,,,,,,,,,,,,,,,,,,,,,
BA0002,2026-06-23,Khá,Nhợt nhạt nhẹ,62,159,78,36.3,105/65,"Nhịp tim đều, T1 T2 rõ, không nghe tiếng thổi bệnh lý.","Lồng ngực cân đối, rì rào phế nang êm dịu hai bên, không rale.","Bụng mềm, không chướng, gan lách không sờ thấy, đại tiện bình thường.","Hai thận không sờ thấy, không đau vùng thắt lưng, tiểu tiện bình thường.","Không liệt khu trú, không hội chứng màng não, đồng tử hai bên đều.","Tai mũi họng, răng hàm mặt chưa phát hiện bất thường.",cooperative,natural|tense,tidy|bizarre,normal|tense,Triệu chứng thuyên giảm so với lần khám trước.,disordered,disordered,disordered,disordered,"Diễn biến ổn định, dung nạp thuốc tốt.",normal|irritable,appropriate|inappropriate|apathetic,reduced_communication,"Diễn biến ổn định, dung nạp thuốc tốt.",pseudo_auditory|commanding|other,Nghe tiếng gọi tên mình lúc nửa đêm,depersonalization|derealization|other,Cảm giác cơ thể biến dạng,Triệu chứng thuyên giảm so với lần khám trước.,neologism,persecution|other,Hoang tưởng phát minh,no,"Diễn biến ổn định, dung nạp thuốc tốt.",hyperattention,"Bệnh nhân hợp tác kém, cần người nhà hỗ trợ khai thác.",normal,decreased,decreased,anterograde|retrograde,"Bệnh nhân hợp tác kém, cần người nhà hỗ trợ khai thác.",dementia,"Diễn biến ổn định, dung nạp thuốc tốt.",normal|stereotypy|negativism,laughing_alone|wandering|poor_selfcare,late_insomnia|hypersomnia,anorexia|hyperphagia|refusal,"Diễn biến ổn định, dung nạp thuốc tốt.",4.32,110,4.2,69,26,9,5.8,6.2,90,40,48,37,"Nhịp xoang đều, tần số 78 ck/phút, không rối loạn dẫn truyền.","Sóng alpha chiếm ưu thế vùng chẩm, không ghi nhận sóng kịch phát.","Nhu mô não không thấy tổn thương khu trú, hệ thống não thất không giãn.",Điện não đồ trong giới hạn bình thường.,Chỉ số vân tay trong giới hạn tham chiếu.,Vận nhãn theo dõi mục tiêu có gián đoạn nhẹ.,Chưa phát hiện đột biến có ý nghĩa lâm sàng.,Nồng độ serotonin huyết tương giảm nhẹ so với tham chiếu.,Không có xét nghiệm bổ sung.,F20.0 - Tâm thần phân liệt thể paranoid,Rối loạn phân liệt cảm xúc; Rối loạn hoang tưởng dai dẳng,Olanzapine 10mg/ngày; Diazepam 5mg buổi tối,34,,,,,,,,,,,,,,,,,,,,,,,,,,,,,,,,,,,,,,,,,,,,,,,,,,,,,,,,,,,,,,,
BA0002,2026-05-16,Trung bình,Bình thường,47,170,96,36.4,115/75,"Nhịp tim đều, T1 T2 rõ, không nghe tiếng thổi bệnh lý.","Lồng ngực cân đối, rì rào phế nang êm dịu hai bên, không rale.","Bụng mềm, không chướng, gan lách không sờ thấy, đại tiện bình thường.","Hai thận không sờ thấy, không đau vùng thắt lưng, tiểu tiện bình thường.","Không có dấu hiệu thần kinh khu trú, phản xạ gân xương hai bên đều.","Tai mũi họng, răng hàm mặt chưa phát hiện bất thường.",limited,avoidant,tidy,normal|anxious,Triệu chứng thuyên giảm so với lần khám trước.,disordered,normal,normal,normal,"Bệnh nhân tiếp xúc được, trả lời chậm, cần gợi ý nhiều.",normal|increased|irritable,inappropriate|apathetic|labile,reduced_response,"Bệnh nhân hợp tác kém, cần người nhà hỗ trợ khai thác.",other,Nghe tiếng gọi tên mình lúc nửa đêm,depersonalization|other,Cảm giác cơ thể biến dạng,"Bệnh nhân tiếp xúc được, trả lời chậm, cần gợi ý nhiều.",normal|loose|tangential,other,Hoang tưởng phát minh,yes,"Bệnh nhân hợp tác kém, cần người nhà hỗ trợ khai thác.",hard_sustain,"Bệnh nhân tiếp xúc được, trả lời chậm, cần gợi ý nhiều.",normal,normal,decreased,none|anterograde|global,"Bệnh nhân tiếp xúc được, trả lời chậm, cần gợi ý nhiều.",normal,Triệu chứng thuyên giảm so với lần khám trước.,posturing,withdrawn|wandering|aggression,late_insomnia|total_insomnia,normal|hyperphagia,"Diễn biến ổn định, dung nạp thuốc tốt.",4.34,124,7.0,59,21,9,4.5,5.8,70,28,30,42,"Nhịp xoang đều, tần số 78 ck/phút, không rối loạn dẫn truyền.","Sóng alpha chiếm ưu thế vùng chẩm, không ghi nhận sóng kịch phát.","Nhu mô não không thấy tổn thương khu trú, hệ thống não thất không giãn.",Điện não đồ trong giới hạn bình thường.,Chỉ số vân tay trong giới hạn tham chiếu.,Vận nhãn theo dõi mục tiêu có gián đoạn nhẹ.,Chưa phát hiện đột biến có ý nghĩa lâm sàng.,Nồng độ serotonin huyết tương giảm nhẹ so với tham chiếu.,Không có xét nghiệm bổ sung.,F20.0 - Tâm thần phân liệt thể paranoid,Rối loạn phân liệt cảm xúc; Rối loạn hoang tưởng dai dẳng,Olanzapine 10mg/ngày; Diazepam 5mg buổi tối,14,,,,,,,,,,,,,,,,,,,,,,,,,,,,,,,,,,,,,,,,,,,,,,,,,,,,,,,,,,,,,,,
BA0002,2026-04-12,Suy kiệt nhẹ,Kém hồng,53,176,69,36.9,130/80,"Nhịp tim đều, T1 T2 rõ, không nghe tiếng thổi bệnh lý.","Lồng ngực cân đối, rì rào phế nang êm dịu hai bên, không rale.","Bụng mềm, không chướng, gan lách không sờ thấy, đại tiện bình thường.","Hai thận không sờ thấy, không đau vùng thắt lưng, tiểu tiện bình thường.","Không có dấu hiệu thần kinh khu trú, phản xạ gân xương hai bên đều.","Tai mũi họng, răng hàm mặt chưa phát hiện bất thường.",uncooperative,natural|indifferent|avoidant,untidy|bizarre,sad|anxious,"Bệnh nhân hợp tác kém, cần người nhà hỗ trợ khai thác.",normal,normal,normal,disordered,"Diễn biến ổn định, dung nạp thuốc tốt.",increased,appropriate|labile|unstable,reduced_response,Triệu chứng thuyên giảm so với lần khám trước.,commenting|commanding|gustatory,,other,Cảm giác cơ thể biến dạng,"Diễn biến ổn định, dung nạp thuốc tốt.",illogical|blocking|flight,persecution|bizarre|other,Hoang tưởng phát minh,no,"Diễn biến ổn định, dung nạp thuốc tốt.",normal,"Bệnh nhân hợp tác kém, cần người nhà hỗ trợ khai thác.",normal,decreased,normal,anterograde|retrograde|global,"Bệnh nhân tiếp xúc được, trả lời chậm, cần gợi ý nhiều.",retardation,"Bệnh nhân hợp tác kém, cần người nhà hỗ trợ khai thác.",negativism|posturing,laughing_alone,middle_insomnia|late_insomnia|total_insomnia,normal|anorexia|hyperphagia,"Bệnh nhân tiếp xúc được, trả lời chậm, cần gợi ý nhiều.",4.31,130,5.9,68,24,7,5.2,6.2,92,31,22,23,"Nhịp xoang đều, tần số 78 ck/phút, không rối loạn dẫn truyền.","Sóng alpha chiếm ưu thế vùng chẩm, không ghi nhận sóng kịch phát.","Nhu mô não không thấy tổn thương khu trú, hệ thống não thất không giãn.",Điện não đồ trong giới hạn bình thường.,Chỉ số vân tay trong giới hạn tham chiếu.,Vận nhãn theo dõi mục tiêu có gián đoạn nhẹ.,Chưa phát hiện đột biến có ý nghĩa lâm sàng.,Nồng độ serotonin huyết tương giảm nhẹ so với tham chiếu.,Không có xét nghiệm bổ sung.,F20.1 - Tâm thần phân liệt thể thanh xuân,Rối loạn phân liệt cảm xúc; Rối loạn hoang tưởng dai dẳng,Haloperidol 5mg/ngày; Olanzapine 5mg buổi tối,33,,,,,,,,,,,,,,,,,,,,,,,,,,,,,,,,,,,,,,,,,,,,,,,,,,,,,,,,,,,,,,,
BA0002,2026-03-05,Khá,Nhợt nhạt nhẹ,55,157,74,36.8,125/85,"Nhịp tim đều, T1 T2 rõ, không nghe tiếng thổi bệnh lý.","Lồng ngực cân đối, rì rào phế nang êm dịu hai bên, không rale.","Bụng mềm, không chướng, gan lách không sờ thấy, đại tiện bình thường.","Hai thận không sờ thấy, không đau vùng thắt lưng, tiểu tiện bình thường.","Không liệt khu trú, không hội chứng màng não, đồng tử hai bên đều.","Tai mũi họng, răng hàm mặt chưa phát hiện bất thường.",cooperative,natural|indifferent|tense,untidy|weather_inappropriate|bizarre,anxious,Triệu chứng thuyên giảm so với lần khám trước.,disordered,disordered,disordered,normal,"Diễn biến ổn định, dung nạp thuốc tốt.",decreased|increased,appropriate|blunted|labile,reduced_expression|reduced_communication|social_withdrawal,Triệu chứng thuyên giảm so với lần khám trước.,visual|gustatory,,other,Cảm giác cơ thể biến dạng,"Bệnh nhân hợp tác kém, cần người nhà hỗ trợ khai thác.",loose|irrelevant|flight,control,,yes,"Bệnh nhân tiếp xúc được, trả lời chậm, cần gợi ý nhiều.",normal|hyperattention,"Bệnh nhân hợp tác kém, cần người nhà hỗ trợ khai thác.",decreased,normal,decreased,retrograde,"Bệnh nhân hợp tác kém, cần người nhà hỗ trợ khai thác.",retardation,"Bệnh nhân tiếp xúc được, trả lời chậm, cần gợi ý nhiều.",normal|hypokinesia,talking_alone|aggression|poor_selfcare,normal|initial_insomnia,refusal,"Diễn biến ổn định, dung nạp thuốc tốt.",5.02,112,4.8,50,32,8,5.3,6.0,78,46,17,58,"Nhịp xoang đều, tần số 78 ck/phút, không rối loạn dẫn truyền.","Sóng alpha chiếm ưu thế vùng chẩm, không ghi nhận sóng kịch phát.","Nhu mô não không thấy tổn thương khu trú, hệ thống não thất không giãn.",Điện não đồ trong giới hạn bình thường.,Chỉ số vân tay trong giới hạn tham chiếu.,Vận nhãn theo dõi mục tiêu có gián đoạn nhẹ.,Chưa phát hiện đột biến có ý nghĩa lâm sàng.,Nồng độ serotonin huyết tương giảm nhẹ so với tham chiếu.,Không có xét nghiệm bổ sung.,F20.0 - Tâm thần phân liệt thể paranoid,Rối loạn phân liệt cảm xúc; Rối loạn hoang tưởng dai dẳng,Olanzapine 10mg/ngày; Diazepam 5mg buổi tối,25,,,,,,,,,,,,,,,,,,,,,,,,,,,,,,,,,,,,,,,,,,,,,,,,,,,,,,,,,,,,,,,
BA0002,2026-02-07,Trung bình,Nhợt nhạt nhẹ,66,156,63,37.3,125/85,"Nhịp tim đều, T1 T2 rõ, không nghe tiếng thổi bệnh lý.","Lồng ngực cân đối, rì rào phế nang êm dịu hai bên, không rale.","Bụng mềm, không chướng, gan lách không sờ thấy, đại tiện bình thường.","Hai thận không sờ thấy, không đau vùng thắt lưng, tiểu tiện bình thường.","Không liệt khu trú, không hội chứng màng não, đồng tử hai bên đều.","Tai mũi họng, răng hàm mặt chưa phát hiện bất thường.",cooperative,natural|indifferent|oppositional,untidy|weather_inappropriate|bizarre,tense,Triệu chứng thuyên giảm so với lần khám trước.,disordered,normal,disordered,normal,Triệu chứng thuyên giảm so với lần khám trước.,normal|increased|irritable,blunted|apathetic|unstable,reduced_response|social_withdrawal,"Bệnh nhân tiếp xúc được, trả lời chậm, cần gợi ý nhiều.",true_auditory|pseudo_auditory|conversing,,other,Cảm giác cơ thể biến dạng,Triệu chứng thuyên giảm so với lần khám trước.,tangential,bizarre,,yes,"Bệnh nhân tiếp xúc được, trả lời chậm, cần gợi ý nhiều.",hard_sustain|hyperattention,"Bệnh nhân hợp tác kém, cần người nhà hỗ trợ khai thác.",decreased,decreased,decreased,none|anterograde,Triệu chứng thuyên giảm so với lần khám trước.,dementia,"Diễn biến ổn định, dung nạp thuốc tốt.",stupor|catatonia,wandering|bizarre|poor_selfcare,initial_insomnia|late_insomnia|hypersomnia,normal|anorexia,Triệu chứng thuyên giảm so với lần khám trước.,5.09,111,5.7,70,39,9,4.7,5.9,76,27,17,14,"Nhịp xoang đều, tần số 78 ck/phút, không rối loạn dẫn truyền.","Sóng alpha chiếm ưu thế vùng chẩm, không ghi nhận sóng kịch phát.","Nhu mô não không thấy tổn thương khu trú, hệ thống não thất không giãn.",Điện não đồ trong giới hạn bình thường.,Chỉ số vân tay trong giới hạn tham chiếu.,Vận nhãn theo dõi mục tiêu có gián đoạn nhẹ.,Chưa phát hiện đột biến có ý nghĩa lâm sàng.,Nồng độ serotonin huyết tương giảm nhẹ so với tham chiếu.,Không có xét nghiệm bổ sung.,F20.1 - Tâm thần phân liệt thể thanh xuân,Rối loạn phân liệt cảm xúc; Rối loạn hoang tưởng dai dẳng,Olanzapine 10mg/ngày; Diazepam 5mg buổi tối,26,,,,,,,,,,,,,,,,,,,,,,,,,,,,,,,,,,,,,,,,,,,,,,,,,,,,,,,,,,,,,,,
BA0002,2025-12-31,Khá,Nhợt nhạt nhẹ,58,153,83,36.4,130/80,"Nhịp tim đều, T1 T2 rõ, không nghe tiếng thổi bệnh lý.","Lồng ngực cân đối, rì rào phế nang êm dịu hai bên, không rale.","Bụng mềm, không chướng, gan lách không sờ thấy, đại tiện bình thường.","Hai thận không sờ thấy, không đau vùng thắt lưng, tiểu tiện bình thường.","Không liệt khu trú, không hội chứng màng não, đồng tử hai bên đều.","Tai mũi họng, răng hàm mặt chưa phát hiện bất thường.",cooperative,natural|avoidant|oppositional,bizarre,anxious|tense,Triệu chứng thuyên giảm so với lần khám trước.,normal,disordered,normal,normal,"Bệnh nhân hợp tác kém, cần người nhà hỗ trợ khai thác.",decreased,appropriate|unstable,reduced_response|reduced_communication,"Bệnh nhân tiếp xúc được, trả lời chậm, cần gợi ý nhiều.",olfactory,,depersonalization|derealization|other,Cảm giác cơ thể biến dạng,"Bệnh nhân tiếp xúc được, trả lời chậm, cần gợi ý nhiều.",irrelevant,reference|surveillance,,yes,"Diễn biến ổn định, dung nạp thuốc tốt.",normal|distractible|hard_sustain,"Bệnh nhân hợp tác kém, cần người nhà hỗ trợ khai thác.",decreased,normal,normal,none|anterograde|retrograde,"Bệnh nhân tiếp xúc được, trả lời chậm, cần gợi ý nhiều.",retardation,"Diễn biến ổn định, dung nạp thuốc tốt.",stupor|negativism,laughing_alone|self_harm,late_insomnia|hypersomnia,hyperphagia,"Bệnh nhân hợp tác kém, cần người nhà hỗ trợ khai thác.",4.41,144,5.3,54,21,5,4.3,4.6,80,20,43,55,"Nhịp xoang đều, tần số 78 ck/phút, không rối loạn dẫn truyền.","Sóng alpha chiếm ưu thế vùng chẩm, không ghi nhận sóng kịch phát.","Nhu mô não không thấy tổn thương khu trú, hệ thống não thất không giãn.",Điện não đồ trong giới hạn bình thường.,Chỉ số vân tay trong giới hạn tham chiếu.,Vận nhãn theo dõi mục tiêu có gián đoạn nhẹ.,Chưa phát hiện đột biến có ý nghĩa lâm sàng.,Nồng độ serotonin huyết tương giảm nhẹ so với tham chiếu.,Không có xét nghiệm bổ sung.,F20.1 - Tâm thần phân liệt thể thanh xuân,Rối loạn phân liệt cảm xúc; Rối loạn hoang tưởng dai dẳng,Olanzapine 10mg/ngày; Diazepam 5mg buổi tối,7,,,,,,,,,,,,,,,,,,,,,,,,,,,,,,,,,,,,,,,,,,,,,,,,,,,,,,,,,,,,,,,
BA0002,2025-11-19,Trung bình,Nhợt nhạt nhẹ,64,155,87,37.4,105/65,"Nhịp tim đều, T1 T2 rõ, không nghe tiếng thổi bệnh lý.","Lồng ngực cân đối, rì rào phế nang êm dịu hai bên, không rale.","Bụng mềm, không chướng, gan lách không sờ thấy, đại tiện bình thường.","Hai thận không sờ thấy, không đau vùng thắt lưng, tiểu tiện bình thường.","Không liệt khu trú, không hội chứng màng não, đồng tử hai bên đều.","Tai mũi họng, răng hàm mặt chưa phát hiện bất thường.",limited,avoidant,bizarre,normal|apathetic,"Diễn biến ổn định, dung nạp thuốc tốt.",disordered,normal,disordered,disordered,Triệu chứng thuyên giảm so với lần khám trước.,normal|decreased|increased,appropriate|inappropriate|apathetic,reduced_expression|social_withdrawal,"Bệnh nhân hợp tác kém, cần người nhà hỗ trợ khai thác.",pseudo_auditory,,derealization,,"Bệnh nhân hợp tác kém, cần người nhà hỗ trợ khai thác.",normal,persecution,,yes,Triệu chứng thuyên giảm so với lần khám trước.,poor_concentration,Triệu chứng thuyên giảm so với lần khám trước.,normal,normal,normal,anterograde|retrograde|global,"Bệnh nhân hợp tác kém, cần người nhà hỗ trợ khai thác.",normal,Triệu chứng thuyên giảm so với lần khám trước.,stupor|stereotypy,withdrawn,initial_insomnia|total_insomnia,normal|hyperphagia,Triệu chứng thuyên giảm so với lần khám trước.,4.47,115,10.2,51,26,4,6.4,4.9,96,26,45,17,"Nhịp xoang đều, tần số 78 ck/phút, không rối loạn dẫn truyền.","Sóng alpha chiếm ưu thế vùng chẩm, không ghi nhận sóng kịch phát.","Nhu mô não không thấy tổn thương khu trú, hệ thống não thất không giãn.",Điện não đồ trong giới hạn bình thường.,Chỉ số vân tay trong giới hạn tham chiếu.,Vận nhãn theo dõi mục tiêu có gián đoạn nhẹ.,Chưa phát hiện đột biến có ý nghĩa lâm sàng.,Nồng độ serotonin huyết tương giảm nhẹ so với tham chiếu.,Không có xét nghiệm bổ sung.,F20.0 - Tâm thần phân liệt thể paranoid,Rối loạn phân liệt cảm xúc; Rối loạn hoang tưởng dai dẳng,Olanzapine 10mg/ngày; Diazepam 5mg buổi tối,16,,,,,,,,,,,,,,,,,,,,,,,,,,,,,,,,,,,,,,,,,,,,,,,,,,,,,,,,,,,,,,,
BA0002,2025-10-06,Trung bình,Nhợt nhạt nhẹ,73,153,81,36.3,125/85,"Nhịp tim đều, T1 T2 rõ, không nghe tiếng thổi bệnh lý.","Lồng ngực cân đối, rì rào phế nang êm dịu hai bên, không rale.","Bụng mềm, không chướng, gan lách không sờ thấy, đại tiện bình thường.","Hai thận không sờ thấy, không đau vùng thắt lưng, tiểu tiện bình thường.","Không liệt khu trú, không hội chứng màng não, đồng tử hai bên đều.","Tai mũi họng, răng hàm mặt chưa phát hiện bất thường.",uncooperative,natural,untidy|weather_inappropriate|bizarre,tense,"Bệnh nhân hợp tác kém, cần người nhà hỗ trợ khai thác.",disordered,normal,normal,normal,"Bệnh nhân tiếp xúc được, trả lời chậm, cần gợi ý nhiều.",increased,appropriate|apathetic|unstable,reduced_response,"Diễn biến ổn định, dung nạp thuốc tốt.",commenting|gustatory,,depersonalization,,"Bệnh nhân tiếp xúc được, trả lời chậm, cần gợi ý nhiều.",illogical,other,Hoang tưởng phát minh,yes,"Bệnh nhân hợp tác kém, cần người nhà hỗ trợ khai thác.",normal|distractible|hard_sustain,"Bệnh nhân hợp tác kém, cần người nhà hỗ trợ khai thác.",normal,decreased,decreased,anterograde|global,"Bệnh nhân tiếp xúc được, trả lời chậm, cần gợi ý nhiều.",normal,Triệu chứng thuyên giảm so với lần khám trước.,hypokinesia|stupor|catatonia,talking_alone,initial_insomnia|middle_insomnia,normal|hyperphagia,Triệu chứng thuyên giảm so với lần khám trước.,4.59,154,8.8,57,32,8,5.6,5.5,66,38,42,29,"Nhịp xoang đều, tần số 78 ck/phút, không rối loạn dẫn truyền.","Sóng alpha chiếm ưu thế vùng chẩm, không ghi nhận sóng kịch phát.","Nhu mô não không thấy tổn thương khu trú, hệ thống não thất không giãn.",Điện não đồ trong giới hạn bình thường.,Chỉ số vân tay trong giới hạn tham chiếu.,Vận nhãn theo dõi mục tiêu có gián đoạn nhẹ.,Chưa phát hiện đột biến có ý nghĩa lâm sàng.,Nồng độ serotonin huyết tương giảm nhẹ so với tham chiếu.,Không có xét nghiệm bổ sung.,F20.0 - Tâm thần phân liệt thể paranoid,Rối loạn phân liệt cảm xúc; Rối loạn hoang tưởng dai dẳng,Olanzapine 10mg/ngày; Diazepam 5mg buổi tối,24,,,,,,,,,,,,,,,,,,,,,,,,,,,,,,,,,,,,,,,,,,,,,,,,,,,,,,,,,,,,,,,
BA0002,2025-08-26,Trung bình,Kém hồng,64,160,75,36.5,130/80,"Nhịp tim đều, T1 T2 rõ, không nghe tiếng thổi bệnh lý.","Lồng ngực cân đối, rì rào phế nang êm dịu hai bên, không rale.","Bụng mềm, không chướng, gan lách không sờ thấy, đại tiện bình thường.","Hai thận không sờ thấy, không đau vùng thắt lưng, tiểu tiện bình thường.","Không có dấu hiệu thần kinh khu trú, phản xạ gân xương hai bên đều.","Tai mũi họng, răng hàm mặt chưa phát hiện bất thường.",cooperative,indifferent|tense|oppositional,tidy,normal|tense,"Diễn biến ổn định, dung nạp thuốc tốt.",normal,disordered,normal,disordered,"Bệnh nhân hợp tác kém, cần người nhà hỗ trợ khai thác.",normal|decreased|increased,appropriate|inappropriate,reduced_response,Triệu chứng thuyên giảm so với lần khám trước.,none|true_auditory,,depersonalization|derealization|other,Cảm giác cơ thể biến dạng,"Bệnh nhân hợp tác kém, cần người nhà hỗ trợ khai thác.",normal,persecution|bizarre,,no,Triệu chứng thuyên giảm so với lần khám trước.,poor_concentration|distractible,Triệu chứng thuyên giảm so với lần khám trước.,decreased,normal,decreased,anterograde,"Bệnh nhân hợp tác kém, cần người nhà hỗ trợ khai thác.",retardation,"Bệnh nhân tiếp xúc được, trả lời chậm, cần gợi ý nhiều.",posturing,withdrawn|aggression,middle_insomnia,refusal,Triệu chứng thuyên giảm so với lần khám trước.,4.23,122,4.5,47,20,7,5.7,5.8,80,36,35,18,"Nhịp xoang đều, tần số 78 ck/phút, không rối loạn dẫn truyền.","Sóng alpha chiếm ưu thế vùng chẩm, không ghi nhận sóng kịch phát.","Nhu mô não không thấy tổn thương khu trú, hệ thống não thất không giãn.",Điện não đồ trong giới hạn bình thường.,Chỉ số vân tay trong giới hạn tham chiếu.,Vận nhãn theo dõi mục tiêu có gián đoạn nhẹ.,Chưa phát hiện đột biến có ý nghĩa lâm sàng.,Nồng độ serotonin huyết tương giảm nhẹ so với tham chiếu.,Không có xét nghiệm bổ sung.,F20.3 - Tâm thần phân liệt thể không biệt định,Rối loạn phân liệt cảm xúc; Rối loạn hoang tưởng dai dẳng,Risperidone 2mg x 2 lần/ngày; Trihexyphenidyl 2mg/ngày,23,,,,,,,,,,,,,,,,,,,,,,,,,,,,,,,,,,,,,,,,,,,,,,,,,,,,,,,,,,,,,,,
BA0002,2025-08-03,Suy kiệt nhẹ,Bình thường,76,179,90,37.4,120/80,"Nhịp tim đều, T1 T2 rõ, không nghe tiếng thổi bệnh lý.","Lồng ngực cân đối, rì rào phế nang êm dịu hai bên, không rale.","Bụng mềm, không chướng, gan lách không sờ thấy, đại tiện bình thường.","Hai thận không sờ thấy, không đau vùng thắt lưng, tiểu tiện bình thường.","Không liệt khu trú, không hội chứng màng não, đồng tử hai bên đều.","Tai mũi họng, răng hàm mặt chưa phát hiện bất thường.",limited,indifferent|tense,tidy|untidy|weather_inappropriate,anxious|apathetic,"Diễn biến ổn định, dung nạp thuốc tốt.",disordered,normal,normal,normal,"Bệnh nhân hợp tác kém, cần người nhà hỗ trợ khai thác.",normal|decreased|irritable,blunted|apathetic|unstable,reduced_response|social_withdrawal,"Bệnh nhân hợp tác kém, cần người nhà hỗ trợ khai thác.",conversing|commanding|tactile,,depersonalization|other,Cảm giác cơ thể biến dạng,Triệu chứng thuyên giảm so với lần khám trước.,irrelevant|illogical|flight,persecution,,yes,"Bệnh nhân hợp tác kém, cần người nhà hỗ trợ khai thác.",normal|poor_concentration|hard_sustain,"Diễn biến ổn định, dung nạp thuốc tốt.",decreased,decreased,normal,none|anterograde|retrograde,"Bệnh nhân hợp tác kém, cần người nhà hỗ trợ khai thác.",normal,"Bệnh nhân tiếp xúc được, trả lời chậm, cần gợi ý nhiều.",normal|negativism,talking_alone|suicide,initial_insomnia|hypersomnia,anorexia,"Diễn biến ổn định, dung nạp thuốc tốt.",5.08,149,7.2,66,38,3,4.8,7.2,90,37,41,39,"Nhịp xoang đều, tần số 78 ck/phút, không rối loạn dẫn truyền.","Sóng alpha chiếm ưu thế vùng chẩm, không ghi nhận sóng kịch phát.","Nhu mô não không thấy tổn thương khu trú, hệ thống não thất không giãn.",Điện não đồ trong giới hạn bình thường.,Chỉ số vân tay trong giới hạn tham chiếu.,Vận nhãn theo dõi mục tiêu có gián đoạn nhẹ.,Chưa phát hiện đột biến có ý nghĩa lâm sàng.,Nồng độ serotonin huyết tương giảm nhẹ so với tham chiếu.,Không có xét nghiệm bổ sung.,F20.1 - Tâm thần phân liệt thể thanh xuân,Rối loạn phân liệt cảm xúc; Rối loạn hoang tưởng dai dẳng,Olanzapine 10mg/ngày; Diazepam 5mg buổi tối,8,,,,,,,,,,,,,,,,,,,,,,,,,,,,,,,,,,,,,,,,,,,,,,,,,,,,,,,,,,,,,,,
BA0003,2026-07-01,Khá,Kém hồng,76,163,62,36.8,130/80,"Nhịp tim đều, T1 T2 rõ, không nghe tiếng thổi bệnh lý.","Lồng ngực cân đối, rì rào phế nang êm dịu hai bên, không rale.","Bụng mềm, không chướng, gan lách không sờ thấy, đại tiện bình thường.","Hai thận không sờ thấy, không đau vùng thắt lưng, tiểu tiện bình thường.","Không có dấu hiệu thần kinh khu trú, phản xạ gân xương hai bên đều.","Tai mũi họng, răng hàm mặt chưa phát hiện bất thường.",limited,natural|indifferent,weather_inappropriate,normal|anxious,"Bệnh nhân hợp tác kém, cần người nhà hỗ trợ khai thác.",normal,normal,normal,disordered,"Bệnh nhân hợp tác kém, cần người nhà hỗ trợ khai thác.",irritable,appropriate|apathetic|labile,reduced_response,"Bệnh nhân hợp tác kém, cần người nhà hỗ trợ khai thác.",none|visual|olfactory,,other,Cảm giác cơ thể biến dạng,"Bệnh nhân tiếp xúc được, trả lời chậm, cần gợi ý nhiều.",circumstantial,reference|control|bizarre,,no,Triệu chứng thuyên giảm so với lần khám trước.,hard_sustain,"Bệnh nhân hợp tác kém, cần người nhà hỗ trợ khai thác.",decreased,decreased,normal,retrograde|global,"Bệnh nhân tiếp xúc được, trả lời chậm, cần gợi ý nhiều.",retardation,"Bệnh nhân hợp tác kém, cần người nhà hỗ trợ khai thác.",agitation,suicide,normal|initial_insomnia|late_insomnia,normal|anorexia|refusal,"Bệnh nhân tiếp xúc được, trả lời chậm, cần gợi ý nhiều.",4.78,127,9.2,53,37,8,4.4,4.8,99,29,35,46,"Nhịp xoang đều, tần số 78 ck/phút, không rối loạn dẫn truyền.","Sóng alpha chiếm ưu thế vùng chẩm, không ghi nhận sóng kịch phát.","Nhu mô não không thấy tổn thương khu trú, hệ thống não thất không giãn.",Điện não đồ trong giới hạn bình thường.,Chỉ số vân tay trong giới hạn tham chiếu.,Vận nhãn theo dõi mục tiêu có gián đoạn nhẹ.,Chưa phát hiện đột biến có ý nghĩa lâm sàng.,Nồng độ serotonin huyết tương giảm nhẹ so với tham chiếu.,Không có xét nghiệm bổ sung.,F20.0 - Tâm thần phân liệt thể paranoid,Rối loạn phân liệt cảm xúc; Rối loạn hoang tưởng dai dẳng,Olanzapine 10mg/ngày; Diazepam 5mg buổi tối,27,,,,,,,,,,,,,,,,,,,,,,,,,,,,,,,,,,,,,,,,,,,,,,,,,,,,,,,,,,,,,,,
BA0003,2026-05-25,Khá,Nhợt nhạt nhẹ,48,165,84,37.1,125/85,"Nhịp tim đều, T1 T2 rõ, không nghe tiếng thổi bệnh lý.","Lồng ngực cân đối, rì rào phế nang êm dịu hai bên, không rale.","Bụng mềm, không chướng, gan lách không sờ thấy, đại tiện bình thường.","Hai thận không sờ thấy, không đau vùng thắt lưng, tiểu tiện bình thường.","Không có dấu hiệu thần kinh khu trú, phản xạ gân xương hai bên đều.","Tai mũi họng, răng hàm mặt chưa phát hiện bất thường.",limited,tense|oppositional,untidy|weather_inappropriate|bizarre,normal|tense|apathetic,Triệu chứng thuyên giảm so với lần khám trước.,normal,normal,normal,disordered,Triệu chứng thuyên giảm so với lần khám trước.,normal,unstable,social_withdrawal,"Bệnh nhân hợp tác kém, cần người nhà hỗ trợ khai thác.",pseudo_auditory,,depersonalization|derealization,,"Bệnh nhân tiếp xúc được, trả lời chậm, cần gợi ý nhiều.",circumstantial|flight,reference|bizarre,,yes,"Bệnh nhân tiếp xúc được, trả lời chậm, cần gợi ý nhiều.",normal,"Bệnh nhân tiếp xúc được, trả lời chậm, cần gợi ý nhiều.",decreased,decreased,normal,none|anterograde|global,"Bệnh nhân tiếp xúc được, trả lời chậm, cần gợi ý nhiều.",normal,"Diễn biến ổn định, dung nạp thuốc tốt.",normal|negativism|posturing,withdrawn|aggression|suicide,late_insomnia|total_insomnia|hypersomnia,normal|hyperphagia,"Bệnh nhân hợp tác kém, cần người nhà hỗ trợ khai thác.",4.03,148,5.4,68,30,6,4.3,6.3,60,31,23,48,"Nhịp xoang đều, tần số 78 ck/phút, không rối loạn dẫn truyền.","Sóng alpha chiếm ưu thế vùng chẩm, không ghi nhận sóng kịch phát.","Nhu mô não không thấy tổn thương khu trú, hệ thống não thất không giãn.",Điện não đồ trong giới hạn bình thường.,Chỉ số vân tay trong giới hạn tham chiếu.,Vận nhãn theo dõi mục tiêu có gián đoạn nhẹ.,Chưa phát hiện đột biến có ý nghĩa lâm sàng.,Nồng độ serotonin huyết tương giảm nhẹ so với tham chiếu.,Không có xét nghiệm bổ sung.,F20.1 - Tâm thần phân liệt thể thanh xuân,Rối loạn phân liệt cảm xúc; Rối loạn hoang tưởng dai dẳng,Haloperidol 5mg/ngày; Olanzapine 5mg buổi tối,24,,,,,,,,,,,,,,,,,,,,,,,,,,,,,,,,,,,,,,,,,,,,,,,,,,,,,,,,,,,,,,,
BA0003,2026-04-18,Gầy,Hồng hào,47,178,64,36.6,115/75,"Nhịp tim đều, T1 T2 rõ, không nghe tiếng thổi bệnh lý.","Lồng ngực cân đối, rì rào phế nang êm dịu hai bên, không rale.","Bụng mềm, không chướng, gan lách không sờ thấy, đại tiện bình thường.","Hai thận không sờ thấy, không đau vùng thắt lưng, tiểu tiện bình thường.","Không có dấu hiệu thần kinh khu trú, phản xạ gân xương hai bên đều.","Tai mũi họng, răng hàm mặt chưa phát hiện bất thường.",uncooperative,natural|indifferent|oppositional,untidy|weather_inappropriate,normal|sad|apathetic,Triệu chứng thuyên giảm so với lần khám trước.,disordered,disordered,normal,disordered,"Bệnh nhân hợp tác kém, cần người nhà hỗ trợ khai thác.",normal|decreased|irritable,labile,reduced_expression,"Diễn biến ổn định, dung nạp thuốc tốt.",conversing|commanding,,derealization,,"Bệnh nhân tiếp xúc được, trả lời chậm, cần gợi ý nhiều.",normal|loose|blocking,reference|bizarre|other,Hoang tưởng phát minh,no,"Bệnh nhân hợp tác kém, cần người nhà hỗ trợ khai thác.",hard_sustain|hyperattention,"Bệnh nhân tiếp xúc được, trả lời chậm, cần gợi ý nhiều.",normal,normal,decreased,none|anterograde|retrograde,"Bệnh nhân tiếp xúc được, trả lời chậm, cần gợi ý nhiều.",retardation,"Diễn biến ổn định, dung nạp thuốc tốt.",negativism,talking_alone|self_harm,normal|hypersomnia,normal|anorexia|refusal,"Diễn biến ổn định, dung nạp thuốc tốt.",5.4,132,6.1,55,29,9,5.9,4.1,89,38,46,44,"Nhịp xoang đều, tần số 78 ck/phút, không rối loạn dẫn truyền.","Sóng alpha chiếm ưu thế vùng chẩm, không ghi nhận sóng kịch phát.","Nhu mô não không thấy tổn thương khu trú, hệ thống não thất không giãn.",Điện não đồ trong giới hạn bình thường.,Chỉ số vân tay trong giới hạn tham chiếu.,Vận nhãn theo dõi mục tiêu có gián đoạn nhẹ.,Chưa phát hiện đột biến có ý nghĩa lâm sàng.,Nồng độ serotonin huyết tương giảm nhẹ so với tham chiếu.,Không có xét nghiệm bổ sung.,F20.0 - Tâm thần phân liệt thể paranoid,Rối loạn phân liệt cảm xúc; Rối loạn hoang tưởng dai dẳng,Olanzapine 10mg/ngày; Diazepam 5mg buổi tối,18,,,,,,,,,,,,,,,,,,,,,,,,,,,,,,,,,,,,,,,,,,,,,,,,,,,,,,,,,,,,,,,
BA0003,2026-03-24,Trung bình,Kém hồng,68,163,78,36.4,120/80,"Nhịp tim đều, T1 T2 rõ, không nghe tiếng thổi bệnh lý.","Lồng ngực cân đối, rì rào phế nang êm dịu hai bên, không rale.","Bụng mềm, không chướng, gan lách không sờ thấy, đại tiện bình thường.","Hai thận không sờ thấy, không đau vùng thắt lưng, tiểu tiện bình thường.","Không liệt khu trú, không hội chứng màng não, đồng tử hai bên đều.","Tai mũi họng, răng hàm mặt chưa phát hiện bất thường.",cooperative,natural|avoidant|tense,tidy|weather_inappropriate|bizarre,normal|anxious|tense,"Diễn biến ổn định, dung nạp thuốc tốt.",disordered,disordered,disordered,disordered,"Bệnh nhân tiếp xúc được, trả lời chậm, cần gợi ý nhiều.",normal|increased,labile,reduced_expression|reduced_response|reduced_communication,"Diễn biến ổn định, dung nạp thuốc tốt.",pseudo_auditory|commenting,,depersonalization|derealization|other,Cảm giác cơ thể biến dạng,Triệu chứng thuyên giảm so với lần khám trước.,normal|irrelevant|tangential,reference|control,,no,"Bệnh nhân tiếp xúc được, trả lời chậm, cần gợi ý nhiều.",normal|poor_concentration|distractible,"Diễn biến ổn định, dung nạp thuốc tốt.",normal,normal,normal,none|anterograde,"Bệnh nhân tiếp xúc được, trả lời chậm, cần gợi ý nhiều.",dementia,"Diễn biến ổn định, dung nạp thuốc tốt.",normal|agitation,withdrawn|aggression|destructive,normal,hyperphagia,"Bệnh nhân hợp tác kém, cần người nhà hỗ trợ khai thác.",5.11,157,7.6,57,33,5,5.2,5.5,85,44,33,45,"Nhịp xoang đều, tần số 78 ck/phút, không rối loạn dẫn truyền.","Sóng alpha chiếm ưu thế vùng chẩm, không ghi nhận sóng kịch phát.","Nhu mô não không thấy tổn thương khu trú, hệ thống não thất không giãn.",Điện não đồ trong giới hạn bình thường.,Chỉ số vân tay trong giới hạn tham chiếu.,Vận nhãn theo dõi mục tiêu có gián đoạn nhẹ.,Chưa phát hiện đột biến có ý nghĩa lâm sàng.,Nồng độ serotonin huyết tương giảm nhẹ so với tham chiếu.,Không có xét nghiệm bổ sung.,F20.3 - Tâm thần phân liệt thể không biệt định,Rối loạn phân liệt cảm xúc; Rối loạn hoang tưởng dai dẳng,Haloperidol 5mg/ngày; Olanzapine 5mg buổi tối,9,,,,,,,,,,,,,,,,,,,,,,,,,,,,,,,,,,,,,,,,,,,,,,,,,,,,,,,,,,,,,,,
BA0003,2026-02-09,Suy kiệt nhẹ,Bình thường,69,166,79,36.4,120/80,"Nhịp tim đều, T1 T2 rõ, không nghe tiếng thổi bệnh lý.","Lồng ngực cân đối, rì rào phế nang êm dịu hai bên, không rale.","Bụng mềm, không chướng, gan lách không sờ thấy, đại tiện bình thường.","Hai thận không sờ thấy, không đau vùng thắt lưng, tiểu tiện bình thường.","Không liệt khu trú, không hội chứng màng não, đồng tử hai bên đều.","Tai mũi họng, răng hàm mặt chưa phát hiện bất thường.",limited,tense|oppositional,tidy|weather_inappropriate|bizarre,normal,"Diễn biến ổn định, dung nạp thuốc tốt.",normal,disordered,disordered,disordered,"Bệnh nhân hợp tác kém, cần người nhà hỗ trợ khai thác.",normal|decreased,appropriate|blunted,reduced_expression|reduced_response|social_withdrawal,"Bệnh nhân tiếp xúc được, trả lời chậm, cần gợi ý nhiều.",commenting|commanding|tactile,,depersonalization|derealization,,"Bệnh nhân hợp tác kém, cần người nhà hỗ trợ khai thác.",loose|illogical,persecution|bizarre,,yes,"Bệnh nhân hợp tác kém, cần người nhà hỗ trợ khai thác.",normal|hard_sustain|hyperattention,Triệu chứng thuyên giảm so với lần khám trước.,decreased,normal,decreased,global,Triệu chứng thuyên giảm so với lần khám trước.,normal,"Bệnh nhân tiếp xúc được, trả lời chậm, cần gợi ý nhiều.",hypokinesia,laughing_alone|talking_alone|aggression,middle_insomnia,refusal,"Diễn biến ổn định, dung nạp thuốc tốt.",4.94,130,5.4,46,23,4,4.4,6.8,87,31,17,57,"Nhịp xoang đều, tần số 78 ck/phút, không rối loạn dẫn truyền.","Sóng alpha chiếm ưu thế vùng chẩm, không ghi nhận sóng kịch phát.","Nhu mô não không thấy tổn thương khu trú, hệ thống não thất không giãn.",Điện não đồ trong giới hạn bình thường.,Chỉ số vân tay trong giới hạn tham chiếu.,Vận nhãn theo dõi mục tiêu có gián đoạn nhẹ.,Chưa phát hiện đột biến có ý nghĩa lâm sàng.,Nồng độ serotonin huyết tương giảm nhẹ so với tham chiếu.,Không có xét nghiệm bổ sung.,F20.1 - Tâm thần phân liệt thể thanh xuân,Rối loạn phân liệt cảm xúc; Rối loạn hoang tưởng dai dẳng,Risperidone 2mg x 2 lần/ngày; Trihexyphenidyl 2mg/ngày,17,,,,,,,,,,,,,,,,,,,,,,,,,,,,,,,,,,,,,,,,,,,,,,,,,,,,,,,,,,,,,,,
BA0003,2026-01-17,Suy kiệt nhẹ,Hồng hào,65,160,87,36.7,115/75,"Nhịp tim đều, T1 T2 rõ, không nghe tiếng thổi bệnh lý.","Lồng ngực cân đối, rì rào phế nang êm dịu hai bên, không rale.","Bụng mềm, không chướng, gan lách không sờ thấy, đại tiện bình thường.","Hai thận không sờ thấy, không đau vùng thắt lưng, tiểu tiện bình thường.","Không có dấu hiệu thần kinh khu trú, phản xạ gân xương hai bên đều.","Tai mũi họng, răng hàm mặt chưa phát hiện bất thường.",limited,avoidant,tidy|bizarre,sad,"Bệnh nhân hợp tác kém, cần người nhà hỗ trợ khai thác.",disordered,disordered,disordered,disordered,"Bệnh nhân hợp tác kém, cần người nhà hỗ trợ khai thác.",normal|decreased|increased,labile,reduced_expression|reduced_response|social_withdrawal,Triệu chứng thuyên giảm so với lần khám trước.,pseudo_auditory|visual|other,Nghe tiếng gọi tên mình lúc nửa đêm,depersonalization|derealization|other,Cảm giác cơ thể biến dạng,"Diễn biến ổn định, dung nạp thuốc tốt.",normal|irrelevant,persecution|bizarre,,no,Triệu chứng thuyên giảm so với lần khám trước.,hard_sustain,"Diễn biến ổn định, dung nạp thuốc tốt.",normal,normal,normal,none,"Diễn biến ổn định, dung nạp thuốc tốt.",normal,Triệu chứng thuyên giảm so với lần khám trước.,posturing,laughing_alone|withdrawn|self_harm,initial_insomnia|middle_insomnia|hypersomnia,anorexia|hyperphagia|refusal,Triệu chứng thuyên giảm so với lần khám trước.,4.76,129,6.7,45,22,6,4.5,3.5,64,42,28,29,"Nhịp xoang đều, tần số 78 ck/phút, không rối loạn dẫn truyền.","Sóng alpha chiếm ưu thế vùng chẩm, không ghi nhận sóng kịch phát.","Nhu mô não không thấy tổn thương khu trú, hệ thống não thất không giãn.",Điện não đồ trong giới hạn bình thường.,Chỉ số vân tay trong giới hạn tham chiếu.,Vận nhãn theo dõi mục tiêu có gián đoạn nhẹ.,Chưa phát hiện đột biến có ý nghĩa lâm sàng.,Nồng độ serotonin huyết tương giảm nhẹ so với tham chiếu.,Không có xét nghiệm bổ sung.,F20.0 - Tâm thần phân liệt thể paranoid,Rối loạn phân liệt cảm xúc; Rối loạn hoang tưởng dai dẳng,Risperidone 2mg x 2 lần/ngày; Trihexyphenidyl 2mg/ngày,25,,,,,,,,,,,,,,,,,,,,,,,,,,,,,,,,,,,,,,,,,,,,,,,,,,,,,,,,,,,,,,,
BA0003,2025-12-17,Trung bình,Nhợt nhạt nhẹ,45,153,86,36.4,110/70,"Nhịp tim đều, T1 T2 rõ, không nghe tiếng thổi bệnh lý.","Lồng ngực cân đối, rì rào phế nang êm dịu hai bên, không rale.","Bụng mềm, không chướng, gan lách không sờ thấy, đại tiện bình thường.","Hai thận không sờ thấy, không đau vùng thắt lưng, tiểu tiện bình thường.","Không có dấu hiệu thần kinh khu trú, phản xạ gân xương hai bên đều.","Tai mũi họng, răng hàm mặt chưa phát hiện bất thường.",limited,natural|indifferent,tidy|weather_inappropriate,normal,Triệu chứng thuyên giảm so với lần khám trước.,normal,disordered,normal,disordered,Triệu chứng thuyên giảm so với lần khám trước.,normal|decreased,inappropriate|unstable,reduced_expression|reduced_communication|social_withdrawal,"Diễn biến ổn định, dung nạp thuốc tốt.",conversing|olfactory,,derealization|other,Cảm giác cơ thể biến dạng,Triệu chứng thuyên giảm so với lần khám trước.,loose|illogical|circumstantial,persecution,,yes,"Bệnh nhân tiếp xúc được, trả lời chậm, cần gợi ý nhiều.",poor_concentration|hard_sustain,"Diễn biến ổn định, dung nạp thuốc tốt.",decreased,decreased,normal,none|anterograde|retrograde,"Diễn biến ổn định, dung nạp thuốc tốt.",dementia,"Bệnh nhân tiếp xúc được, trả lời chậm, cần gợi ý nhiều.",catatonia,talking_alone,normal|late_insomnia,normal|refusal,"Bệnh nhân tiếp xúc được, trả lời chậm, cần gợi ý nhiều.",3.93,140,8.7,68,20,5,4.4,5.3,92,23,21,43,"Nhịp xoang đều, tần số 78 ck/phút, không rối loạn dẫn truyền.","Sóng alpha chiếm ưu thế vùng chẩm, không ghi nhận sóng kịch phát.","Nhu mô não không thấy tổn thương khu trú, hệ thống não thất không giãn.",Điện não đồ trong giới hạn bình thường.,Chỉ số vân tay trong giới hạn tham chiếu.,Vận nhãn theo dõi mục tiêu có gián đoạn nhẹ.,Chưa phát hiện đột biến có ý nghĩa lâm sàng.,Nồng độ serotonin huyết tương giảm nhẹ so với tham chiếu.,Không có xét nghiệm bổ sung.,F20.1 - Tâm thần phân liệt thể thanh xuân,Rối loạn phân liệt cảm xúc; Rối loạn hoang tưởng dai dẳng,Haloperidol 5mg/ngày; Olanzapine 5mg buổi tối,23,,,,,,,,,,,,,,,,,,,,,,,,,,,,,,,,,,,,,,,,,,,,,,,,,,,,,,,,,,,,,,,
BA0003,2025-11-12,Trung bình,Kém hồng,73,153,78,36.2,115/75,"Nhịp tim đều, T1 T2 rõ, không nghe tiếng thổi bệnh lý.","Lồng ngực cân đối, rì rào phế nang êm dịu hai bên, không rale.","Bụng mềm, không chướng, gan lách không sờ thấy, đại tiện bình thường.","Hai thận không sờ thấy, không đau vùng thắt lưng, tiểu tiện bình thường.","Không liệt khu trú, không hội chứng màng não, đồng tử hai bên đều.","Tai mũi họng, răng hàm mặt chưa phát hiện bất thường.",limited,oppositional,untidy|weather_inappropriate,normal|anxious|tense,"Bệnh nhân hợp tác kém, cần người nhà hỗ trợ khai thác.",disordered,normal,disordered,normal,"Diễn biến ổn định, dung nạp thuốc tốt.",normal|decreased|increased,inappropriate|apathetic|labile,reduced_communication,Triệu chứng thuyên giảm so với lần khám trước.,olfactory|other,Nghe tiếng gọi tên mình lúc nửa đêm,depersonalization|derealization|other,Cảm giác cơ thể biến dạng,Triệu chứng thuyên giảm so với lần khám trước.,circumstantial|flight,reference|bizarre,,yes,"Diễn biến ổn định, dung nạp thuốc tốt.",poor_concentration|distractible,Triệu chứng thuyên giảm so với lần khám trước.,normal,decreased,decreased,none|retrograde|global,Triệu chứng thuyên giảm so với lần khám trước.,normal,"Bệnh nhân hợp tác kém, cần người nhà hỗ trợ khai thác.",stereotypy,wandering|destructive|self_harm,initial_insomnia|middle_insomnia|total_insomnia,anorexia|hyperphagia|refusal,"Diễn biến ổn định, dung nạp thuốc tốt.",5.12,143,4.9,50,22,7,4.7,7.1,104,22,44,23,"Nhịp xoang đều, tần số 78 ck/phút, không rối loạn dẫn truyền.","Sóng alpha chiếm ưu thế vùng chẩm, không ghi nhận sóng kịch phát.","Nhu mô não không thấy tổn thương khu trú, hệ thống não thất không giãn.",Điện não đồ trong giới hạn bình thường.,Chỉ số vân tay trong giới hạn tham chiếu.,Vận nhãn theo dõi mục tiêu có gián đoạn nhẹ.,Chưa phát hiện đột biến có ý nghĩa lâm sàng.,Nồng độ serotonin huyết tương giảm nhẹ so với tham chiếu.,Không có xét nghiệm bổ sung.,F20.1 - Tâm thần phân liệt thể thanh xuân,Rối loạn phân liệt cảm xúc; Rối loạn hoang tưởng dai dẳng,Risperidone 2mg x 2 lần/ngày; Trihexyphenidyl 2mg/ngày,18,,,,,,,,,,,,,,,,,,,,,,,,,,,,,,,,,,,,,,,,,,,,,,,,,,,,,,,,,,,,,,,
BA0003,2025-10-08,Gầy,Kém hồng,63,155,84,36.3,125/85,"Nhịp tim đều, T1 T2 rõ, không nghe tiếng thổi bệnh lý.","Lồng ngực cân đối, rì rào phế nang êm dịu hai bên, không rale.","Bụng mềm, không chướng, gan lách không sờ thấy, đại tiện bình thường.","Hai thận không sờ thấy, không đau vùng thắt lưng, tiểu tiện bình thường.","Không liệt khu trú, không hội chứng màng não, đồng tử hai bên đều.","Tai mũi họng, răng hàm mặt chưa phát hiện bất thường.",uncooperative,natural|indifferent,tidy|bizarre,apathetic,Triệu chứng thuyên giảm so với lần khám trước.,disordered,disordered,disordered,normal,"Diễn biến ổn định, dung nạp thuốc tốt.",normal,appropriate,reduced_expression,Triệu chứng thuyên giảm so với lần khám trước.,gustatory,,depersonalization,,"Bệnh nhân tiếp xúc được, trả lời chậm, cần gợi ý nhiều.",normal|illogical,control,,no,"Diễn biến ổn định, dung nạp thuốc tốt.",normal|hard_sustain,"Bệnh nhân tiếp xúc được, trả lời chậm, cần gợi ý nhiều.",decreased,normal,normal,none,"Diễn biến ổn định, dung nạp thuốc tốt.",retardation,"Bệnh nhân tiếp xúc được, trả lời chậm, cần gợi ý nhiều.",normal|stupor,poor_selfcare,middle_insomnia|total_insomnia|hypersomnia,hyperphagia|refusal,"Bệnh nhân hợp tác kém, cần người nhà hỗ trợ khai thác.",4.67,144,6.9,58,26,8,6.1,6.8,78,19,49,44,"Nhịp xoang đều, tần số 78 ck/phút, không rối loạn dẫn truyền.","Sóng alpha chiếm ưu thế vùng chẩm, không ghi nhận sóng kịch phát.","Nhu mô não không thấy tổn thương khu trú, hệ thống não thất không giãn.",Điện não đồ trong giới hạn bình thường.,Chỉ số vân tay trong giới hạn tham chiếu.,Vận nhãn theo dõi mục tiêu có gián đoạn nhẹ.,Chưa phát hiện đột biến có ý nghĩa lâm sàng.,Nồng độ serotonin huyết tương giảm nhẹ so với tham chiếu.,Không có xét nghiệm bổ sung.,F20.0 - Tâm thần phân liệt thể paranoid,Rối loạn phân liệt cảm xúc; Rối loạn hoang tưởng dai dẳng,Olanzapine 10mg/ngày; Diazepam 5mg buổi tối,28,,,,,,,,,,,,,,,,,,,,,,,,,,,,,,,,,,,,,,,,,,,,,,,,,,,,,,,,,,,,,,,
BA0003,2025-09-09,Béo,Bình thường,62,169,83,37.3,130/80,"Nhịp tim đều, T1 T2 rõ, không nghe tiếng thổi bệnh lý.","Lồng ngực cân đối, rì rào phế nang êm dịu hai bên, không rale.","Bụng mềm, không chướng, gan lách không sờ thấy, đại tiện bình thường.","Hai thận không sờ thấy, không đau vùng thắt lưng, tiểu tiện bình thường.","Không liệt khu trú, không hội chứng màng não, đồng tử hai bên đều.","Tai mũi họng, răng hàm mặt chưa phát hiện bất thường.",uncooperative,natural|avoidant|oppositional,untidy,normal|anxious,"Bệnh nhân hợp tác kém, cần người nhà hỗ trợ khai thác.",normal,disordered,normal,disordered,"Diễn biến ổn định, dung nạp thuốc tốt.",decreased,appropriate|unstable,reduced_response|reduced_communication|social_withdrawal,"Diễn biến ổn định, dung nạp thuốc tốt.",commenting|visual|olfactory,,other,Cảm giác cơ thể biến dạng,"Diễn biến ổn định, dung nạp thuốc tốt.",tangential|flight,persecution|reference|control,,no,"Bệnh nhân tiếp xúc được, trả lời chậm, cần gợi ý nhiều.",poor_concentration|hard_sustain|hyperattention,Triệu chứng thuyên giảm so với lần khám trước.,normal,decreased,decreased,anterograde|retrograde|global,"Bệnh nhân hợp tác kém, cần người nhà hỗ trợ khai thác.",dementia,Triệu chứng thuyên giảm so với lần khám trước.,normal|agitation|posturing,suicide,middle_insomnia,refusal,Triệu chứng thuyên giảm so với lần khám trước.,4.44,155,8.1,46,28,7,6.1,5.6,101,39,27,18,"Nhịp xoang đều, tần số 78 ck/phút, không rối loạn dẫn truyền.","Sóng alpha chiếm ưu thế vùng chẩm, không ghi nhận sóng kịch phát.","Nhu mô não không thấy tổn thương khu trú, hệ thống não thất không giãn.",Điện não đồ trong giới hạn bình thường.,Chỉ số vân tay trong giới hạn tham chiếu.,Vận nhãn theo dõi mục tiêu có gián đoạn nhẹ.,Chưa phát hiện đột biến có ý nghĩa lâm sàng.,Nồng độ serotonin huyết tương giảm nhẹ so với tham chiếu.,Không có xét nghiệm bổ sung.,F20.0 - Tâm thần phân liệt thể paranoid,Rối loạn phân liệt cảm xúc; Rối loạn hoang tưởng dai dẳng,Risperidone 2mg x 2 lần/ngày; Trihexyphenidyl 2mg/ngày,13,,,,,,,,,,,,,,,,,,,,,,,,,,,,,,,,,,,,,,,,,,,,,,,,,,,,,,,,,,,,,,,
BA0004,2026-06-19,Béo,Bình thường,78,168,84,37.0,115/75,"Nhịp tim đều, T1 T2 rõ, không nghe tiếng thổi bệnh lý.","Lồng ngực cân đối, rì rào phế nang êm dịu hai bên, không rale.","Bụng mềm, không chướng, gan lách không sờ thấy, đại tiện bình thường.","Hai thận không sờ thấy, không đau vùng thắt lưng, tiểu tiện bình thường.","Không liệt khu trú, không hội chứng màng não, đồng tử hai bên đều.","Tai mũi họng, răng hàm mặt chưa phát hiện bất thường.",cooperative,natural|indifferent,tidy|weather_inappropriate|bizarre,apathetic,Triệu chứng thuyên giảm so với lần khám trước.,normal,disordered,normal,normal,"Diễn biến ổn định, dung nạp thuốc tốt.",normal|decreased|irritable,labile,reduced_expression|reduced_response|reduced_communication,"Bệnh nhân tiếp xúc được, trả lời chậm, cần gợi ý nhiều.",visual|tactile|gustatory,,derealization|other,Cảm giác cơ thể biến dạng,"Bệnh nhân tiếp xúc được, trả lời chậm, cần gợi ý nhiều.",illogical|flight,surveillance|control|bizarre,,yes,Triệu chứng thuyên giảm so với lần khám trước.,hyperattention,"Diễn biến ổn định, dung nạp thuốc tốt.",normal,normal,normal,none|retrograde|global,"Diễn biến ổn định, dung nạp thuốc tốt.",retardation,"Bệnh nhân tiếp xúc được, trả lời chậm, cần gợi ý nhiều.",agitation|catatonia|posturing,laughing_alone|talking_alone|destructive,initial_insomnia,normal|hyperphagia|refusal,"Bệnh nhân tiếp xúc được, trả lời chậm, cần gợi ý nhiều.",3.83,135,8.3,70,36,7,4.9,5.2,69,41,31,33,"Nhịp xoang đều, tần số 78 ck/phút, không rối loạn dẫn truyền.","Sóng alpha chiếm ưu thế vùng chẩm, không ghi nhận sóng kịch phát.","Nhu mô não không thấy tổn thương khu trú, hệ thống não thất không giãn.",Điện não đồ trong giới hạn bình thường.,Chỉ số vân tay trong giới hạn tham chiếu.,Vận nhãn theo dõi mục tiêu có gián đoạn nhẹ.,Chưa phát hiện đột biến có ý nghĩa lâm sàng.,Nồng độ serotonin huyết tương giảm nhẹ so với tham chiếu.,Không có xét nghiệm bổ sung.,F20.0 - Tâm thần phân liệt thể paranoid,Rối loạn phân liệt cảm xúc; Rối loạn hoang tưởng dai dẳng,Olanzapine 10mg/ngày; Diazepam 5mg buổi tối,19,,,,,,,,,,,,,,,,,,,,,,,,,,,,,,,,,,,,,,,,,,,,,,,,,,,,,,,,,,,,,,,
BA0004,2026-05-21,Trung bình,Hồng hào,45,162,91,36.9,125/85,"Nhịp tim đều, T1 T2 rõ, không nghe tiếng thổi bệnh lý.","Lồng ngực cân đối, rì rào phế nang êm dịu hai bên, không rale.","Bụng mềm, không chướng, gan lách không sờ thấy, đại tiện bình thường.","Hai thận không sờ thấy, không đau vùng thắt lưng, tiểu tiện bình thường.","Không có dấu hiệu thần kinh khu trú, phản xạ gân xương hai bên đều.","Tai mũi họng, răng hàm mặt chưa phát hiện bất thường.",cooperative,natural|tense,weather_inappropriate,sad|anxious|tense,Triệu chứng thuyên giảm so với lần khám trước.,normal,disordered,disordered,disordered,Triệu chứng thuyên giảm so với lần khám trước.,normal|decreased|irritable,inappropriate|unstable,reduced_response|reduced_communication,"Bệnh nhân tiếp xúc được, trả lời chậm, cần gợi ý nhiều.",tactile|olfactory,,derealization,,"Bệnh nhân tiếp xúc được, trả lời chậm, cần gợi ý nhiều.",circumstantial|flight,persecution|reference|other,Hoang tưởng phát minh,yes,"Bệnh nhân tiếp xúc được, trả lời chậm, cần gợi ý nhiều.",normal|hard_sustain,"Bệnh nhân hợp tác kém, cần người nhà hỗ trợ khai thác.",normal,decreased,normal,none|retrograde|global,"Bệnh nhân hợp tác kém, cần người nhà hỗ trợ khai thác.",dementia,"Bệnh nhân hợp tác kém, cần người nhà hỗ trợ khai thác.",catatonia,laughing_alone|wandering|aggression,total_insomnia,normal|anorexia|refusal,"Bệnh nhân hợp tác kém, cần người nhà hỗ trợ khai thác.",4.46,131,4.9,70,35,6,6.2,5.5,78,44,43,31,"Nhịp xoang đều, tần số 78 ck/phút, không rối loạn dẫn truyền.","Sóng alpha chiếm ưu thế vùng chẩm, không ghi nhận sóng kịch phát.","Nhu mô não không thấy tổn thương khu trú, hệ thống não thất không giãn.",Điện não đồ trong giới hạn bình thường.,Chỉ số vân tay trong giới hạn tham chiếu.,Vận nhãn theo dõi mục tiêu có gián đoạn nhẹ.,Chưa phát hiện đột biến có ý nghĩa lâm sàng.,Nồng độ serotonin huyết tương giảm nhẹ so với tham chiếu.,Không có xét nghiệm bổ sung.,F20.1 - Tâm thần phân liệt thể thanh xuân,Rối loạn phân liệt cảm xúc; Rối loạn hoang tưởng dai dẳng,Olanzapine 10mg/ngày; Diazepam 5mg buổi tối,8,,,,,,,,,,,,,,,,,,,,,,,,,,,,,,,,,,,,,,,,,,,,,,,,,,,,,,,,,,,,,,,
BA0004,2026-04-20,Trung bình,Bình thường,66,153,92,36.9,125/85,"Nhịp tim đều, T1 T2 rõ, không nghe tiếng thổi bệnh lý.","Lồng ngực cân đối, rì rào phế nang êm dịu hai bên, không rale.","Bụng mềm, không chướng, gan lách không sờ thấy, đại tiện bình thường.","Hai thận không sờ thấy, không đau vùng thắt lưng, tiểu tiện bình thường.","Không liệt khu trú, không hội chứng màng não, đồng tử hai bên đều.","Tai mũi họng, răng hàm mặt chưa phát hiện bất thường.",uncooperative,tense,untidy|weather_inappropriate,normal|anxious|tense,"Diễn biến ổn định, dung nạp thuốc tốt.",disordered,disordered,normal,disordered,"Bệnh nhân hợp tác kém, cần người nhà hỗ trợ khai thác.",normal|decreased|increased,appropriate,reduced_expression|reduced_communication,"Bệnh nhân tiếp xúc được, trả lời chậm, cần gợi ý nhiều.",pseudo_auditory|visual|gustatory,,depersonalization,,"Diễn biến ổn định, dung nạp thuốc tốt.",normal|illogical|circumstantial,persecution|control|bizarre,,yes,"Diễn biến ổn định, dung nạp thuốc tốt.",normal|hyperattention,Triệu chứng thuyên giảm so với lần khám trước.,decreased,normal,decreased,global,"Bệnh nhân hợp tác kém, cần người nhà hỗ trợ khai thác.",dementia,"Bệnh nhân hợp tác kém, cần người nhà hỗ trợ khai thác.",normal|hypokinesia|stereotypy,laughing_alone|self_harm,middle_insomnia,hyperphagia|refusal,"Bệnh nhân tiếp xúc được, trả lời chậm, cần gợi ý nhiều.",5.19,117,6.4,72,29,6,5.9,3.9,100,23,24,41,"Nhịp xoang đều, tần số 78 ck/phút, không rối loạn dẫn truyền.","Sóng alpha chiếm ưu thế vùng chẩm, không ghi nhận sóng kịch phát.","Nhu mô não không thấy tổn thương khu trú, hệ thống não thất không giãn.",Điện não đồ trong giới hạn bình thường.,Chỉ số vân tay trong giới hạn tham chiếu.,Vận nhãn theo dõi mục tiêu có gián đoạn nhẹ.,Chưa phát hiện đột biến có ý nghĩa lâm sàng.,Nồng độ serotonin huyết tương giảm nhẹ so với tham chiếu.,Không có xét nghiệm bổ sung.,F20.3 - Tâm thần phân liệt thể không biệt định,Rối loạn phân liệt cảm xúc; Rối loạn hoang tưởng dai dẳng,Olanzapine 10mg/ngày; Diazepam 5mg buổi tối,9,,,,,,,,,,,,,,,,,,,,,,,,,,,,,,,,,,,,,,,,,,,,,,,,,,,,,,,,,,,,,,,
BA0004,2026-03-11,Trung bình,Bình thường,47,152,76,36.6,115/75,"Nhịp tim đều, T1 T2 rõ, không nghe tiếng thổi bệnh lý.","Lồng ngực cân đối, rì rào phế nang êm dịu hai bên, không rale.","Bụng mềm, không chướng, gan lách không sờ thấy, đại tiện bình thường.","Hai thận không sờ thấy, không đau vùng thắt lưng, tiểu tiện bình thường.","Không có dấu hiệu thần kinh khu trú, phản xạ gân xương hai bên đều.","Tai mũi họng, răng hàm mặt chưa phát hiện bất thường.",uncooperative,oppositional,tidy,tense|apathetic,Triệu chứng thuyên giảm so với lần khám trước.,disordered,disordered,normal,normal,"Diễn biến ổn định, dung nạp thuốc tốt.",increased|irritable,appropriate|inappropriate,reduced_expression|reduced_response|reduced_communication,Triệu chứng thuyên giảm so với lần khám trước.,commenting,,depersonalization|derealization|other,Cảm giác cơ thể biến dạng,"Diễn biến ổn định, dung nạp thuốc tốt.",normal|loose|illogical,surveillance|control,,yes,"Diễn biến ổn định, dung nạp thuốc tốt.",normal|hard_sustain|hyperattention,"Diễn biến ổn định, dung nạp thuốc tốt.",normal,normal,decreased,retrograde|global,"Bệnh nhân tiếp xúc được, trả lời chậm, cần gợi ý nhiều.",retardation,"Bệnh nhân tiếp xúc được, trả lời chậm, cần gợi ý nhiều.",posturing,talking_alone|poor_selfcare,initial_insomnia|hypersomnia,refusal,Triệu chứng thuyên giảm so với lần khám trước.,4.58,128,8.7,46,28,7,4.7,5.9,78,33,19,16,"Nhịp xoang đều, tần số 78 ck/phút, không rối loạn dẫn truyền.","Sóng alpha chiếm ưu thế vùng chẩm, không ghi nhận sóng kịch phát.","Nhu mô não không thấy tổn thương khu trú, hệ thống não thất không giãn.",Điện não đồ trong giới hạn bình thường.,Chỉ số vân tay trong giới hạn tham chiếu.,Vận nhãn theo dõi mục tiêu có gián đoạn nhẹ.,Chưa phát hiện đột biến có ý nghĩa lâm sàng.,Nồng độ serotonin huyết tương giảm nhẹ so với tham chiếu.,Không có xét nghiệm bổ sung.,F20.1 - Tâm thần phân liệt thể thanh xuân,Rối loạn phân liệt cảm xúc; Rối loạn hoang tưởng dai dẳng,Olanzapine 10mg/ngày; Diazepam 5mg buổi tối,26,,,,,,,,,,,,,,,,,,,,,,,,,,,,,,,,,,,,,,,,,,,,,,,,,,,,,,,,,,,,,,,
BA0004,2026-01-28,Trung bình,Nhợt nhạt nhẹ,76,162,90,36.8,110/70,"Nhịp tim đều, T1 T2 rõ, không nghe tiếng thổi bệnh lý.","Lồng ngực cân đối, rì rào phế nang êm dịu hai bên, không rale.","Bụng mềm, không chướng, gan lách không sờ thấy, đại tiện bình thường.","Hai thận không sờ thấy, không đau vùng thắt lưng, tiểu tiện bình thường.","Không có dấu hiệu thần kinh khu trú, phản xạ gân xương hai bên đều.","Tai mũi họng, răng hàm mặt chưa phát hiện bất thường.",cooperative,indifferent,untidy,sad|anxious|tense,Triệu chứng thuyên giảm so với lần khám trước.,disordered,normal,normal,normal,"Bệnh nhân tiếp xúc được, trả lời chậm, cần gợi ý nhiều.",irritable,inappropriate|blunted,reduced_expression|reduced_response,Triệu chứng thuyên giảm so với lần khám trước.,pseudo_auditory|gustatory,,depersonalization|derealization|other,Cảm giác cơ thể biến dạng,"Bệnh nhân tiếp xúc được, trả lời chậm, cần gợi ý nhiều.",tangential,reference,,yes,"Bệnh nhân hợp tác kém, cần người nhà hỗ trợ khai thác.",distractible|hyperattention,"Diễn biến ổn định, dung nạp thuốc tốt.",decreased,normal,decreased,anterograde|retrograde|global,"Bệnh nhân tiếp xúc được, trả lời chậm, cần gợi ý nhiều.",retardation,"Bệnh nhân hợp tác kém, cần người nhà hỗ trợ khai thác.",normal|agitation|catatonia,destructive|self_harm|suicide,normal|initial_insomnia|hypersomnia,normal|anorexia,"Bệnh nhân tiếp xúc được, trả lời chậm, cần gợi ý nhiều.",5.35,114,9.7,55,26,6,5.6,3.4,102,35,19,50,"Nhịp xoang đều, tần số 78 ck/phút, không rối loạn dẫn truyền.","Sóng alpha chiếm ưu thế vùng chẩm, không ghi nhận sóng kịch phát.","Nhu mô não không thấy tổn thương khu trú, hệ thống não thất không giãn.",Điện não đồ trong giới hạn bình thường.,Chỉ số vân tay trong giới hạn tham chiếu.,Vận nhãn theo dõi mục tiêu có gián đoạn nhẹ.,Chưa phát hiện đột biến có ý nghĩa lâm sàng.,Nồng độ serotonin huyết tương giảm nhẹ so với tham chiếu.,Không có xét nghiệm bổ sung.,F20.1 - Tâm thần phân liệt thể thanh xuân,Rối loạn phân liệt cảm xúc; Rối loạn hoang tưởng dai dẳng,Haloperidol 5mg/ngày; Olanzapine 5mg buổi tối,21,,,,,,,,,,,,,,,,,,,,,,,,,,,,,,,,,,,,,,,,,,,,,,,,,,,,,,,,,,,,,,,
BA0004,2025-12-18,Khá,Kém hồng,72,158,81,37.2,115/75,"Nhịp tim đều, T1 T2 rõ, không nghe tiếng thổi bệnh lý.","Lồng ngực cân đối, rì rào phế nang êm dịu hai bên, không rale.","Bụng mềm, không chướng, gan lách không sờ thấy, đại tiện bình thường.","Hai thận không sờ thấy, không đau vùng thắt lưng, tiểu tiện bình thường.","Không liệt khu trú, không hội chứng màng não, đồng tử hai bên đều.","Tai mũi họng, răng hàm mặt chưa phát hiện bất thường.",cooperative,natural|indifferent|oppositional,weather_inappropriate,normal|anxious|apathetic,"Bệnh nhân hợp tác kém, cần người nhà hỗ trợ khai thác.",disordered,normal,disordered,disordered,"Bệnh nhân hợp tác kém, cần người nhà hỗ trợ khai thác.",irritable,appropriate|inappropriate|apathetic,reduced_expression|reduced_response,"Bệnh nhân hợp tác kém, cần người nhà hỗ trợ khai thác.",true_auditory,,depersonalization,,Triệu chứng thuyên giảm so với lần khám trước.,flight,reference|surveillance|other,Hoang tưởng phát minh,no,"Bệnh nhân hợp tác kém, cần người nhà hỗ trợ khai thác.",distractible|hard_sustain,Triệu chứng thuyên giảm so với lần khám trước.,decreased,normal,normal,global,"Diễn biến ổn định, dung nạp thuốc tốt.",dementia,"Diễn biến ổn định, dung nạp thuốc tốt.",normal,poor_selfcare|suicide,normal,normal|hyperphagia|refusal,"Diễn biến ổn định, dung nạp thuốc tốt.",4.82,130,10.5,59,34,4,6.3,4.6,102,34,46,21,"Nhịp xoang đều, tần số 78 ck/phút, không rối loạn dẫn truyền.","Sóng alpha chiếm ưu thế vùng chẩm, không ghi nhận sóng kịch phát.","Nhu mô não không thấy tổn thương khu trú, hệ thống não thất không giãn.",Điện não đồ trong giới hạn bình thường.,Chỉ số vân tay trong giới hạn tham chiếu.,Vận nhãn theo dõi mục tiêu có gián đoạn nhẹ.,Chưa phát hiện đột biến có ý nghĩa lâm sàng.,Nồng độ serotonin huyết tương giảm nhẹ so với tham chiếu.,Không có xét nghiệm bổ sung.,F20.1 - Tâm thần phân liệt thể thanh xuân,Rối loạn phân liệt cảm xúc; Rối loạn hoang tưởng dai dẳng,Haloperidol 5mg/ngày; Olanzapine 5mg buổi tối,27,,,,,,,,,,,,,,,,,,,,,,,,,,,,,,,,,,,,,,,,,,,,,,,,,,,,,,,,,,,,,,,
BA0004,2025-11-18,Khá,Nhợt nhạt nhẹ,73,175,63,36.8,125/85,"Nhịp tim đều, T1 T2 rõ, không nghe tiếng thổi bệnh lý.","Lồng ngực cân đối, rì rào phế nang êm dịu hai bên, không rale.","Bụng mềm, không chướng, gan lách không sờ thấy, đại tiện bình thường.","Hai thận không sờ thấy, không đau vùng thắt lưng, tiểu tiện bình thường.","Không có dấu hiệu thần kinh khu trú, phản xạ gân xương hai bên đều.","Tai mũi họng, răng hàm mặt chưa phát hiện bất thường.",uncooperative,tense,untidy,tense|apathetic,"Bệnh nhân hợp tác kém, cần người nhà hỗ trợ khai thác.",normal,normal,disordered,normal,"Bệnh nhân hợp tác kém, cần người nhà hỗ trợ khai thác.",increased,appropriate|inappropriate,reduced_response|reduced_communication,"Bệnh nhân hợp tác kém, cần người nhà hỗ trợ khai thác.",true_auditory|visual,,depersonalization|derealization,,"Diễn biến ổn định, dung nạp thuốc tốt.",loose|illogical|tangential,reference|bizarre|other,Hoang tưởng phát minh,no,Triệu chứng thuyên giảm so với lần khám trước.,normal|poor_concentration|hard_sustain,Triệu chứng thuyên giảm so với lần khám trước.,decreased,normal,normal,global,Triệu chứng thuyên giảm so với lần khám trước.,retardation,Triệu chứng thuyên giảm so với lần khám trước.,catatonia|negativism|posturing,aggression,normal|initial_insomnia|total_insomnia,normal|anorexia|hyperphagia,"Bệnh nhân tiếp xúc được, trả lời chậm, cần gợi ý nhiều.",4.37,132,8.7,52,30,8,4.2,5.3,66,21,20,40,"Nhịp xoang đều, tần số 78 ck/phút, không rối loạn dẫn truyền.","Sóng alpha chiếm ưu thế vùng chẩm, không ghi nhận sóng kịch phát.","Nhu mô não không thấy tổn thương khu trú, hệ thống não thất không giãn.",Điện não đồ trong giới hạn bình thường.,Chỉ số vân tay trong giới hạn tham chiếu.,Vận nhãn theo dõi mục tiêu có gián đoạn nhẹ.,Chưa phát hiện đột biến có ý nghĩa lâm sàng.,Nồng độ serotonin huyết tương giảm nhẹ so với tham chiếu.,Không có xét nghiệm bổ sung.,F20.3 - Tâm thần phân liệt thể không biệt định,Rối loạn phân liệt cảm xúc; Rối loạn hoang tưởng dai dẳng,Olanzapine 10mg/ngày; Diazepam 5mg buổi tối,24,,,,,,,,,,,,,,,,,,,,,,,,,,,,,,,,,,,,,,,,,,,,,,,,,,,,,,,,,,,,,,,
BA0004,2025-10-19,Khá,Nhợt nhạt nhẹ,57,175,69,36.7,120/80,"Nhịp tim đều, T1 T2 rõ, không nghe tiếng thổi bệnh lý.","Lồng ngực cân đối, rì rào phế nang êm dịu hai bên, không rale.","Bụng mềm, không chướng, gan lách không sờ thấy, đại tiện bình thường.","Hai thận không sờ thấy, không đau vùng thắt lưng, tiểu tiện bình thường.","Không có dấu hiệu thần kinh khu trú, phản xạ gân xương hai bên đều.","Tai mũi họng, răng hàm mặt chưa phát hiện bất thường.",uncooperative,avoidant|tense|oppositional,tidy|untidy|bizarre,normal|sad|anxious,Triệu chứng thuyên giảm so với lần khám trước.,disordered,normal,disordered,normal,"Bệnh nhân hợp tác kém, cần người nhà hỗ trợ khai thác.",irritable,apathetic|labile|unstable,reduced_expression|reduced_response|social_withdrawal,"Bệnh nhân hợp tác kém, cần người nhà hỗ trợ khai thác.",true_auditory|commanding|tactile,,derealization|other,Cảm giác cơ thể biến dạng,"Diễn biến ổn định, dung nạp thuốc tốt.",normal,reference|surveillance,,no,"Bệnh nhân tiếp xúc được, trả lời chậm, cần gợi ý nhiều.",hard_sustain,"Diễn biến ổn định, dung nạp thuốc tốt.",normal,decreased,decreased,anterograde|retrograde,"Bệnh nhân tiếp xúc được, trả lời chậm, cần gợi ý nhiều.",dementia,"Bệnh nhân tiếp xúc được, trả lời chậm, cần gợi ý nhiều.",normal,talking_alone|aggression|suicide,normal|initial_insomnia|hypersomnia,refusal,Triệu chứng thuyên giảm so với lần khám trước.,5.14,121,8.8,56,35,8,5.0,3.7,64,42,22,23,"Nhịp xoang đều, tần số 78 ck/phút, không rối loạn dẫn truyền.","Sóng alpha chiếm ưu thế vùng chẩm, không ghi nhận sóng kịch phát.","Nhu mô não không thấy tổn thương khu trú, hệ thống não thất không giãn.",Điện não đồ trong giới hạn bình thường.,Chỉ số vân tay trong giới hạn tham chiếu.,Vận nhãn theo dõi mục tiêu có gián đoạn nhẹ.,Chưa phát hiện đột biến có ý nghĩa lâm sàng.,Nồng độ serotonin huyết tương giảm nhẹ so với tham chiếu.,Không có xét nghiệm bổ sung.,F20.0 - Tâm thần phân liệt thể paranoid,Rối loạn phân liệt cảm xúc; Rối loạn hoang tưởng dai dẳng,Haloperidol 5mg/ngày; Olanzapine 5mg buổi tối,31,,,,,,,,,,,,,,,,,,,,,,,,,,,,,,,,,,,,,,,,,,,,,,,,,,,,,,,,,,,,,,,
BA0004,2025-09-08,Béo,Hồng hào,53,179,78,37.1,105/65,"Nhịp tim đều, T1 T2 rõ, không nghe tiếng thổi bệnh lý.","Lồng ngực cân đối, rì rào phế nang êm dịu hai bên, không rale.","Bụng mềm, không chướng, gan lách không sờ thấy, đại tiện bình thường.","Hai thận không sờ thấy, không đau vùng thắt lưng, tiểu tiện bình thường.","Không liệt khu trú, không hội chứng màng não, đồng tử hai bên đều.","Tai mũi họng, răng hàm mặt chưa phát hiện bất thường.",cooperative,indifferent,weather_inappropriate|bizarre,normal|anxious,"Diễn biến ổn định, dung nạp thuốc tốt.",normal,normal,disordered,normal,"Diễn biến ổn định, dung nạp thuốc tốt.",decreased,inappropriate|blunted|unstable,reduced_expression,"Diễn biến ổn định, dung nạp thuốc tốt.",commanding,,derealization|other,Cảm giác cơ thể biến dạng,Triệu chứng thuyên giảm so với lần khám trước.,irrelevant|tangential|flight,persecution|reference|surveillance,,no,Triệu chứng thuyên giảm so với lần khám trước.,normal|distractible|hard_sustain,"Diễn biến ổn định, dung nạp thuốc tốt.",normal,normal,normal,retrograde,"Diễn biến ổn định, dung nạp thuốc tốt.",dementia,Triệu chứng thuyên giảm so với lần khám trước.,normal|stupor,aggression,late_insomnia,hyperphagia,"Bệnh nhân tiếp xúc được, trả lời chậm, cần gợi ý nhiều.",3.81,118,7.1,65,28,3,5.2,3.5,76,46,29,24,"Nhịp xoang đều, tần số 78 ck/phút, không rối loạn dẫn truyền.","Sóng alpha chiếm ưu thế vùng chẩm, không ghi nhận sóng kịch phát.","Nhu mô não không thấy tổn thương khu trú, hệ thống não thất không giãn.",Điện não đồ trong giới hạn bình thường.,Chỉ số vân tay trong giới hạn tham chiếu.,Vận nhãn theo dõi mục tiêu có gián đoạn nhẹ.,Chưa phát hiện đột biến có ý nghĩa lâm sàng.,Nồng độ serotonin huyết tương giảm nhẹ so với tham chiếu.,Không có xét nghiệm bổ sung.,F20.0 - Tâm thần phân liệt thể paranoid,Rối loạn phân liệt cảm xúc; Rối loạn hoang tưởng dai dẳng,Risperidone 2mg x 2 lần/ngày; Trihexyphenidyl 2mg/ngày,13,,,,,,,,,,,,,,,,,,,,,,,,,,,,,,,,,,,,,,,,,,,,,,,,,,,,,,,,,,,,,,,
BA0004,2025-07-29,Gầy,Nhợt nhạt nhẹ,52,177,67,37.0,125/85,"Nhịp tim đều, T1 T2 rõ, không nghe tiếng thổi bệnh lý.","Lồng ngực cân đối, rì rào phế nang êm dịu hai bên, không rale.","Bụng mềm, không chướng, gan lách không sờ thấy, đại tiện bình thường.","Hai thận không sờ thấy, không đau vùng thắt lưng, tiểu tiện bình thường.","Không liệt khu trú, không hội chứng màng não, đồng tử hai bên đều.","Tai mũi họng, răng hàm mặt chưa phát hiện bất thường.",limited,avoidant|tense|oppositional,weather_inappropriate|bizarre,tense,"Diễn biến ổn định, dung nạp thuốc tốt.",disordered,disordered,normal,disordered,"Bệnh nhân hợp tác kém, cần người nhà hỗ trợ khai thác.",normal,labile,reduced_response,"Diễn biến ổn định, dung nạp thuốc tốt.",pseudo_auditory,,depersonalization|derealization|other,Cảm giác cơ thể biến dạng,"Diễn biến ổn định, dung nạp thuốc tốt.",loose|irrelevant,control|bizarre,,no,"Bệnh nhân hợp tác kém, cần người nhà hỗ trợ khai thác.",normal|hyperattention,"Bệnh nhân hợp tác kém, cần người nhà hỗ trợ khai thác.",normal,normal,decreased,retrograde|global,"Bệnh nhân tiếp xúc được, trả lời chậm, cần gợi ý nhiều.",dementia,"Bệnh nhân tiếp xúc được, trả lời chậm, cần gợi ý nhiều.",agitation|hypokinesia|stupor,wandering|destructive|bizarre,normal|initial_insomnia,normal,"Bệnh nhân tiếp xúc được, trả lời chậm, cần gợi ý nhiều.",4.83,150,10.0,61,38,4,5.2,5.8,64,24,17,31,"Nhịp xoang đều, tần số 78 ck/phút, không rối loạn dẫn truyền.","Sóng alpha chiếm ưu thế vùng chẩm, không ghi nhận sóng kịch phát.","Nhu mô não không thấy tổn thương khu trú, hệ thống não thất không giãn.",Điện não đồ trong giới hạn bình thường.,Chỉ số vân tay trong giới hạn tham chiếu.,Vận nhãn theo dõi mục tiêu có gián đoạn nhẹ.,Chưa phát hiện đột biến có ý nghĩa lâm sàng.,Nồng độ serotonin huyết tương giảm nhẹ so với tham chiếu.,Không có xét nghiệm bổ sung.,F20.0 - Tâm thần phân liệt thể paranoid,Rối loạn phân liệt cảm xúc; Rối loạn hoang tưởng dai dẳng,Haloperidol 5mg/ngày; Olanzapine 5mg buổi tối,19,,,,,,,,,,,,,,,,,,,,,,,,,,,,,,,,,,,,,,,,,,,,,,,,,,,,,,,,,,,,,,,
BA0005,2026-06-20,Suy kiệt nhẹ,Hồng hào,63,150,92,37.1,120/80,"Nhịp tim đều, T1 T2 rõ, không nghe tiếng thổi bệnh lý.","Lồng ngực cân đối, rì rào phế nang êm dịu hai bên, không rale.","Bụng mềm, không chướng, gan lách không sờ thấy, đại tiện bình thường.","Hai thận không sờ thấy, không đau vùng thắt lưng, tiểu tiện bình thường.","Không có dấu hiệu thần kinh khu trú, phản xạ gân xương hai bên đều.","Tai mũi họng, răng hàm mặt chưa phát hiện bất thường.",uncooperative,natural|indifferent|avoidant,tidy|weather_inappropriate|bizarre,sad|anxious|apathetic,Triệu chứng thuyên giảm so với lần khám trước.,normal,normal,disordered,normal,"Diễn biến ổn định, dung nạp thuốc tốt.",normal,blunted,social_withdrawal,"Bệnh nhân hợp tác kém, cần người nhà hỗ trợ khai thác.",commanding,,depersonalization|derealization|other,Cảm giác cơ thể biến dạng,"Bệnh nhân hợp tác kém, cần người nhà hỗ trợ khai thác.",flight,surveillance|control,,yes,Triệu chứng thuyên giảm so với lần khám trước.,hyperattention,"Diễn biến ổn định, dung nạp thuốc tốt.",decreased,decreased,normal,retrograde,"Bệnh nhân tiếp xúc được, trả lời chậm, cần gợi ý nhiều.",retardation,"Diễn biến ổn định, dung nạp thuốc tốt.",agitation|stupor|stereotypy,withdrawn|bizarre|suicide,normal|initial_insomnia|middle_insomnia,normal|hyperphagia|refusal,Triệu chứng thuyên giảm so với lần khám trước.,3.98,142,8.2,58,23,9,4.3,3.3,86,39,42,23,"Nhịp xoang đều, tần số 78 ck/phút, không rối loạn dẫn truyền.","Sóng alpha chiếm ưu thế vùng chẩm, không ghi nhận sóng kịch phát.","Nhu mô não không thấy tổn thương khu trú, hệ thống não thất không giãn.",Điện não đồ trong giới hạn bình thường.,Chỉ số vân tay trong giới hạn tham chiếu.,Vận nhãn theo dõi mục tiêu có gián đoạn nhẹ.,Chưa phát hiện đột biến có ý nghĩa lâm sàng.,Nồng độ serotonin huyết tương giảm nhẹ so với tham chiếu.,Không có xét nghiệm bổ sung.,F20.3 - Tâm thần phân liệt thể không biệt định,Rối loạn phân liệt cảm xúc; Rối loạn hoang tưởng dai dẳng,Risperidone 2mg x 2 lần/ngày; Trihexyphenidyl 2mg/ngày,23,,,,,,,,,,,,,,,,,,,,,,,,,,,,,,,,,,,,,,,,,,,,,,,,,,,,,,,,,,,,,,,
BA0005,2026-05-16,Trung bình,Nhợt nhạt nhẹ,71,153,63,36.7,105/65,"Nhịp tim đều, T1 T2 rõ, không nghe tiếng thổi bệnh lý.","Lồng ngực cân đối, rì rào phế nang êm dịu hai bên, không rale.","Bụng mềm, không chướng, gan lách không sờ thấy, đại tiện bình thường.","Hai thận không sờ thấy, không đau vùng thắt lưng, tiểu tiện bình thường.","Không liệt khu trú, không hội chứng màng não, đồng tử hai bên đều.","Tai mũi họng, răng hàm mặt chưa phát hiện bất thường.",uncooperative,tense,tidy|untidy|weather_inappropriate,normal|apathetic,"Bệnh nhân tiếp xúc được, trả lời chậm, cần gợi ý nhiều.",normal,normal,normal,disordered,"Diễn biến ổn định, dung nạp thuốc tốt.",normal|decreased,appropriate|inappropriate,reduced_response,"Bệnh nhân tiếp xúc được, trả lời chậm, cần gợi ý nhiều.",pseudo_auditory,,depersonalization,,"Bệnh nhân hợp tác kém, cần người nhà hỗ trợ khai thác.",tangential|circumstantial,bizarre,,no,Triệu chứng thuyên giảm so với lần khám trước.,poor_concentration,"Diễn biến ổn định, dung nạp thuốc tốt.",decreased,normal,normal,anterograde|global,Triệu chứng thuyên giảm so với lần khám trước.,normal,"Bệnh nhân tiếp xúc được, trả lời chậm, cần gợi ý nhiều.",normal,laughing_alone,late_insomnia,normal|anorexia|refusal,"Bệnh nhân hợp tác kém, cần người nhà hỗ trợ khai thác.",3.85,154,8.9,55,38,4,5.6,4.5,62,31,27,38,"Nhịp xoang đều, tần số 78 ck/phút, không rối loạn dẫn truyền.","Sóng alpha chiếm ưu thế vùng chẩm, không ghi nhận sóng kịch phát.","Nhu mô não không thấy tổn thương khu trú, hệ thống não thất không giãn.",Điện não đồ trong giới hạn bình thường.,Chỉ số vân tay trong giới hạn tham chiếu.,Vận nhãn theo dõi mục tiêu có gián đoạn nhẹ.,Chưa phát hiện đột biến có ý nghĩa lâm sàng.,Nồng độ serotonin huyết tương giảm nhẹ so với tham chiếu.,Không có xét nghiệm bổ sung.,F20.3 - Tâm thần phân liệt thể không biệt định,Rối loạn phân liệt cảm xúc; Rối loạn hoang tưởng dai dẳng,Haloperidol 5mg/ngày; Olanzapine 5mg buổi tối,7,,,,,,,,,,,,,,,,,,,,,,,,,,,,,,,,,,,,,,,,,,,,,,,,,,,,,,,,,,,,,,,
BA0005,2026-04-25,Béo,Kém hồng,67,159,93,36.5,120/80,"Nhịp tim đều, T1 T2 rõ, không nghe tiếng thổi bệnh lý.","Lồng ngực cân đối, rì rào phế nang êm dịu hai bên, không rale.","Bụng mềm, không chướng, gan lách không sờ thấy, đại tiện bình thường.","Hai thận không sờ thấy, không đau vùng thắt lưng, tiểu tiện bình thường.","Không có dấu hiệu thần kinh khu trú, phản xạ gân xương hai bên đều.","Tai mũi họng, răng hàm mặt chưa phát hiện bất thường.",uncooperative,natural|indifferent|oppositional,tidy|untidy,normal|sad|tense,Triệu chứng thuyên giảm so với lần khám trước.,disordered,disordered,disordered,disordered,"Bệnh nhân tiếp xúc được, trả lời chậm, cần gợi ý nhiều.",normal,blunted,reduced_expression|reduced_communication|social_withdrawal,"Bệnh nhân hợp tác kém, cần người nhà hỗ trợ khai thác.",tactile|gustatory,,depersonalization|derealization,,"Bệnh nhân tiếp xúc được, trả lời chậm, cần gợi ý nhiều.",tangential|flight,reference|control|bizarre,,yes,Triệu chứng thuyên giảm so với lần khám trước.,distractible|hard_sustain,"Bệnh nhân tiếp xúc được, trả lời chậm, cần gợi ý nhiều.",decreased,decreased,normal,none|anterograde|global,"Bệnh nhân hợp tác kém, cần người nhà hỗ trợ khai thác.",retardation,Triệu chứng thuyên giảm so với lần khám trước.,agitation|stupor|posturing,poor_selfcare|self_harm|suicide,normal|total_insomnia|hypersomnia,normal|anorexia|refusal,Triệu chứng thuyên giảm so với lần khám trước.,3.91,114,4.6,66,23,8,6.0,4.5,97,32,33,17,"Nhịp xoang đều, tần số 78 ck/phút, không rối loạn dẫn truyền.","Sóng alpha chiếm ưu thế vùng chẩm, không ghi nhận sóng kịch phát.","Nhu mô não không thấy tổn thương khu trú, hệ thống não thất không giãn.",Điện não đồ trong giới hạn bình thường.,Chỉ số vân tay trong giới hạn tham chiếu.,Vận nhãn theo dõi mục tiêu có gián đoạn nhẹ.,Chưa phát hiện đột biến có ý nghĩa lâm sàng.,Nồng độ serotonin huyết tương giảm nhẹ so với tham chiếu.,Không có xét nghiệm bổ sung.,F20.3 - Tâm thần phân liệt thể không biệt định,Rối loạn phân liệt cảm xúc; Rối loạn hoang tưởng dai dẳng,Haloperidol 5mg/ngày; Olanzapine 5mg buổi tối,32,,,,,,,,,,,,,,,,,,,,,,,,,,,,,,,,,,,,,,,,,,,,,,,,,,,,,,,,,,,,,,,
BA0005,2026-03-29,Trung bình,Bình thường,53,170,72,36.9,105/65,"Nhịp tim đều, T1 T2 rõ, không nghe tiếng thổi bệnh lý.","Lồng ngực cân đối, rì rào phế nang êm dịu hai bên, không rale.","Bụng mềm, không chướng, gan lách không sờ thấy, đại tiện bình thường.","Hai thận không sờ thấy, không đau vùng thắt lưng, tiểu tiện bình thường.","Không có dấu hiệu thần kinh khu trú, phản xạ gân xương hai bên đều.","Tai mũi họng, răng hàm mặt chưa phát hiện bất thường.",cooperative,oppositional,tidy|bizarre,sad|anxious|tense,"Diễn biến ổn định, dung nạp thuốc tốt.",normal,normal,normal,normal,"Bệnh nhân hợp tác kém, cần người nhà hỗ trợ khai thác.",decreased,inappropriate|blunted,reduced_expression|reduced_communication|social_withdrawal,"Diễn biến ổn định, dung nạp thuốc tốt.",none|conversing|gustatory,,depersonalization,,Triệu chứng thuyên giảm so với lần khám trước.,tangential,reference|surveillance|bizarre,,yes,"Bệnh nhân hợp tác kém, cần người nhà hỗ trợ khai thác.",distractible,"Diễn biến ổn định, dung nạp thuốc tốt.",decreased,decreased,decreased,global,"Bệnh nhân hợp tác kém, cần người nhà hỗ trợ khai thác.",dementia,Triệu chứng thuyên giảm so với lần khám trước.,agitation|posturing,talking_alone|wandering,initial_insomnia|hypersomnia,normal|refusal,"Bệnh nhân hợp tác kém, cần người nhà hỗ trợ khai thác.",5.26,155,10.3,66,26,8,5.1,5.4,102,39,46,43,"Nhịp xoang đều, tần số 78 ck/phút, không rối loạn dẫn truyền.","Sóng alpha chiếm ưu thế vùng chẩm, không ghi nhận sóng kịch phát.","Nhu mô não không thấy tổn thương khu trú, hệ thống não thất không giãn.",Điện não đồ trong giới hạn bình thường.,Chỉ số vân tay trong giới hạn tham chiếu.,Vận nhãn theo dõi mục tiêu có gián đoạn nhẹ.,Chưa phát hiện đột biến có ý nghĩa lâm sàng.,Nồng độ serotonin huyết tương giảm nhẹ so với tham chiếu.,Không có xét nghiệm bổ sung.,F20.3 - Tâm thần phân liệt thể không biệt định,Rối loạn phân liệt cảm xúc; Rối loạn hoang tưởng dai dẳng,Olanzapine 10mg/ngày; Diazepam 5mg buổi tối,19,,,,,,,,,,,,,,,,,,,,,,,,,,,,,,,,,,,,,,,,,,,,,,,,,,,,,,,,,,,,,,,
BA0005,2026-03-08,Khá,Bình thường,54,171,64,36.8,125/85,"Nhịp tim đều, T1 T2 rõ, không nghe tiếng thổi bệnh lý.","Lồng ngực cân đối, rì rào phế nang êm dịu hai bên, không rale.","Bụng mềm, không chướng, gan lách không sờ thấy, đại tiện bình thường.","Hai thận không sờ thấy, không đau vùng thắt lưng, tiểu tiện bình thường.","Không có dấu hiệu thần kinh khu trú, phản xạ gân xương hai bên đều.","Tai mũi họng, răng hàm mặt chưa phát hiện bất thường.",uncooperative,avoidant|oppositional,untidy|weather_inappropriate|bizarre,anxious|tense|apathetic,Triệu chứng thuyên giảm so với lần khám trước.,normal,disordered,normal,normal,Triệu chứng thuyên giảm so với lần khám trước.,normal|irritable,apathetic|labile|unstable,reduced_communication|social_withdrawal,"Diễn biến ổn định, dung nạp thuốc tốt.",gustatory|other,Nghe tiếng gọi tên mình lúc nửa đêm,depersonalization,,"Diễn biến ổn định, dung nạp thuốc tốt.",loose|blocking,reference|control|bizarre,,no,"Diễn biến ổn định, dung nạp thuốc tốt.",distractible|hard_sustain,Triệu chứng thuyên giảm so với lần khám trước.,decreased,normal,normal,anterograde,"Bệnh nhân tiếp xúc được, trả lời chậm, cần gợi ý nhiều.",retardation,Triệu chứng thuyên giảm so với lần khám trước.,normal|hypokinesia|catatonia,laughing_alone|bizarre|self_harm,normal,anorexia|hyperphagia|refusal,"Bệnh nhân tiếp xúc được, trả lời chậm, cần gợi ý nhiều.",4.02,133,5.4,58,26,5,4.2,4.6,93,26,21,21,"Nhịp xoang đều, tần số 78 ck/phút, không rối loạn dẫn truyền.","Sóng alpha chiếm ưu thế vùng chẩm, không ghi nhận sóng kịch phát.","Nhu mô não không thấy tổn thương khu trú, hệ thống não thất không giãn.",Điện não đồ trong giới hạn bình thường.,Chỉ số vân tay trong giới hạn tham chiếu.,Vận nhãn theo dõi mục tiêu có gián đoạn nhẹ.,Chưa phát hiện đột biến có ý nghĩa lâm sàng.,Nồng độ serotonin huyết tương giảm nhẹ so với tham chiếu.,Không có xét nghiệm bổ sung.,F20.1 - Tâm thần phân liệt thể thanh xuân,Rối loạn phân liệt cảm xúc; Rối loạn hoang tưởng dai dẳng,Risperidone 2mg x 2 lần/ngày; Trihexyphenidyl 2mg/ngày,35,,,,,,,,,,,,,,,,,,,,,,,,,,,,,,,,,,,,,,,,,,,,,,,,,,,,,,,,,,,,,,,
BA0005,2026-02-02,Suy kiệt nhẹ,Hồng hào,48,175,84,36.7,130/80,"Nhịp tim đều, T1 T2 rõ, không nghe tiếng thổi bệnh lý.","Lồng ngực cân đối, rì rào phế nang êm dịu hai bên, không rale.","Bụng mềm, không chướng, gan lách không sờ thấy, đại tiện bình thường.","Hai thận không sờ thấy, không đau vùng thắt lưng, tiểu tiện bình thường.","Không liệt khu trú, không hội chứng màng não, đồng tử hai bên đều.","Tai mũi họng, răng hàm mặt chưa phát hiện bất thường.",limited,avoidant,weather_inappropriate,normal|sad|apathetic,Triệu chứng thuyên giảm so với lần khám trước.,normal,normal,disordered,disordered,"Bệnh nhân hợp tác kém, cần người nhà hỗ trợ khai thác.",normal,labile,reduced_expression|social_withdrawal,"Bệnh nhân hợp tác kém, cần người nhà hỗ trợ khai thác.",true_auditory|commanding|other,Nghe tiếng gọi tên mình lúc nửa đêm,depersonalization|derealization,,"Bệnh nhân hợp tác kém, cần người nhà hỗ trợ khai thác.",tangential|flight,persecution|surveillance,,no,"Diễn biến ổn định, dung nạp thuốc tốt.",distractible|hard_sustain,"Diễn biến ổn định, dung nạp thuốc tốt.",normal,normal,decreased,none,Triệu chứng thuyên giảm so với lần khám trước.,retardation,"Bệnh nhân hợp tác kém, cần người nhà hỗ trợ khai thác.",stereotypy|posturing,talking_alone|aggression,hypersomnia,normal|hyperphagia|refusal,Triệu chứng thuyên giảm so với lần khám trước.,5.25,134,7.8,64,20,6,4.9,5.7,79,41,16,39,"Nhịp xoang đều, tần số 78 ck/phút, không rối loạn dẫn truyền.","Sóng alpha chiếm ưu thế vùng chẩm, không ghi nhận sóng kịch phát.","Nhu mô não không thấy tổn thương khu trú, hệ thống não thất không giãn.",Điện não đồ trong giới hạn bình thường.,Chỉ số vân tay trong giới hạn tham chiếu.,Vận nhãn theo dõi mục tiêu có gián đoạn nhẹ.,Chưa phát hiện đột biến có ý nghĩa lâm sàng.,Nồng độ serotonin huyết tương giảm nhẹ so với tham chiếu.,Không có xét nghiệm bổ sung.,F20.1 - Tâm thần phân liệt thể thanh xuân,Rối loạn phân liệt cảm xúc; Rối loạn hoang tưởng dai dẳng,Risperidone 2mg x 2 lần/ngày; Trihexyphenidyl 2mg/ngày,31,,,,,,,,,,,,,,,,,,,,,,,,,,,,,,,,,,,,,,,,,,,,,,,,,,,,,,,,,,,,,,,
BA0005,2025-12-20,Gầy,Hồng hào,59,175,63,37.2,125/85,"Nhịp tim đều, T1 T2 rõ, không nghe tiếng thổi bệnh lý.","Lồng ngực cân đối, rì rào phế nang êm dịu hai bên, không rale.","Bụng mềm, không chướng, gan lách không sờ thấy, đại tiện bình thường.","Hai thận không sờ thấy, không đau vùng thắt lưng, tiểu tiện bình thường.","Không liệt khu trú, không hội chứng màng não, đồng tử hai bên đều.","Tai mũi họng, răng hàm mặt chưa phát hiện bất thường.",uncooperative,tense|oppositional,untidy,normal|anxious|apathetic,"Diễn biến ổn định, dung nạp thuốc tốt.",normal,normal,disordered,disordered,Triệu chứng thuyên giảm so với lần khám trước.,normal|decreased,blunted|unstable,social_withdrawal,Triệu chứng thuyên giảm so với lần khám trước.,pseudo_auditory|visual|other,Nghe tiếng gọi tên mình lúc nửa đêm,derealization|other,Cảm giác cơ thể biến dạng,Triệu chứng thuyên giảm so với lần khám trước.,circumstantial|flight,surveillance|control|other,Hoang tưởng phát minh,yes,"Bệnh nhân tiếp xúc được, trả lời chậm, cần gợi ý nhiều.",distractible|hard_sustain|hyperattention,"Diễn biến ổn định, dung nạp thuốc tốt.",decreased,decreased,decreased,none|retrograde|global,Triệu chứng thuyên giảm so với lần khám trước.,normal,Triệu chứng thuyên giảm so với lần khám trước.,agitation|stupor|catatonia,wandering,initial_insomnia,normal,"Bệnh nhân hợp tác kém, cần người nhà hỗ trợ khai thác.",4.33,133,10.0,59,39,7,5.9,7.0,83,35,26,21,"Nhịp xoang đều, tần số 78 ck/phút, không rối loạn dẫn truyền.","Sóng alpha chiếm ưu thế vùng chẩm, không ghi nhận sóng kịch phát.","Nhu mô não không thấy tổn thương khu trú, hệ thống não thất không giãn.",Điện não đồ trong giới hạn bình thường.,Chỉ số vân tay trong giới hạn tham chiếu.,Vận nhãn theo dõi mục tiêu có gián đoạn nhẹ.,Chưa phát hiện đột biến có ý nghĩa lâm sàng.,Nồng độ serotonin huyết tương giảm nhẹ so với tham chiếu.,Không có xét nghiệm bổ sung.,F20.1 - Tâm thần phân liệt thể thanh xuân,Rối loạn phân liệt cảm xúc; Rối loạn hoang tưởng dai dẳng,Risperidone 2mg x 2 lần/ngày; Trihexyphenidyl 2mg/ngày,9,,,,,,,,,,,,,,,,,,,,,,,,,,,,,,,,,,,,,,,,,,,,,,,,,,,,,,,,,,,,,,,
BA0005,2025-11-19,Khá,Bình thường,75,159,86,37.2,130/80,"Nhịp tim đều, T1 T2 rõ, không nghe tiếng thổi bệnh lý.","Lồng ngực cân đối, rì rào phế nang êm dịu hai bên, không rale.","Bụng mềm, không chướng, gan lách không sờ thấy, đại tiện bình thường.","Hai thận không sờ thấy, không đau vùng thắt lưng, tiểu tiện bình thường.","Không có dấu hiệu thần kinh khu trú, phản xạ gân xương hai bên đều.","Tai mũi họng, răng hàm mặt chưa phát hiện bất thường.",uncooperative,avoidant|tense|oppositional,untidy|weather_inappropriate,normal|anxious|apathetic,"Diễn biến ổn định, dung nạp thuốc tốt.",normal,disordered,normal,disordered,Triệu chứng thuyên giảm so với lần khám trước.,normal|increased|irritable,apathetic,reduced_expression|reduced_communication|social_withdrawal,"Bệnh nhân tiếp xúc được, trả lời chậm, cần gợi ý nhiều.",true_auditory|pseudo_auditory,,depersonalization|derealization|other,Cảm giác cơ thể biến dạng,"Diễn biến ổn định, dung nạp thuốc tốt.",irrelevant|flight,bizarre,,no,"Bệnh nhân tiếp xúc được, trả lời chậm, cần gợi ý nhiều.",normal|distractible|hard_sustain,"Bệnh nhân tiếp xúc được, trả lời chậm, cần gợi ý nhiều.",normal,normal,decreased,none|retrograde,"Diễn biến ổn định, dung nạp thuốc tốt.",retardation,"Bệnh nhân hợp tác kém, cần người nhà hỗ trợ khai thác.",agitation|catatonia,wandering|self_harm,normal|initial_insomnia|late_insomnia,anorexia|hyperphagia,"Bệnh nhân hợp tác kém, cần người nhà hỗ trợ khai thác.",3.89,112,6.5,70,31,9,4.4,6.7,79,22,22,21,"Nhịp xoang đều, tần số 78 ck/phút, không rối loạn dẫn truyền.","Sóng alpha chiếm ưu thế vùng chẩm, không ghi nhận sóng kịch phát.","Nhu mô não không thấy tổn thương khu trú, hệ thống não thất không giãn.",Điện não đồ trong giới hạn bình thường.,Chỉ số vân tay trong giới hạn tham chiếu.,Vận nhãn theo dõi mục tiêu có gián đoạn nhẹ.,Chưa phát hiện đột biến có ý nghĩa lâm sàng.,Nồng độ serotonin huyết tương giảm nhẹ so với tham chiếu.,Không có xét nghiệm bổ sung.,F20.0 - Tâm thần phân liệt thể paranoid,Rối loạn phân liệt cảm xúc; Rối loạn hoang tưởng dai dẳng,Olanzapine 10mg/ngày; Diazepam 5mg buổi tối,15,,,,,,,,,,,,,,,,,,,,,,,,,,,,,,,,,,,,,,,,,,,,,,,,,,,,,,,,,,,,,,,
BA0005,2025-10-14,Gầy,Hồng hào,77,151,92,36.7,105/65,"Nhịp tim đều, T1 T2 rõ, không nghe tiếng thổi bệnh lý.","Lồng ngực cân đối, rì rào phế nang êm dịu hai bên, không rale.","Bụng mềm, không chướng, gan lách không sờ thấy, đại tiện bình thường.","Hai thận không sờ thấy, không đau vùng thắt lưng, tiểu tiện bình thường.","Không có dấu hiệu thần kinh khu trú, phản xạ gân xương hai bên đều.","Tai mũi họng, răng hàm mặt chưa phát hiện bất thường.",uncooperative,oppositional,weather_inappropriate|bizarre,apathetic,Triệu chứng thuyên giảm so với lần khám trước.,disordered,normal,normal,normal,"Bệnh nhân hợp tác kém, cần người nhà hỗ trợ khai thác.",normal|decreased|increased,appropriate|unstable,reduced_response|reduced_communication|social_withdrawal,"Bệnh nhân hợp tác kém, cần người nhà hỗ trợ khai thác.",true_auditory|pseudo_auditory|commanding,,depersonalization,,"Diễn biến ổn định, dung nạp thuốc tốt.",tangential,persecution|reference|bizarre,,no,"Bệnh nhân hợp tác kém, cần người nhà hỗ trợ khai thác.",hyperattention,"Diễn biến ổn định, dung nạp thuốc tốt.",normal,normal,decreased,none|retrograde,"Bệnh nhân hợp tác kém, cần người nhà hỗ trợ khai thác.",normal,"Bệnh nhân tiếp xúc được, trả lời chậm, cần gợi ý nhiều.",agitation|stupor,wandering|aggression|poor_selfcare,initial_insomnia|late_insomnia,anorexia,"Bệnh nhân hợp tác kém, cần người nhà hỗ trợ khai thác.",4.67,131,8.0,71,22,7,4.5,5.5,80,41,41,40,"Nhịp xoang đều, tần số 78 ck/phút, không rối loạn dẫn truyền.","Sóng alpha chiếm ưu thế vùng chẩm, không ghi nhận sóng kịch phát.","Nhu mô não không thấy tổn thương khu trú, hệ thống não thất không giãn.",Điện não đồ trong giới hạn bình thường.,Chỉ số vân tay trong giới hạn tham chiếu.,Vận nhãn theo dõi mục tiêu có gián đoạn nhẹ.,Chưa phát hiện đột biến có ý nghĩa lâm sàng.,Nồng độ serotonin huyết tương giảm nhẹ so với tham chiếu.,Không có xét nghiệm bổ sung.,F20.1 - Tâm thần phân liệt thể thanh xuân,Rối loạn phân liệt cảm xúc; Rối loạn hoang tưởng dai dẳng,Risperidone 2mg x 2 lần/ngày; Trihexyphenidyl 2mg/ngày,12,,,,,,,,,,,,,,,,,,,,,,,,,,,,,,,,,,,,,,,,,,,,,,,,,,,,,,,,,,,,,,,
BA0005,2025-09-12,Gầy,Hồng hào,55,166,93,36.8,120/80,"Nhịp tim đều, T1 T2 rõ, không nghe tiếng thổi bệnh lý.","Lồng ngực cân đối, rì rào phế nang êm dịu hai bên, không rale.","Bụng mềm, không chướng, gan lách không sờ thấy, đại tiện bình thường.","Hai thận không sờ thấy, không đau vùng thắt lưng, tiểu tiện bình thường.","Không có dấu hiệu thần kinh khu trú, phản xạ gân xương hai bên đều.","Tai mũi họng, răng hàm mặt chưa phát hiện bất thường.",uncooperative,tense,tidy|untidy,normal|anxious|apathetic,"Bệnh nhân tiếp xúc được, trả lời chậm, cần gợi ý nhiều.",disordered,normal,normal,disordered,"Diễn biến ổn định, dung nạp thuốc tốt.",increased,blunted,reduced_response|reduced_communication,"Bệnh nhân hợp tác kém, cần người nhà hỗ trợ khai thác.",commanding,,depersonalization,,Triệu chứng thuyên giảm so với lần khám trước.,illogical|flight|neologism,bizarre|other,Hoang tưởng phát minh,yes,"Bệnh nhân hợp tác kém, cần người nhà hỗ trợ khai thác.",normal|distractible|hyperattention,"Bệnh nhân hợp tác kém, cần người nhà hỗ trợ khai thác.",normal,decreased,normal,anterograde|retrograde,"Bệnh nhân hợp tác kém, cần người nhà hỗ trợ khai thác.",retardation,"Bệnh nhân hợp tác kém, cần người nhà hỗ trợ khai thác.",agitation|catatonia,poor_selfcare,normal|middle_insomnia|total_insomnia,hyperphagia,"Bệnh nhân hợp tác kém, cần người nhà hỗ trợ khai thác.",4.44,129,5.6,50,40,6,5.3,6.9,76,34,49,23,"Nhịp xoang đều, tần số 78 ck/phút, không rối loạn dẫn truyền.","Sóng alpha chiếm ưu thế vùng chẩm, không ghi nhận sóng kịch phát.","Nhu mô não không thấy tổn thương khu trú, hệ thống não thất không giãn.",Điện não đồ trong giới hạn bình thường.,Chỉ số vân tay trong giới hạn tham chiếu.,Vận nhãn theo dõi mục tiêu có gián đoạn nhẹ.,Chưa phát hiện đột biến có ý nghĩa lâm sàng.,Nồng độ serotonin huyết tương giảm nhẹ so với tham chiếu.,Không có xét nghiệm bổ sung.,F20.1 - Tâm thần phân liệt thể thanh xuân,Rối loạn phân liệt cảm xúc; Rối loạn hoang tưởng dai dẳng,Olanzapine 10mg/ngày; Diazepam 5mg buổi tối,27,,,,,,,,,,,,,,,,,,,,,,,,,,,,,,,,,,,,,,,,,,,,,,,,,,,,,,,,,,,,,,,
BA0006,2026-07-02,Khá,Nhợt nhạt nhẹ,67,153,88,36.6,110/70,"Nhịp tim đều, T1 T2 rõ, không nghe tiếng thổi bệnh lý.","Lồng ngực cân đối, rì rào phế nang êm dịu hai bên, không rale.","Bụng mềm, không chướng, gan lách không sờ thấy, đại tiện bình thường.","Hai thận không sờ thấy, không đau vùng thắt lưng, tiểu tiện bình thường.","Không liệt khu trú, không hội chứng màng não, đồng tử hai bên đều.","Tai mũi họng, răng hàm mặt chưa phát hiện bất thường.",cooperative,natural,bizarre,tense,"Bệnh nhân hợp tác kém, cần người nhà hỗ trợ khai thác.",normal,normal,normal,normal,"Diễn biến ổn định, dung nạp thuốc tốt.",increased|irritable,appropriate|blunted,reduced_expression|reduced_response|reduced_communication,"Diễn biến ổn định, dung nạp thuốc tốt.",commenting|commanding,,depersonalization|derealization,,Triệu chứng thuyên giảm so với lần khám trước.,circumstantial|neologism,reference|control,,no,"Diễn biến ổn định, dung nạp thuốc tốt.",poor_concentration|hard_sustain,"Bệnh nhân hợp tác kém, cần người nhà hỗ trợ khai thác.",decreased,decreased,decreased,anterograde|retrograde,"Diễn biến ổn định, dung nạp thuốc tốt.",normal,"Bệnh nhân tiếp xúc được, trả lời chậm, cần gợi ý nhiều.",normal|negativism,suicide,middle_insomnia|late_insomnia|hypersomnia,refusal,Triệu chứng thuyên giảm so với lần khám trước.,4.69,112,10.5,47,38,3,4.7,5.3,102,18,45,53,"Nhịp xoang đều, tần số 78 ck/phút, không rối loạn dẫn truyền.","Sóng alpha chiếm ưu thế vùng chẩm, không ghi nhận sóng kịch phát.","Nhu mô não không thấy tổn thương khu trú, hệ thống não thất không giãn.",Điện não đồ trong giới hạn bình thường.,Chỉ số vân tay trong giới hạn tham chiếu.,Vận nhãn theo dõi mục tiêu có gián đoạn nhẹ.,Chưa phát hiện đột biến có ý nghĩa lâm sàng.,Nồng độ serotonin huyết tương giảm nhẹ so với tham chiếu.,Không có xét nghiệm bổ sung.,F20.1 - Tâm thần phân liệt thể thanh xuân,Rối loạn phân liệt cảm xúc; Rối loạn hoang tưởng dai dẳng,Haloperidol 5mg/ngày; Olanzapine 5mg buổi tối,35,,,,,,,,,,,,,,,,,,,,,,,,,,,,,,,,,,,,,,,,,,,,,,,,,,,,,,,,,,,,,,,
BA0006,2026-06-10,Trung bình,Kém hồng,59,163,80,36.9,115/75,"Nhịp tim đều, T1 T2 rõ, không nghe tiếng thổi bệnh lý.","Lồng ngực cân đối, rì rào phế nang êm dịu hai bên, không rale.","Bụng mềm, không chướng, gan lách không sờ thấy, đại tiện bình thường.","Hai thận không sờ thấy, không đau vùng thắt lưng, tiểu tiện bình thường.","Không có dấu hiệu thần kinh khu trú, phản xạ gân xương hai bên đều.","Tai mũi họng, răng hàm mặt chưa phát hiện bất thường.",uncooperative,natural|avoidant|oppositional,weather_inappropriate,normal|sad|anxious,"Bệnh nhân hợp tác kém, cần người nhà hỗ trợ khai thác.",normal,disordered,normal,normal,"Diễn biến ổn định, dung nạp thuốc tốt.",decreased,labile,reduced_response|social_withdrawal,Triệu chứng thuyên giảm so với lần khám trước.,none|gustatory,,depersonalization,,"Bệnh nhân hợp tác kém, cần người nhà hỗ trợ khai thác.",normal|tangential,surveillance|bizarre,,no,"Bệnh nhân tiếp xúc được, trả lời chậm, cần gợi ý nhiều.",normal|poor_concentration|hyperattention,"Bệnh nhân tiếp xúc được, trả lời chậm, cần gợi ý nhiều.",normal,decreased,normal,none,"Diễn biến ổn định, dung nạp thuốc tốt.",retardation,"Bệnh nhân hợp tác kém, cần người nhà hỗ trợ khai thác.",posturing,destructive,total_insomnia,refusal,"Bệnh nhân hợp tác kém, cần người nhà hỗ trợ khai thác.",4.58,146,9.2,56,22,3,5.4,5.3,89,23,49,30,"Nhịp xoang đều, tần số 78 ck/phút, không rối loạn dẫn truyền.","Sóng alpha chiếm ưu thế vùng chẩm, không ghi nhận sóng kịch phát.","Nhu mô não không thấy tổn thương khu trú, hệ thống não thất không giãn.",Điện não đồ trong giới hạn bình thường.,Chỉ số vân tay trong giới hạn tham chiếu.,Vận nhãn theo dõi mục tiêu có gián đoạn nhẹ.,Chưa phát hiện đột biến có ý nghĩa lâm sàng.,Nồng độ serotonin huyết tương giảm nhẹ so với tham chiếu.,Không có xét nghiệm bổ sung.,F20.0 - Tâm thần phân liệt thể paranoid,Rối loạn phân liệt cảm xúc; Rối loạn hoang tưởng dai dẳng,Risperidone 2mg x 2 lần/ngày; Trihexyphenidyl 2mg/ngày,20,,,,,,,,,,,,,,,,,,,,,,,,,,,,,,,,,,,,,,,,,,,,,,,,,,,,,,,,,,,,,,,
BA0006,2026-05-19,Trung bình,Nhợt nhạt nhẹ,57,176,66,36.6,130/80,"Nhịp tim đều, T1 T2 rõ, không nghe tiếng thổi bệnh lý.","Lồng ngực cân đối, rì rào phế nang êm dịu hai bên, không rale.","Bụng mềm, không chướng, gan lách không sờ thấy, đại tiện bình thường.","Hai thận không sờ thấy, không đau vùng thắt lưng, tiểu tiện bình thường.","Không liệt khu trú, không hội chứng màng não, đồng tử hai bên đều.","Tai mũi họng, răng hàm mặt chưa phát hiện bất thường.",uncooperative,natural|indifferent|tense,tidy|untidy|bizarre,sad|anxious|tense,"Diễn biến ổn định, dung nạp thuốc tốt.",normal,normal,normal,normal,Triệu chứng thuyên giảm so với lần khám trước.,normal|decreased|increased,appropriate|apathetic,reduced_expression|reduced_communication|social_withdrawal,"Diễn biến ổn định, dung nạp thuốc tốt.",true_auditory|commanding|tactile,,derealization|other,Cảm giác cơ thể biến dạng,"Bệnh nhân tiếp xúc được, trả lời chậm, cần gợi ý nhiều.",normal|neologism,reference|surveillance|other,Hoang tưởng phát minh,no,"Bệnh nhân hợp tác kém, cần người nhà hỗ trợ khai thác.",normal|poor_concentration|hard_sustain,"Diễn biến ổn định, dung nạp thuốc tốt.",decreased,decreased,decreased,anterograde|retrograde|global,Triệu chứng thuyên giảm so với lần khám trước.,dementia,"Bệnh nhân hợp tác kém, cần người nhà hỗ trợ khai thác.",agitation,talking_alone|wandering|self_harm,initial_insomnia,normal|anorexia|hyperphagia,Triệu chứng thuyên giảm so với lần khám trước.,3.93,149,8.9,60,22,3,4.7,3.6,86,41,48,28,"Nhịp xoang đều, tần số 78 ck/phút, không rối loạn dẫn truyền.","Sóng alpha chiếm ưu thế vùng chẩm, không ghi nhận sóng kịch phát.","Nhu mô não không thấy tổn thương khu trú, hệ thống não thất không giãn.",Điện não đồ trong giới hạn bình thường.,Chỉ số vân tay trong giới hạn tham chiếu.,Vận nhãn theo dõi mục tiêu có gián đoạn nhẹ.,Chưa phát hiện đột biến có ý nghĩa lâm sàng.,Nồng độ serotonin huyết tương giảm nhẹ so với tham chiếu.,Không có xét nghiệm bổ sung.,F20.3 - Tâm thần phân liệt thể không biệt định,Rối loạn phân liệt cảm xúc; Rối loạn hoang tưởng dai dẳng,Haloperidol 5mg/ngày; Olanzapine 5mg buổi tối,15,,,,,,,,,,,,,,,,,,,,,,,,,,,,,,,,,,,,,,,,,,,,,,,,,,,,,,,,,,,,,,,
BA0006,2026-04-26,Béo,Kém hồng,51,157,70,36.6,105/65,"Nhịp tim đều, T1 T2 rõ, không nghe tiếng thổi bệnh lý.","Lồng ngực cân đối, rì rào phế nang êm dịu hai bên, không rale.","Bụng mềm, không chướng, gan lách không sờ thấy, đại tiện bình thường.","Hai thận không sờ thấy, không đau vùng thắt lưng, tiểu tiện bình thường.","Không liệt khu trú, không hội chứng màng não, đồng tử hai bên đều.","Tai mũi họng, răng hàm mặt chưa phát hiện bất thường.",limited,tense,untidy|bizarre,sad|anxious,"Bệnh nhân hợp tác kém, cần người nhà hỗ trợ khai thác.",normal,normal,normal,disordered,Triệu chứng thuyên giảm so với lần khám trước.,decreased|increased,inappropriate,reduced_expression,Triệu chứng thuyên giảm so với lần khám trước.,pseudo_auditory,,depersonalization|derealization,,"Diễn biến ổn định, dung nạp thuốc tốt.",blocking|circumstantial,persecution|control,,no,Triệu chứng thuyên giảm so với lần khám trước.,poor_concentration,Triệu chứng thuyên giảm so với lần khám trước.,normal,normal,decreased,none|anterograde|retrograde,"Bệnh nhân hợp tác kém, cần người nhà hỗ trợ khai thác.",dementia,"Bệnh nhân hợp tác kém, cần người nhà hỗ trợ khai thác.",normal|agitation|posturing,aggression|suicide,middle_insomnia,hyperphagia|refusal,"Diễn biến ổn định, dung nạp thuốc tốt.",4.44,149,5.7,54,37,3,4.7,6.2,82,27,28,48,"Nhịp xoang đều, tần số 78 ck/phút, không rối loạn dẫn truyền.","Sóng alpha chiếm ưu thế vùng chẩm, không ghi nhận sóng kịch phát.","Nhu mô não không thấy tổn thương khu trú, hệ thống não thất không giãn.",Điện não đồ trong giới hạn bình thường.,Chỉ số vân tay trong giới hạn tham chiếu.,Vận nhãn theo dõi mục tiêu có gián đoạn nhẹ.,Chưa phát hiện đột biến có ý nghĩa lâm sàng.,Nồng độ serotonin huyết tương giảm nhẹ so với tham chiếu.,Không có xét nghiệm bổ sung.,F20.0 - Tâm thần phân liệt thể paranoid,Rối loạn phân liệt cảm xúc; Rối loạn hoang tưởng dai dẳng,Haloperidol 5mg/ngày; Olanzapine 5mg buổi tối,28,,,,,,,,,,,,,,,,,,,,,,,,,,,,,,,,,,,,,,,,,,,,,,,,,,,,,,,,,,,,,,,
BA0006,2026-04-04,Trung bình,Hồng hào,64,157,64,36.8,120/80,"Nhịp tim đều, T1 T2 rõ, không nghe tiếng thổi bệnh lý.","Lồng ngực cân đối, rì rào phế nang êm dịu hai bên, không rale.","Bụng mềm, không chướng, gan lách không sờ thấy, đại tiện bình thường.","Hai thận không sờ thấy, không đau vùng thắt lưng, tiểu tiện bình thường.","Không liệt khu trú, không hội chứng màng não, đồng tử hai bên đều.","Tai mũi họng, răng hàm mặt chưa phát hiện bất thường.",limited,natural|avoidant,untidy|weather_inappropriate,normal|apathetic,"Diễn biến ổn định, dung nạp thuốc tốt.",disordered,disordered,disordered,normal,"Bệnh nhân tiếp xúc được, trả lời chậm, cần gợi ý nhiều.",decreased,inappropriate|unstable,reduced_response,"Bệnh nhân tiếp xúc được, trả lời chậm, cần gợi ý nhiều.",true_auditory|pseudo_auditory|gustatory,,depersonalization|other,Cảm giác cơ thể biến dạng,Triệu chứng thuyên giảm so với lần khám trước.,irrelevant|flight,control,,no,"Bệnh nhân hợp tác kém, cần người nhà hỗ trợ khai thác.",hyperattention,"Diễn biến ổn định, dung nạp thuốc tốt.",normal,normal,decreased,anterograde|retrograde|global,Triệu chứng thuyên giảm so với lần khám trước.,normal,Triệu chứng thuyên giảm so với lần khám trước.,normal|stereotypy,laughing_alone,normal|hypersomnia,normal|hyperphagia,"Bệnh nhân tiếp xúc được, trả lời chậm, cần gợi ý nhiều.",5.18,115,9.4,46,38,7,6.4,6.9,102,23,43,26,"Nhịp xoang đều, tần số 78 ck/phút, không rối loạn dẫn truyền.","Sóng alpha chiếm ưu thế vùng chẩm, không ghi nhận sóng kịch phát.","Nhu mô não không thấy tổn thương khu trú, hệ thống não thất không giãn.",Điện não đồ trong giới hạn bình thường.,Chỉ số vân tay trong giới hạn tham chiếu.,Vận nhãn theo dõi mục tiêu có gián đoạn nhẹ.,Chưa phát hiện đột biến có ý nghĩa lâm sàng.,Nồng độ serotonin huyết tương giảm nhẹ so với tham chiếu.,Không có xét nghiệm bổ sung.,F20.3 - Tâm thần phân liệt thể không biệt định,Rối loạn phân liệt cảm xúc; Rối loạn hoang tưởng dai dẳng,Risperidone 2mg x 2 lần/ngày; Trihexyphenidyl 2mg/ngày,13,,,,,,,,,,,,,,,,,,,,,,,,,,,,,,,,,,,,,,,,,,,,,,,,,,,,,,,,,,,,,,,
BA0006,2026-02-21,Trung bình,Nhợt nhạt nhẹ,76,178,87,37.0,115/75,"Nhịp tim đều, T1 T2 rõ, không nghe tiếng thổi bệnh lý.","Lồng ngực cân đối, rì rào phế nang êm dịu hai bên, không rale.","Bụng mềm, không chướng, gan lách không sờ thấy, đại tiện bình thường.","Hai thận không sờ thấy, không đau vùng thắt lưng, tiểu tiện bình thường.","Không liệt khu trú, không hội chứng màng não, đồng tử hai bên đều.","Tai mũi họng, răng hàm mặt chưa phát hiện bất thường.",cooperative,indifferent,untidy|weather_inappropriate|bizarre,apathetic,"Diễn biến ổn định, dung nạp thuốc tốt.",disordered,disordered,disordered,disordered,"Bệnh nhân tiếp xúc được, trả lời chậm, cần gợi ý nhiều.",normal,apathetic,reduced_expression|reduced_response,"Bệnh nhân hợp tác kém, cần người nhà hỗ trợ khai thác.",commenting,,depersonalization|derealization,,"Bệnh nhân tiếp xúc được, trả lời chậm, cần gợi ý nhiều.",loose,persecution|control,,yes,Triệu chứng thuyên giảm so với lần khám trước.,poor_concentration|hyperattention,"Diễn biến ổn định, dung nạp thuốc tốt.",decreased,normal,decreased,none|anterograde|retrograde,"Bệnh nhân hợp tác kém, cần người nhà hỗ trợ khai thác.",dementia,"Bệnh nhân hợp tác kém, cần người nhà hỗ trợ khai thác.",agitation,wandering|suicide,normal|total_insomnia|hypersomnia,anorexia|hyperphagia,Triệu chứng thuyên giảm so với lần khám trước.,4.21,138,9.9,53,22,7,6.1,4.6,77,21,52,41,"Nhịp xoang đều, tần số 78 ck/phút, không rối loạn dẫn truyền.","Sóng alpha chiếm ưu thế vùng chẩm, không ghi nhận sóng kịch phát.","Nhu mô não không thấy tổn thương khu trú, hệ thống não thất không giãn.",Điện não đồ trong giới hạn bình thường.,Chỉ số vân tay trong giới hạn tham chiếu.,Vận nhãn theo dõi mục tiêu có gián đoạn nhẹ.,Chưa phát hiện đột biến có ý nghĩa lâm sàng.,Nồng độ serotonin huyết tương giảm nhẹ so với tham chiếu.,Không có xét nghiệm bổ sung.,F20.1 - Tâm thần phân liệt thể thanh xuân,Rối loạn phân liệt cảm xúc; Rối loạn hoang tưởng dai dẳng,Haloperidol 5mg/ngày; Olanzapine 5mg buổi tối,25,,,,,,,,,,,,,,,,,,,,,,,,,,,,,,,,,,,,,,,,,,,,,,,,,,,,,,,,,,,,,,,
BA0006,2026-01-11,Khá,Bình thường,49,161,69,36.7,110/70,"Nhịp tim đều, T1 T2 rõ, không nghe tiếng thổi bệnh lý.","Lồng ngực cân đối, rì rào phế nang êm dịu hai bên, không rale.","Bụng mềm, không chướng, gan lách không sờ thấy, đại tiện bình thường.","Hai thận không sờ thấy, không đau vùng thắt lưng, tiểu tiện bình thường.","Không liệt khu trú, không hội chứng màng não, đồng tử hai bên đều.","Tai mũi họng, răng hàm mặt chưa phát hiện bất thường.",cooperative,oppositional,tidy|weather_inappropriate|bizarre,apathetic,"Bệnh nhân tiếp xúc được, trả lời chậm, cần gợi ý nhiều.",normal,disordered,normal,normal,"Bệnh nhân tiếp xúc được, trả lời chậm, cần gợi ý nhiều.",normal,appropriate|blunted,reduced_response,"Bệnh nhân tiếp xúc được, trả lời chậm, cần gợi ý nhiều.",olfactory,,derealization,,"Bệnh nhân tiếp xúc được, trả lời chậm, cần gợi ý nhiều.",loose|illogical,surveillance|bizarre|other,Hoang tưởng phát minh,no,"Bệnh nhân hợp tác kém, cần người nhà hỗ trợ khai thác.",normal|hard_sustain|hyperattention,"Diễn biến ổn định, dung nạp thuốc tốt.",decreased,normal,decreased,none|global,"Bệnh nhân tiếp xúc được, trả lời chậm, cần gợi ý nhiều.",retardation,"Diễn biến ổn định, dung nạp thuốc tốt.",catatonia,laughing_alone|withdrawn,total_insomnia,anorexia|refusal,"Bệnh nhân tiếp xúc được, trả lời chậm, cần gợi ý nhiều.",5.02,158,6.6,65,24,7,6.1,4.5,101,23,44,33,"Nhịp xoang đều, tần số 78 ck/phút, không rối loạn dẫn truyền.","Sóng alpha chiếm ưu thế vùng chẩm, không ghi nhận sóng kịch phát.","Nhu mô não không thấy tổn thương khu trú, hệ thống não thất không giãn.",Điện não đồ trong giới hạn bình thường.,Chỉ số vân tay trong giới hạn tham chiếu.,Vận nhãn theo dõi mục tiêu có gián đoạn nhẹ.,Chưa phát hiện đột biến có ý nghĩa lâm sàng.,Nồng độ serotonin huyết tương giảm nhẹ so với tham chiếu.,Không có xét nghiệm bổ sung.,F20.3 - Tâm thần phân liệt thể không biệt định,Rối loạn phân liệt cảm xúc; Rối loạn hoang tưởng dai dẳng,Haloperidol 5mg/ngày; Olanzapine 5mg buổi tối,15,,,,,,,,,,,,,,,,,,,,,,,,,,,,,,,,,,,,,,,,,,,,,,,,,,,,,,,,,,,,,,,
BA0006,2025-12-03,Trung bình,Nhợt nhạt nhẹ,67,153,94,36.8,120/80,"Nhịp tim đều, T1 T2 rõ, không nghe tiếng thổi bệnh lý.","Lồng ngực cân đối, rì rào phế nang êm dịu hai bên, không rale.","Bụng mềm, không chướng, gan lách không sờ thấy, đại tiện bình thường.","Hai thận không sờ thấy, không đau vùng thắt lưng, tiểu tiện bình thường.","Không liệt khu trú, không hội chứng màng não, đồng tử hai bên đều.","Tai mũi họng, răng hàm mặt chưa phát hiện bất thường.",limited,indifferent,tidy|untidy|bizarre,anxious,"Diễn biến ổn định, dung nạp thuốc tốt.",normal,normal,normal,disordered,"Bệnh nhân hợp tác kém, cần người nhà hỗ trợ khai thác.",decreased|increased,appropriate|inappropriate|apathetic,reduced_expression|social_withdrawal,"Bệnh nhân hợp tác kém, cần người nhà hỗ trợ khai thác.",none|true_auditory|other,Nghe tiếng gọi tên mình lúc nửa đêm,depersonalization|other,Cảm giác cơ thể biến dạng,"Diễn biến ổn định, dung nạp thuốc tốt.",normal|circumstantial,other,Hoang tưởng phát minh,no,"Bệnh nhân tiếp xúc được, trả lời chậm, cần gợi ý nhiều.",hard_sustain|hyperattention,"Bệnh nhân tiếp xúc được, trả lời chậm, cần gợi ý nhiều.",decreased,normal,decreased,none|anterograde|global,"Bệnh nhân hợp tác kém, cần người nhà hỗ trợ khai thác.",retardation,Triệu chứng thuyên giảm so với lần khám trước.,normal,poor_selfcare,normal|total_insomnia,hyperphagia,"Diễn biến ổn định, dung nạp thuốc tốt.",4.08,123,10.2,69,39,6,5.6,4.4,70,28,18,21,"Nhịp xoang đều, tần số 78 ck/phút, không rối loạn dẫn truyền.","Sóng alpha chiếm ưu thế vùng chẩm, không ghi nhận sóng kịch phát.","Nhu mô não không thấy tổn thương khu trú, hệ thống não thất không giãn.",Điện não đồ trong giới hạn bình thường.,Chỉ số vân tay trong giới hạn tham chiếu.,Vận nhãn theo dõi mục tiêu có gián đoạn nhẹ.,Chưa phát hiện đột biến có ý nghĩa lâm sàng.,Nồng độ serotonin huyết tương giảm nhẹ so với tham chiếu.,Không có xét nghiệm bổ sung.,F20.1 - Tâm thần phân liệt thể thanh xuân,Rối loạn phân liệt cảm xúc; Rối loạn hoang tưởng dai dẳng,Haloperidol 5mg/ngày; Olanzapine 5mg buổi tối,30,,,,,,,,,,,,,,,,,,,,,,,,,,,,,,,,,,,,,,,,,,,,,,,,,,,,,,,,,,,,,,,
BA0006,2025-11-02,Suy kiệt nhẹ,Bình thường,49,180,79,36.5,120/80,"Nhịp tim đều, T1 T2 rõ, không nghe tiếng thổi bệnh lý.","Lồng ngực cân đối, rì rào phế nang êm dịu hai bên, không rale.","Bụng mềm, không chướng, gan lách không sờ thấy, đại tiện bình thường.","Hai thận không sờ thấy, không đau vùng thắt lưng, tiểu tiện bình thường.","Không có dấu hiệu thần kinh khu trú, phản xạ gân xương hai bên đều.","Tai mũi họng, răng hàm mặt chưa phát hiện bất thường.",uncooperative,tense|oppositional,weather_inappropriate|bizarre,sad,"Bệnh nhân tiếp xúc được, trả lời chậm, cần gợi ý nhiều.",normal,disordered,disordered,normal,"Bệnh nhân hợp tác kém, cần người nhà hỗ trợ khai thác.",decreased|increased|irritable,appropriate|blunted|apathetic,reduced_expression|reduced_response|social_withdrawal,"Bệnh nhân hợp tác kém, cần người nhà hỗ trợ khai thác.",conversing,,depersonalization|derealization,,"Diễn biến ổn định, dung nạp thuốc tốt.",normal|blocking|circumstantial,persecution,,yes,"Bệnh nhân hợp tác kém, cần người nhà hỗ trợ khai thác.",poor_concentration|distractible|hyperattention,Triệu chứng thuyên giảm so với lần khám trước.,decreased,normal,normal,none|global,"Bệnh nhân tiếp xúc được, trả lời chậm, cần gợi ý nhiều.",dementia,Triệu chứng thuyên giảm so với lần khám trước.,normal|agitation|stereotypy,talking_alone|destructive|suicide,normal|middle_insomnia|late_insomnia,anorexia|hyperphagia,"Bệnh nhân tiếp xúc được, trả lời chậm, cần gợi ý nhiều.",4.12,147,4.5,53,37,8,4.1,4.8,86,24,23,52,"Nhịp xoang đều, tần số 78 ck/phút, không rối loạn dẫn truyền.","Sóng alpha chiếm ưu thế vùng chẩm, không ghi nhận sóng kịch phát.","Nhu mô não không thấy tổn thương khu trú, hệ thống não thất không giãn.",Điện não đồ trong giới hạn bình thường.,Chỉ số vân tay trong giới hạn tham chiếu.,Vận nhãn theo dõi mục tiêu có gián đoạn nhẹ.,Chưa phát hiện đột biến có ý nghĩa lâm sàng.,Nồng độ serotonin huyết tương giảm nhẹ so với tham chiếu.,Không có xét nghiệm bổ sung.,F20.3 - Tâm thần phân liệt thể không biệt định,Rối loạn phân liệt cảm xúc; Rối loạn hoang tưởng dai dẳng,Olanzapine 10mg/ngày; Diazepam 5mg buổi tối,12,,,,,,,,,,,,,,,,,,,,,,,,,,,,,,,,,,,,,,,,,,,,,,,,,,,,,,,,,,,,,,,
BA0006,2025-10-12,Béo,Kém hồng,69,177,64,37.2,115/75,"Nhịp tim đều, T1 T2 rõ, không nghe tiếng thổi bệnh lý.","Lồng ngực cân đối, rì rào phế nang êm dịu hai bên, không rale.","Bụng mềm, không chướng, gan lách không sờ thấy, đại tiện bình thường.","Hai thận không sờ thấy, không đau vùng thắt lưng, tiểu tiện bình thường.","Không có dấu hiệu thần kinh khu trú, phản xạ gân xương hai bên đều.","Tai mũi họng, răng hàm mặt chưa phát hiện bất thường.",uncooperative,indifferent|avoidant,untidy,sad,"Bệnh nhân tiếp xúc được, trả lời chậm, cần gợi ý nhiều.",disordered,normal,disordered,disordered,"Diễn biến ổn định, dung nạp thuốc tốt.",decreased|increased,apathetic,reduced_expression|reduced_response,Triệu chứng thuyên giảm so với lần khám trước.,conversing|commanding|visual,,depersonalization|derealization|other,Cảm giác cơ thể biến dạng,"Diễn biến ổn định, dung nạp thuốc tốt.",loose|tangential,persecution|control|bizarre,,yes,"Bệnh nhân hợp tác kém, cần người nhà hỗ trợ khai thác.",hyperattention,"Diễn biến ổn định, dung nạp thuốc tốt.",decreased,normal,decreased,anterograde|retrograde|global,Triệu chứng thuyên giảm so với lần khám trước.,normal,"Bệnh nhân tiếp xúc được, trả lời chậm, cần gợi ý nhiều.",agitation|posturing,talking_alone|wandering|aggression,normal|initial_insomnia|total_insomnia,normal,"Bệnh nhân hợp tác kém, cần người nhà hỗ trợ khai thác.",5.31,146,8.4,66,40,3,5.0,3.8,60,30,41,21,"Nhịp xoang đều, tần số 78 ck/phút, không rối loạn dẫn truyền.","Sóng alpha chiếm ưu thế vùng chẩm, không ghi nhận sóng kịch phát.","Nhu mô não không thấy tổn thương khu trú, hệ thống não thất không giãn.",Điện não đồ trong giới hạn bình thường.,Chỉ số vân tay trong giới hạn tham chiếu.,Vận nhãn theo dõi mục tiêu có gián đoạn nhẹ.,Chưa phát hiện đột biến có ý nghĩa lâm sàng.,Nồng độ serotonin huyết tương giảm nhẹ so với tham chiếu.,Không có xét nghiệm bổ sung.,F20.3 - Tâm thần phân liệt thể không biệt định,Rối loạn phân liệt cảm xúc; Rối loạn hoang tưởng dai dẳng,Risperidone 2mg x 2 lần/ngày; Trihexyphenidyl 2mg/ngày,10,,,,,,,,,,,,,,,,,,,,,,,,,,,,,,,,,,,,,,,,,,,,,,,,,,,,,,,,,,,,,,,
BA0007,2026-06-11,Gầy,Hồng hào,67,153,66,36.2,120/80,"Nhịp tim đều, T1 T2 rõ, không nghe tiếng thổi bệnh lý.","Lồng ngực cân đối, rì rào phế nang êm dịu hai bên, không rale.","Bụng mềm, không chướng, gan lách không sờ thấy, đại tiện bình thường.","Hai thận không sờ thấy, không đau vùng thắt lưng, tiểu tiện bình thường.","Không có dấu hiệu thần kinh khu trú, phản xạ gân xương hai bên đều.","Tai mũi họng, răng hàm mặt chưa phát hiện bất thường.",cooperative,tense|oppositional,tidy|weather_inappropriate,anxious|tense|apathetic,"Diễn biến ổn định, dung nạp thuốc tốt.",disordered,disordered,disordered,normal,"Diễn biến ổn định, dung nạp thuốc tốt.",normal|irritable,blunted|labile|unstable,reduced_expression|reduced_response|reduced_communication,"Bệnh nhân hợp tác kém, cần người nhà hỗ trợ khai thác.",commenting,,derealization|other,Cảm giác cơ thể biến dạng,"Bệnh nhân hợp tác kém, cần người nhà hỗ trợ khai thác.",tangential,surveillance,,no,Triệu chứng thuyên giảm so với lần khám trước.,normal|distractible,"Bệnh nhân hợp tác kém, cần người nhà hỗ trợ khai thác.",normal,normal,decreased,anterograde|retrograde|global,Triệu chứng thuyên giảm so với lần khám trước.,normal,Triệu chứng thuyên giảm so với lần khám trước.,normal|hypokinesia|posturing,bizarre,initial_insomnia|total_insomnia,hyperphagia,Triệu chứng thuyên giảm so với lần khám trước.,4.75,119,5.5,69,39,4,5.3,3.7,74,20,25,42,"Nhịp xoang đều, tần số 78 ck/phút, không rối loạn dẫn truyền.","Sóng alpha chiếm ưu thế vùng chẩm, không ghi nhận sóng kịch phát.","Nhu mô não không thấy tổn thương khu trú, hệ thống não thất không giãn.",Điện não đồ trong giới hạn bình thường.,Chỉ số vân tay trong giới hạn tham chiếu.,Vận nhãn theo dõi mục tiêu có gián đoạn nhẹ.,Chưa phát hiện đột biến có ý nghĩa lâm sàng.,Nồng độ serotonin huyết tương giảm nhẹ so với tham chiếu.,Không có xét nghiệm bổ sung.,F20.3 - Tâm thần phân liệt thể không biệt định,Rối loạn phân liệt cảm xúc; Rối loạn hoang tưởng dai dẳng,Haloperidol 5mg/ngày; Olanzapine 5mg buổi tối,17,,,,,,,,,,,,,,,,,,,,,,,,,,,,,,,,,,,,,,,,,,,,,,,,,,,,,,,,,,,,,,,
BA0007,2026-05-21,Trung bình,Nhợt nhạt nhẹ,72,165,89,36.8,110/70,"Nhịp tim đều, T1 T2 rõ, không nghe tiếng thổi bệnh lý.","Lồng ngực cân đối, rì rào phế nang êm dịu hai bên, không rale.","Bụng mềm, không chướng, gan lách không sờ thấy, đại tiện bình thường.","Hai thận không sờ thấy, không đau vùng thắt lưng, tiểu tiện bình thường.","Không có dấu hiệu thần kinh khu trú, phản xạ gân xương hai bên đều.","Tai mũi họng, răng hàm mặt chưa phát hiện bất thường.",uncooperative,natural|avoidant,tidy|untidy|bizarre,tense,"Bệnh nhân tiếp xúc được, trả lời chậm, cần gợi ý nhiều.",normal,normal,normal,disordered,"Diễn biến ổn định, dung nạp thuốc tốt.",decreased|irritable,inappropriate|apathetic|unstable,reduced_expression,"Bệnh nhân tiếp xúc được, trả lời chậm, cần gợi ý nhiều.",commenting|tactile,,depersonalization,,"Bệnh nhân tiếp xúc được, trả lời chậm, cần gợi ý nhiều.",normal|illogical,persecution,,no,"Bệnh nhân hợp tác kém, cần người nhà hỗ trợ khai thác.",normal|poor_concentration,"Bệnh nhân hợp tác kém, cần người nhà hỗ trợ khai thác.",decreased,normal,normal,none|global,"Diễn biến ổn định, dung nạp thuốc tốt.",dementia,"Diễn biến ổn định, dung nạp thuốc tốt.",stupor|catatonia|stereotypy,destructive|poor_selfcare,normal|middle_insomnia,normal|anorexia|hyperphagia,"Bệnh nhân tiếp xúc được, trả lời chậm, cần gợi ý nhiều.",3.82,110,4.8,68,24,8,4.3,6.3,63,23,42,26,"Nhịp xoang đều, tần số 78 ck/phút, không rối loạn dẫn truyền.","Sóng alpha chiếm ưu thế vùng chẩm, không ghi nhận sóng kịch phát.","Nhu mô não không thấy tổn thương khu trú, hệ thống não thất không giãn.",Điện não đồ trong giới hạn bình thường.,Chỉ số vân tay trong giới hạn tham chiếu.,Vận nhãn theo dõi mục tiêu có gián đoạn nhẹ.,Chưa phát hiện đột biến có ý nghĩa lâm sàng.,Nồng độ serotonin huyết tương giảm nhẹ so với tham chiếu.,Không có xét nghiệm bổ sung.,F20.1 - Tâm thần phân liệt thể thanh xuân,Rối loạn phân liệt cảm xúc; Rối loạn hoang tưởng dai dẳng,Olanzapine 10mg/ngày; Diazepam 5mg buổi tối,17,,,,,,,,,,,,,,,,,,,,,,,,,,,,,,,,,,,,,,,,,,,,,,,,,,,,,,,,,,,,,,,
BA0007,2026-04-29,Béo,Hồng hào,59,172,63,37.4,110/70,"Nhịp tim đều, T1 T2 rõ, không nghe tiếng thổi bệnh lý.","Lồng ngực cân đối, rì rào phế nang êm dịu hai bên, không rale.","Bụng mềm, không chướng, gan lách không sờ thấy, đại tiện bình thường.","Hai thận không sờ thấy, không đau vùng thắt lưng, tiểu tiện bình thường.","Không có dấu hiệu thần kinh khu trú, phản xạ gân xương hai bên đều.","Tai mũi họng, răng hàm mặt chưa phát hiện bất thường.",limited,indifferent|avoidant|oppositional,weather_inappropriate|bizarre,normal|sad|apathetic,"Bệnh nhân hợp tác kém, cần người nhà hỗ trợ khai thác.",disordered,normal,normal,disordered,"Diễn biến ổn định, dung nạp thuốc tốt.",irritable,blunted|apathetic,social_withdrawal,"Diễn biến ổn định, dung nạp thuốc tốt.",true_auditory|gustatory,,other,Cảm giác cơ thể biến dạng,"Diễn biến ổn định, dung nạp thuốc tốt.",illogical|tangential,persecution|reference|bizarre,,no,"Bệnh nhân hợp tác kém, cần người nhà hỗ trợ khai thác.",poor_concentration|distractible|hard_sustain,Triệu chứng thuyên giảm so với lần khám trước.,decreased,normal,normal,none|global,Triệu chứng thuyên giảm so với lần khám trước.,dementia,"Diễn biến ổn định, dung nạp thuốc tốt.",agitation|negativism,withdrawn|destructive,normal,anorexia|hyperphagia,Triệu chứng thuyên giảm so với lần khám trước.,4.54,134,6.5,62,20,5,5.8,5.8,97,38,29,57,"Nhịp xoang đều, tần số 78 ck/phút, không rối loạn dẫn truyền.","Sóng alpha chiếm ưu thế vùng chẩm, không ghi nhận sóng kịch phát.","Nhu mô não không thấy tổn thương khu trú, hệ thống não thất không giãn.",Điện não đồ trong giới hạn bình thường.,Chỉ số vân tay trong giới hạn tham chiếu.,Vận nhãn theo dõi mục tiêu có gián đoạn nhẹ.,Chưa phát hiện đột biến có ý nghĩa lâm sàng.,Nồng độ serotonin huyết tương giảm nhẹ so với tham chiếu.,Không có xét nghiệm bổ sung.,F20.0 - Tâm thần phân liệt thể paranoid,Rối loạn phân liệt cảm xúc; Rối loạn hoang tưởng dai dẳng,Olanzapine 10mg/ngày; Diazepam 5mg buổi tối,35,,,,,,,,,,,,,,,,,,,,,,,,,,,,,,,,,,,,,,,,,,,,,,,,,,,,,,,,,,,,,,,
BA0007,2026-03-26,Gầy,Kém hồng,60,165,65,36.3,125/85,"Nhịp tim đều, T1 T2 rõ, không nghe tiếng thổi bệnh lý.","Lồng ngực cân đối, rì rào phế nang êm dịu hai bên, không rale.","Bụng mềm, không chướng, gan lách không sờ thấy, đại tiện bình thường.","Hai thận không sờ thấy, không đau vùng thắt lưng, tiểu tiện bình thường.","Không có dấu hiệu thần kinh khu trú, phản xạ gân xương hai bên đều.","Tai mũi họng, răng hàm mặt chưa phát hiện bất thường.",cooperative,tense|oppositional,tidy,tense,Triệu chứng thuyên giảm so với lần khám trước.,normal,disordered,normal,disordered,"Diễn biến ổn định, dung nạp thuốc tốt.",irritable,blunted|labile,reduced_expression|reduced_communication|social_withdrawal,"Bệnh nhân hợp tác kém, cần người nhà hỗ trợ khai thác.",visual|tactile,,derealization|other,Cảm giác cơ thể biến dạng,"Bệnh nhân hợp tác kém, cần người nhà hỗ trợ khai thác.",flight,persecution|reference|control,,yes,Triệu chứng thuyên giảm so với lần khám trước.,hard_sustain,"Bệnh nhân hợp tác kém, cần người nhà hỗ trợ khai thác.",normal,normal,normal,retrograde,Triệu chứng thuyên giảm so với lần khám trước.,dementia,"Diễn biến ổn định, dung nạp thuốc tốt.",agitation|posturing,withdrawn|bizarre|suicide,normal|late_insomnia|total_insomnia,hyperphagia,"Bệnh nhân hợp tác kém, cần người nhà hỗ trợ khai thác.",4.07,118,5.4,70,29,7,6.1,6.1,99,44,32,22,"Nhịp xoang đều, tần số 78 ck/phút, không rối loạn dẫn truyền.","Sóng alpha chiếm ưu thế vùng chẩm, không ghi nhận sóng kịch phát.","Nhu mô não không thấy tổn thương khu trú, hệ thống não thất không giãn.",Điện não đồ trong giới hạn bình thường.,Chỉ số vân tay trong giới hạn tham chiếu.,Vận nhãn theo dõi mục tiêu có gián đoạn nhẹ.,Chưa phát hiện đột biến có ý nghĩa lâm sàng.,Nồng độ serotonin huyết tương giảm nhẹ so với tham chiếu.,Không có xét nghiệm bổ sung.,F20.0 - Tâm thần phân liệt thể paranoid,Rối loạn phân liệt cảm xúc; Rối loạn hoang tưởng dai dẳng,Haloperidol 5mg/ngày; Olanzapine 5mg buổi tối,9,,,,,,,,,,,,,,,,,,,,,,,,,,,,,,,,,,,,,,,,,,,,,,,,,,,,,,,,,,,,,,,
BA0007,2026-02-15,Khá,Kém hồng,53,175,74,37.0,120/80,"Nhịp tim đều, T1 T2 rõ, không nghe tiếng thổi bệnh lý.","Lồng ngực cân đối, rì rào phế nang êm dịu hai bên, không rale.","Bụng mềm, không chướng, gan lách không sờ thấy, đại tiện bình thường.","Hai thận không sờ thấy, không đau vùng thắt lưng, tiểu tiện bình thường.","Không có dấu hiệu thần kinh khu trú, phản xạ gân xương hai bên đều.","Tai mũi họng, răng hàm mặt chưa phát hiện bất thường.",limited,avoidant,tidy|untidy|weather_inappropriate,anxious|tense,Triệu chứng thuyên giảm so với lần khám trước.,disordered,normal,normal,normal,"Bệnh nhân tiếp xúc được, trả lời chậm, cần gợi ý nhiều.",normal,appropriate|blunted,reduced_response|reduced_communication|social_withdrawal,"Bệnh nhân tiếp xúc được, trả lời chậm, cần gợi ý nhiều.",none|pseudo_auditory,,other,Cảm giác cơ thể biến dạng,Triệu chứng thuyên giảm so với lần khám trước.,blocking|flight,persecution|bizarre,,no,"Bệnh nhân tiếp xúc được, trả lời chậm, cần gợi ý nhiều.",normal|hard_sustain,Triệu chứng thuyên giảm so với lần khám trước.,normal,normal,decreased,none,"Bệnh nhân tiếp xúc được, trả lời chậm, cần gợi ý nhiều.",normal,"Bệnh nhân tiếp xúc được, trả lời chậm, cần gợi ý nhiều.",stupor|catatonia|stereotypy,aggression|bizarre,total_insomnia,normal|hyperphagia,"Diễn biến ổn định, dung nạp thuốc tốt.",4.88,155,5.5,72,32,7,6.0,6.6,80,37,29,29,"Nhịp xoang đều, tần số 78 ck/phút, không rối loạn dẫn truyền.","Sóng alpha chiếm ưu thế vùng chẩm, không ghi nhận sóng kịch phát.","Nhu mô não không thấy tổn thương khu trú, hệ thống não thất không giãn.",Điện não đồ trong giới hạn bình thường.,Chỉ số vân tay trong giới hạn tham chiếu.,Vận nhãn theo dõi mục tiêu có gián đoạn nhẹ.,Chưa phát hiện đột biến có ý nghĩa lâm sàng.,Nồng độ serotonin huyết tương giảm nhẹ so với tham chiếu.,Không có xét nghiệm bổ sung.,F20.3 - Tâm thần phân liệt thể không biệt định,Rối loạn phân liệt cảm xúc; Rối loạn hoang tưởng dai dẳng,Haloperidol 5mg/ngày; Olanzapine 5mg buổi tối,30,,,,,,,,,,,,,,,,,,,,,,,,,,,,,,,,,,,,,,,,,,,,,,,,,,,,,,,,,,,,,,,
BA0007,2026-01-25,Suy kiệt nhẹ,Hồng hào,52,174,79,37.1,115/75,"Nhịp tim đều, T1 T2 rõ, không nghe tiếng thổi bệnh lý.","Lồng ngực cân đối, rì rào phế nang êm dịu hai bên, không rale.","Bụng mềm, không chướng, gan lách không sờ thấy, đại tiện bình thường.","Hai thận không sờ thấy, không đau vùng thắt lưng, tiểu tiện bình thường.","Không có dấu hiệu thần kinh khu trú, phản xạ gân xương hai bên đều.","Tai mũi họng, răng hàm mặt chưa phát hiện bất thường.",limited,avoidant|tense,untidy|bizarre,normal|anxious|tense,"Diễn biến ổn định, dung nạp thuốc tốt.",normal,disordered,normal,normal,"Bệnh nhân hợp tác kém, cần người nhà hỗ trợ khai thác.",normal|decreased|increased,inappropriate|blunted,reduced_expression|reduced_response|reduced_communication,"Bệnh nhân hợp tác kém, cần người nhà hỗ trợ khai thác.",gustatory,,depersonalization|other,Cảm giác cơ thể biến dạng,"Bệnh nhân hợp tác kém, cần người nhà hỗ trợ khai thác.",circumstantial,persecution,,yes,"Bệnh nhân hợp tác kém, cần người nhà hỗ trợ khai thác.",hyperattention,"Diễn biến ổn định, dung nạp thuốc tốt.",normal,normal,decreased,none,"Bệnh nhân tiếp xúc được, trả lời chậm, cần gợi ý nhiều.",retardation,"Bệnh nhân tiếp xúc được, trả lời chậm, cần gợi ý nhiều.",normal|stereotypy,talking_alone,late_insomnia|total_insomnia,normal,Triệu chứng thuyên giảm so với lần khám trước.,4.38,112,6.1,67,22,8,5.4,4.7,77,41,23,18,"Nhịp xoang đều, tần số 78 ck/phút, không rối loạn dẫn truyền.","Sóng alpha chiếm ưu thế vùng chẩm, không ghi nhận sóng kịch phát.","Nhu mô não không thấy tổn thương khu trú, hệ thống não thất không giãn.",Điện não đồ trong giới hạn bình thường.,Chỉ số vân tay trong giới hạn tham chiếu.,Vận nhãn theo dõi mục tiêu có gián đoạn nhẹ.,Chưa phát hiện đột biến có ý nghĩa lâm sàng.,Nồng độ serotonin huyết tương giảm nhẹ so với tham chiếu.,Không có xét nghiệm bổ sung.,F20.0 - Tâm thần phân liệt thể paranoid,Rối loạn phân liệt cảm xúc; Rối loạn hoang tưởng dai dẳng,Haloperidol 5mg/ngày; Olanzapine 5mg buổi tối,25,,,,,,,,,,,,,,,,,,,,,,,,,,,,,,,,,,,,,,,,,,,,,,,,,,,,,,,,,,,,,,,
BA0007,2025-12-29,Béo,Hồng hào,58,162,75,37.3,125/85,"Nhịp tim đều, T1 T2 rõ, không nghe tiếng thổi bệnh lý.","Lồng ngực cân đối, rì rào phế nang êm dịu hai bên, không rale.","Bụng mềm, không chướng, gan lách không sờ thấy, đại tiện bình thường.","Hai thận không sờ thấy, không đau vùng thắt lưng, tiểu tiện bình thường.","Không có dấu hiệu thần kinh khu trú, phản xạ gân xương hai bên đều.","Tai mũi họng, răng hàm mặt chưa phát hiện bất thường.",limited,natural|oppositional,untidy,sad|anxious|apathetic,"Diễn biến ổn định, dung nạp thuốc tốt.",normal,normal,normal,normal,Triệu chứng thuyên giảm so với lần khám trước.,increased,inappropriate|labile,reduced_response|social_withdrawal,"Bệnh nhân tiếp xúc được, trả lời chậm, cần gợi ý nhiều.",pseudo_auditory|commenting,,depersonalization|other,Cảm giác cơ thể biến dạng,Triệu chứng thuyên giảm so với lần khám trước.,blocking,control|bizarre|other,Hoang tưởng phát minh,yes,Triệu chứng thuyên giảm so với lần khám trước.,normal|hyperattention,"Bệnh nhân hợp tác kém, cần người nhà hỗ trợ khai thác.",normal,normal,decreased,retrograde|global,"Diễn biến ổn định, dung nạp thuốc tốt.",retardation,"Bệnh nhân tiếp xúc được, trả lời chậm, cần gợi ý nhiều.",normal,talking_alone|self_harm,initial_insomnia,normal,Triệu chứng thuyên giảm so với lần khám trước.,4.91,125,7.8,49,34,4,5.1,6.8,66,44,25,15,"Nhịp xoang đều, tần số 78 ck/phút, không rối loạn dẫn truyền.","Sóng alpha chiếm ưu thế vùng chẩm, không ghi nhận sóng kịch phát.","Nhu mô não không thấy tổn thương khu trú, hệ thống não thất không giãn.",Điện não đồ trong giới hạn bình thường.,Chỉ số vân tay trong giới hạn tham chiếu.,Vận nhãn theo dõi mục tiêu có gián đoạn nhẹ.,Chưa phát hiện đột biến có ý nghĩa lâm sàng.,Nồng độ serotonin huyết tương giảm nhẹ so với tham chiếu.,Không có xét nghiệm bổ sung.,F20.0 - Tâm thần phân liệt thể paranoid,Rối loạn phân liệt cảm xúc; Rối loạn hoang tưởng dai dẳng,Risperidone 2mg x 2 lần/ngày; Trihexyphenidyl 2mg/ngày,27,,,,,,,,,,,,,,,,,,,,,,,,,,,,,,,,,,,,,,,,,,,,,,,,,,,,,,,,,,,,,,,
BA0007,2025-12-07,Gầy,Hồng hào,47,159,78,37.2,110/70,"Nhịp tim đều, T1 T2 rõ, không nghe tiếng thổi bệnh lý.","Lồng ngực cân đối, rì rào phế nang êm dịu hai bên, không rale.","Bụng mềm, không chướng, gan lách không sờ thấy, đại tiện bình thường.","Hai thận không sờ thấy, không đau vùng thắt lưng, tiểu tiện bình thường.","Không liệt khu trú, không hội chứng màng não, đồng tử hai bên đều.","Tai mũi họng, răng hàm mặt chưa phát hiện bất thường.",limited,indifferent|avoidant|oppositional,tidy|untidy,normal|sad,"Bệnh nhân tiếp xúc được, trả lời chậm, cần gợi ý nhiều.",normal,disordered,normal,disordered,"Diễn biến ổn định, dung nạp thuốc tốt.",decreased|increased,blunted|labile,reduced_expression|reduced_communication,"Bệnh nhân hợp tác kém, cần người nhà hỗ trợ khai thác.",true_auditory|other,Nghe tiếng gọi tên mình lúc nửa đêm,derealization|other,Cảm giác cơ thể biến dạng,"Bệnh nhân hợp tác kém, cần người nhà hỗ trợ khai thác.",tangential|blocking|circumstantial,bizarre|other,Hoang tưởng phát minh,no,"Bệnh nhân hợp tác kém, cần người nhà hỗ trợ khai thác.",hyperattention,"Bệnh nhân tiếp xúc được, trả lời chậm, cần gợi ý nhiều.",normal,normal,normal,none|retrograde,"Bệnh nhân hợp tác kém, cần người nhà hỗ trợ khai thác.",retardation,"Bệnh nhân hợp tác kém, cần người nhà hỗ trợ khai thác.",stupor,wandering,initial_insomnia,normal|anorexia|hyperphagia,"Diễn biến ổn định, dung nạp thuốc tốt.",4.3,145,8.5,64,40,4,5.6,4.5,104,18,18,37,"Nhịp xoang đều, tần số 78 ck/phút, không rối loạn dẫn truyền.","Sóng alpha chiếm ưu thế vùng chẩm, không ghi nhận sóng kịch phát.","Nhu mô não không thấy tổn thương khu trú, hệ thống não thất không giãn.",Điện não đồ trong giới hạn bình thường.,Chỉ số vân tay trong giới hạn tham chiếu.,Vận nhãn theo dõi mục tiêu có gián đoạn nhẹ.,Chưa phát hiện đột biến có ý nghĩa lâm sàng.,Nồng độ serotonin huyết tương giảm nhẹ so với tham chiếu.,Không có xét nghiệm bổ sung.,F20.1 - Tâm thần phân liệt thể thanh xuân,Rối loạn phân liệt cảm xúc; Rối loạn hoang tưởng dai dẳng,Risperidone 2mg x 2 lần/ngày; Trihexyphenidyl 2mg/ngày,12,,,,,,,,,,,,,,,,,,,,,,,,,,,,,,,,,,,,,,,,,,,,,,,,,,,,,,,,,,,,,,,
BA0007,2025-10-29,Béo,Hồng hào,62,178,75,36.6,115/75,"Nhịp tim đều, T1 T2 rõ, không nghe tiếng thổi bệnh lý.","Lồng ngực cân đối, rì rào phế nang êm dịu hai bên, không rale.","Bụng mềm, không chướng, gan lách không sờ thấy, đại tiện bình thường.","Hai thận không sờ thấy, không đau vùng thắt lưng, tiểu tiện bình thường.","Không liệt khu trú, không hội chứng màng não, đồng tử hai bên đều.","Tai mũi họng, răng hàm mặt chưa phát hiện bất thường.",uncooperative,indifferent|avoidant,tidy|untidy,anxious|apathetic,"Bệnh nhân tiếp xúc được, trả lời chậm, cần gợi ý nhiều.",normal,disordered,normal,disordered,"Bệnh nhân hợp tác kém, cần người nhà hỗ trợ khai thác.",normal|increased|irritable,inappropriate|unstable,reduced_expression,"Diễn biến ổn định, dung nạp thuốc tốt.",visual|tactile|olfactory,,depersonalization|derealization|other,Cảm giác cơ thể biến dạng,"Bệnh nhân tiếp xúc được, trả lời chậm, cần gợi ý nhiều.",tangential|blocking|circumstantial,surveillance|bizarre|other,Hoang tưởng phát minh,yes,"Diễn biến ổn định, dung nạp thuốc tốt.",poor_concentration,"Bệnh nhân hợp tác kém, cần người nhà hỗ trợ khai thác.",decreased,decreased,decreased,anterograde|retrograde,"Bệnh nhân hợp tác kém, cần người nhà hỗ trợ khai thác.",dementia,"Diễn biến ổn định, dung nạp thuốc tốt.",normal|agitation,bizarre,normal|initial_insomnia,normal|anorexia|refusal,"Diễn biến ổn định, dung nạp thuốc tốt.",4.65,127,4.8,69,40,9,5.1,5.6,93,41,46,36,"Nhịp xoang đều, tần số 78 ck/phút, không rối loạn dẫn truyền.","Sóng alpha chiếm ưu thế vùng chẩm, không ghi nhận sóng kịch phát.","Nhu mô não không thấy tổn thương khu trú, hệ thống não thất không giãn.",Điện não đồ trong giới hạn bình thường.,Chỉ số vân tay trong giới hạn tham chiếu.,Vận nhãn theo dõi mục tiêu có gián đoạn nhẹ.,Chưa phát hiện đột biến có ý nghĩa lâm sàng.,Nồng độ serotonin huyết tương giảm nhẹ so với tham chiếu.,Không có xét nghiệm bổ sung.,F20.1 - Tâm thần phân liệt thể thanh xuân,Rối loạn phân liệt cảm xúc; Rối loạn hoang tưởng dai dẳng,Risperidone 2mg x 2 lần/ngày; Trihexyphenidyl 2mg/ngày,29,,,,,,,,,,,,,,,,,,,,,,,,,,,,,,,,,,,,,,,,,,,,,,,,,,,,,,,,,,,,,,,
BA0007,2025-09-16,Khá,Hồng hào,52,159,85,37.2,105/65,"Nhịp tim đều, T1 T2 rõ, không nghe tiếng thổi bệnh lý.","Lồng ngực cân đối, rì rào phế nang êm dịu hai bên, không rale.","Bụng mềm, không chướng, gan lách không sờ thấy, đại tiện bình thường.","Hai thận không sờ thấy, không đau vùng thắt lưng, tiểu tiện bình thường.","Không có dấu hiệu thần kinh khu trú, phản xạ gân xương hai bên đều.","Tai mũi họng, răng hàm mặt chưa phát hiện bất thường.",uncooperative,natural|indifferent|oppositional,untidy,normal|sad,"Bệnh nhân hợp tác kém, cần người nhà hỗ trợ khai thác.",disordered,normal,normal,normal,"Bệnh nhân hợp tác kém, cần người nhà hỗ trợ khai thác.",normal,blunted|labile|unstable,reduced_expression|reduced_response,"Bệnh nhân tiếp xúc được, trả lời chậm, cần gợi ý nhiều.",true_auditory|conversing,,derealization,,"Diễn biến ổn định, dung nạp thuốc tốt.",irrelevant|tangential,persecution|surveillance|other,Hoang tưởng phát minh,yes,"Diễn biến ổn định, dung nạp thuốc tốt.",poor_concentration|distractible,"Diễn biến ổn định, dung nạp thuốc tốt.",normal,decreased,decreased,none|retrograde|global,Triệu chứng thuyên giảm so với lần khám trước.,normal,"Bệnh nhân hợp tác kém, cần người nhà hỗ trợ khai thác.",normal,destructive|poor_selfcare|suicide,initial_insomnia,normal|anorexia,"Bệnh nhân tiếp xúc được, trả lời chậm, cần gợi ý nhiều.",5.09,137,7.4,72,38,8,5.6,4.9,102,43,37,33,"Nhịp xoang đều, tần số 78 ck/phút, không rối loạn dẫn truyền.","Sóng alpha chiếm ưu thế vùng chẩm, không ghi nhận sóng kịch phát.","Nhu mô não không thấy tổn thương khu trú, hệ thống não thất không giãn.",Điện não đồ trong giới hạn bình thường.,Chỉ số vân tay trong giới hạn tham chiếu.,Vận nhãn theo dõi mục tiêu có gián đoạn nhẹ.,Chưa phát hiện đột biến có ý nghĩa lâm sàng.,Nồng độ serotonin huyết tương giảm nhẹ so với tham chiếu.,Không có xét nghiệm bổ sung.,F20.0 - Tâm thần phân liệt thể paranoid,Rối loạn phân liệt cảm xúc; Rối loạn hoang tưởng dai dẳng,Haloperidol 5mg/ngày; Olanzapine 5mg buổi tối,32,,,,,,,,,,,,,,,,,,,,,,,,,,,,,,,,,,,,,,,,,,,,,,,,,,,,,,,,,,,,,,,
BA0008,2026-06-05,Gầy,Bình thường,74,155,67,36.6,105/65,"Nhịp tim đều, T1 T2 rõ, không nghe tiếng thổi bệnh lý.","Lồng ngực cân đối, rì rào phế nang êm dịu hai bên, không rale.","Bụng mềm, không chướng, gan lách không sờ thấy, đại tiện bình thường.","Hai thận không sờ thấy, không đau vùng thắt lưng, tiểu tiện bình thường.","Không liệt khu trú, không hội chứng màng não, đồng tử hai bên đều.","Tai mũi họng, răng hàm mặt chưa phát hiện bất thường.",cooperative,natural|oppositional,tidy,normal|tense|apathetic,"Bệnh nhân hợp tác kém, cần người nhà hỗ trợ khai thác.",disordered,normal,normal,disordered,Triệu chứng thuyên giảm so với lần khám trước.,decreased|irritable,appropriate,reduced_expression,"Bệnh nhân tiếp xúc được, trả lời chậm, cần gợi ý nhiều.",olfactory,,depersonalization,,"Bệnh nhân hợp tác kém, cần người nhà hỗ trợ khai thác.",normal|neologism,control,,no,Triệu chứng thuyên giảm so với lần khám trước.,poor_concentration|distractible,"Diễn biến ổn định, dung nạp thuốc tốt.",decreased,normal,normal,none|retrograde|global,"Bệnh nhân hợp tác kém, cần người nhà hỗ trợ khai thác.",normal,"Bệnh nhân tiếp xúc được, trả lời chậm, cần gợi ý nhiều.",catatonia|negativism,laughing_alone|bizarre|poor_selfcare,middle_insomnia|total_insomnia|hypersomnia,anorexia|hyperphagia|refusal,"Bệnh nhân tiếp xúc được, trả lời chậm, cần gợi ý nhiều.",4.12,129,9.4,50,22,7,4.7,5.4,86,43,36,38,"Nhịp xoang đều, tần số 78 ck/phút, không rối loạn dẫn truyền.","Sóng alpha chiếm ưu thế vùng chẩm, không ghi nhận sóng kịch phát.","Nhu mô não không thấy tổn thương khu trú, hệ thống não thất không giãn.",Điện não đồ trong giới hạn bình thường.,Chỉ số vân tay trong giới hạn tham chiếu.,Vận nhãn theo dõi mục tiêu có gián đoạn nhẹ.,Chưa phát hiện đột biến có ý nghĩa lâm sàng.,Nồng độ serotonin huyết tương giảm nhẹ so với tham chiếu.,Không có xét nghiệm bổ sung.,F20.3 - Tâm thần phân liệt thể không biệt định,Rối loạn phân liệt cảm xúc; Rối loạn hoang tưởng dai dẳng,Risperidone 2mg x 2 lần/ngày; Trihexyphenidyl 2mg/ngày,34,,,,,,,,,,,,,,,,,,,,,,,,,,,,,,,,,,,,,,,,,,,,,,,,,,,,,,,,,,,,,,,
BA0008,2026-04-23,Khá,Kém hồng,49,171,67,36.4,120/80,"Nhịp tim đều, T1 T2 rõ, không nghe tiếng thổi bệnh lý.","Lồng ngực cân đối, rì rào phế nang êm dịu hai bên, không rale.","Bụng mềm, không chướng, gan lách không sờ thấy, đại tiện bình thường.","Hai thận không sờ thấy, không đau vùng thắt lưng, tiểu tiện bình thường.","Không có dấu hiệu thần kinh khu trú, phản xạ gân xương hai bên đều.","Tai mũi họng, răng hàm mặt chưa phát hiện bất thường.",uncooperative,indifferent,untidy|weather_inappropriate|bizarre,anxious|tense|apathetic,"Diễn biến ổn định, dung nạp thuốc tốt.",normal,disordered,disordered,normal,"Bệnh nhân tiếp xúc được, trả lời chậm, cần gợi ý nhiều.",normal|decreased|increased,labile|unstable,reduced_communication|social_withdrawal,"Bệnh nhân tiếp xúc được, trả lời chậm, cần gợi ý nhiều.",true_auditory|olfactory,,depersonalization|derealization,,"Bệnh nhân tiếp xúc được, trả lời chậm, cần gợi ý nhiều.",loose|flight|neologism,control,,yes,"Diễn biến ổn định, dung nạp thuốc tốt.",distractible,Triệu chứng thuyên giảm so với lần khám trước.,decreased,normal,normal,none|anterograde|global,"Bệnh nhân hợp tác kém, cần người nhà hỗ trợ khai thác.",retardation,"Bệnh nhân hợp tác kém, cần người nhà hỗ trợ khai thác.",normal|stereotypy|negativism,destructive|suicide,initial_insomnia,normal|anorexia|hyperphagia,"Bệnh nhân tiếp xúc được, trả lời chậm, cần gợi ý nhiều.",5.17,120,4.5,52,33,5,5.9,5.9,105,33,33,18,"Nhịp xoang đều, tần số 78 ck/phút, không rối loạn dẫn truyền.","Sóng alpha chiếm ưu thế vùng chẩm, không ghi nhận sóng kịch phát.","Nhu mô não không thấy tổn thương khu trú, hệ thống não thất không giãn.",Điện não đồ trong giới hạn bình thường.,Chỉ số vân tay trong giới hạn tham chiếu.,Vận nhãn theo dõi mục tiêu có gián đoạn nhẹ.,Chưa phát hiện đột biến có ý nghĩa lâm sàng.,Nồng độ serotonin huyết tương giảm nhẹ so với tham chiếu.,Không có xét nghiệm bổ sung.,F20.0 - Tâm thần phân liệt thể paranoid,Rối loạn phân liệt cảm xúc; Rối loạn hoang tưởng dai dẳng,Haloperidol 5mg/ngày; Olanzapine 5mg buổi tối,21,,,,,,,,,,,,,,,,,,,,,,,,,,,,,,,,,,,,,,,,,,,,,,,,,,,,,,,,,,,,,,,
BA0008,2026-03-17,Gầy,Bình thường,62,169,74,37.0,130/80,"Nhịp tim đều, T1 T2 rõ, không nghe tiếng thổi bệnh lý.","Lồng ngực cân đối, rì rào phế nang êm dịu hai bên, không rale.","Bụng mềm, không chướng, gan lách không sờ thấy, đại tiện bình thường.","Hai thận không sờ thấy, không đau vùng thắt lưng, tiểu tiện bình thường.","Không liệt khu trú, không hội chứng màng não, đồng tử hai bên đều.","Tai mũi họng, răng hàm mặt chưa phát hiện bất thường.",uncooperative,natural|avoidant,untidy|bizarre,apathetic,"Bệnh nhân hợp tác kém, cần người nhà hỗ trợ khai thác.",disordered,normal,disordered,disordered,"Bệnh nhân hợp tác kém, cần người nhà hỗ trợ khai thác.",decreased|irritable,appropriate|apathetic|labile,reduced_communication,"Bệnh nhân hợp tác kém, cần người nhà hỗ trợ khai thác.",commanding|olfactory,,depersonalization|derealization|other,Cảm giác cơ thể biến dạng,"Bệnh nhân tiếp xúc được, trả lời chậm, cần gợi ý nhiều.",blocking,other,Hoang tưởng phát minh,no,"Bệnh nhân tiếp xúc được, trả lời chậm, cần gợi ý nhiều.",poor_concentration|distractible,"Bệnh nhân tiếp xúc được, trả lời chậm, cần gợi ý nhiều.",normal,decreased,decreased,none|global,"Bệnh nhân hợp tác kém, cần người nhà hỗ trợ khai thác.",dementia,"Diễn biến ổn định, dung nạp thuốc tốt.",hypokinesia|posturing,aggression,middle_insomnia|hypersomnia,hyperphagia|refusal,"Bệnh nhân hợp tác kém, cần người nhà hỗ trợ khai thác.",5.22,115,6.3,46,38,4,5.1,7.1,65,41,25,19,"Nhịp xoang đều, tần số 78 ck/phút, không rối loạn dẫn truyền.","Sóng alpha chiếm ưu thế vùng chẩm, không ghi nhận sóng kịch phát.","Nhu mô não không thấy tổn thương khu trú, hệ thống não thất không giãn.",Điện não đồ trong giới hạn bình thường.,Chỉ số vân tay trong giới hạn tham chiếu.,Vận nhãn theo dõi mục tiêu có gián đoạn nhẹ.,Chưa phát hiện đột biến có ý nghĩa lâm sàng.,Nồng độ serotonin huyết tương giảm nhẹ so với tham chiếu.,Không có xét nghiệm bổ sung.,F20.0 - Tâm thần phân liệt thể paranoid,Rối loạn phân liệt cảm xúc; Rối loạn hoang tưởng dai dẳng,Risperidone 2mg x 2 lần/ngày; Trihexyphenidyl 2mg/ngày,31,,,,,,,,,,,,,,,,,,,,,,,,,,,,,,,,,,,,,,,,,,,,,,,,,,,,,,,,,,,,,,,
BA0008,2026-02-23,Suy kiệt nhẹ,Kém hồng,71,152,86,36.5,110/70,"Nhịp tim đều, T1 T2 rõ, không nghe tiếng thổi bệnh lý.","Lồng ngực cân đối, rì rào phế nang êm dịu hai bên, không rale.","Bụng mềm, không chướng, gan lách không sờ thấy, đại tiện bình thường.","Hai thận không sờ thấy, không đau vùng thắt lưng, tiểu tiện bình thường.","Không liệt khu trú, không hội chứng màng não, đồng tử hai bên đều.","Tai mũi họng, răng hàm mặt chưa phát hiện bất thường.",cooperative,natural|avoidant|oppositional,tidy|untidy|bizarre,sad|tense|apathetic,"Bệnh nhân hợp tác kém, cần người nhà hỗ trợ khai thác.",disordered,disordered,disordered,normal,"Diễn biến ổn định, dung nạp thuốc tốt.",normal|increased|irritable,labile,reduced_expression,"Bệnh nhân tiếp xúc được, trả lời chậm, cần gợi ý nhiều.",commanding|olfactory|gustatory,,depersonalization|derealization|other,Cảm giác cơ thể biến dạng,"Diễn biến ổn định, dung nạp thuốc tốt.",loose|tangential|flight,reference|control,,no,"Bệnh nhân hợp tác kém, cần người nhà hỗ trợ khai thác.",distractible|hard_sustain,"Bệnh nhân hợp tác kém, cần người nhà hỗ trợ khai thác.",normal,normal,normal,anterograde,"Diễn biến ổn định, dung nạp thuốc tốt.",normal,"Bệnh nhân tiếp xúc được, trả lời chậm, cần gợi ý nhiều.",stereotypy|posturing,aggression|bizarre,middle_insomnia|late_insomnia|total_insomnia,hyperphagia,"Diễn biến ổn định, dung nạp thuốc tốt.",4.87,132,4.4,46,38,6,6.1,4.7,60,43,46,56,"Nhịp xoang đều, tần số 78 ck/phút, không rối loạn dẫn truyền.","Sóng alpha chiếm ưu thế vùng chẩm, không ghi nhận sóng kịch phát.","Nhu mô não không thấy tổn thương khu trú, hệ thống não thất không giãn.",Điện não đồ trong giới hạn bình thường.,Chỉ số vân tay trong giới hạn tham chiếu.,Vận nhãn theo dõi mục tiêu có gián đoạn nhẹ.,Chưa phát hiện đột biến có ý nghĩa lâm sàng.,Nồng độ serotonin huyết tương giảm nhẹ so với tham chiếu.,Không có xét nghiệm bổ sung.,F20.3 - Tâm thần phân liệt thể không biệt định,Rối loạn phân liệt cảm xúc; Rối loạn hoang tưởng dai dẳng,Haloperidol 5mg/ngày; Olanzapine 5mg buổi tối,11,,,,,,,,,,,,,,,,,,,,,,,,,,,,,,,,,,,,,,,,,,,,,,,,,,,,,,,,,,,,,,,
BA0008,2026-01-20,Trung bình,Nhợt nhạt nhẹ,65,172,87,36.9,110/70,"Nhịp tim đều, T1 T2 rõ, không nghe tiếng thổi bệnh lý.","Lồng ngực cân đối, rì rào phế nang êm dịu hai bên, không rale.","Bụng mềm, không chướng, gan lách không sờ thấy, đại tiện bình thường.","Hai thận không sờ thấy, không đau vùng thắt lưng, tiểu tiện bình thường.","Không liệt khu trú, không hội chứng màng não, đồng tử hai bên đều.","Tai mũi họng, răng hàm mặt chưa phát hiện bất thường.",limited,indifferent|avoidant|oppositional,tidy|bizarre,sad|anxious|tense,"Bệnh nhân hợp tác kém, cần người nhà hỗ trợ khai thác.",disordered,normal,normal,disordered,Triệu chứng thuyên giảm so với lần khám trước.,normal|irritable,appropriate,reduced_expression,"Bệnh nhân hợp tác kém, cần người nhà hỗ trợ khai thác.",true_auditory|pseudo_auditory|visual,,depersonalization|derealization|other,Cảm giác cơ thể biến dạng,"Diễn biến ổn định, dung nạp thuốc tốt.",circumstantial|neologism,persecution|surveillance|control,,yes,"Diễn biến ổn định, dung nạp thuốc tốt.",normal|poor_concentration|hard_sustain,"Diễn biến ổn định, dung nạp thuốc tốt.",normal,normal,normal,none|retrograde|global,"Bệnh nhân hợp tác kém, cần người nhà hỗ trợ khai thác.",normal,Triệu chứng thuyên giảm so với lần khám trước.,posturing,suicide,initial_insomnia|hypersomnia,anorexia|hyperphagia,"Bệnh nhân tiếp xúc được, trả lời chậm, cần gợi ý nhiều.",4.16,111,6.3,60,23,8,5.7,3.4,71,26,23,36,"Nhịp xoang đều, tần số 78 ck/phút, không rối loạn dẫn truyền.","Sóng alpha chiếm ưu thế vùng chẩm, không ghi nhận sóng kịch phát.","Nhu mô não không thấy tổn thương khu trú, hệ thống não thất không giãn.",Điện não đồ trong giới hạn bình thường.,Chỉ số vân tay trong giới hạn tham chiếu.,Vận nhãn theo dõi mục tiêu có gián đoạn nhẹ.,Chưa phát hiện đột biến có ý nghĩa lâm sàng.,Nồng độ serotonin huyết tương giảm nhẹ so với tham chiếu.,Không có xét nghiệm bổ sung.,F20.0 - Tâm thần phân liệt thể paranoid,Rối loạn phân liệt cảm xúc; Rối loạn hoang tưởng dai dẳng,Olanzapine 10mg/ngày; Diazepam 5mg buổi tối,12,,,,,,,,,,,,,,,,,,,,,,,,,,,,,,,,,,,,,,,,,,,,,,,,,,,,,,,,,,,,,,,
BA0008,2025-12-26,Gầy,Bình thường,61,167,91,37.4,110/70,"Nhịp tim đều, T1 T2 rõ, không nghe tiếng thổi bệnh lý.","Lồng ngực cân đối, rì rào phế nang êm dịu hai bên, không rale.","Bụng mềm, không chướng, gan lách không sờ thấy, đại tiện bình thường.","Hai thận không sờ thấy, không đau vùng thắt lưng, tiểu tiện bình thường.","Không có dấu hiệu thần kinh khu trú, phản xạ gân xương hai bên đều.","Tai mũi họng, răng hàm mặt chưa phát hiện bất thường.",limited,indifferent|avoidant,tidy,normal|anxious,"Diễn biến ổn định, dung nạp thuốc tốt.",disordered,normal,disordered,disordered,"Bệnh nhân tiếp xúc được, trả lời chậm, cần gợi ý nhiều.",normal,apathetic|labile,reduced_response|reduced_communication|social_withdrawal,"Bệnh nhân hợp tác kém, cần người nhà hỗ trợ khai thác.",tactile|olfactory,,derealization,,Triệu chứng thuyên giảm so với lần khám trước.,illogical|tangential|flight,bizarre,,yes,"Bệnh nhân tiếp xúc được, trả lời chậm, cần gợi ý nhiều.",normal|poor_concentration,Triệu chứng thuyên giảm so với lần khám trước.,decreased,normal,normal,retrograde,Triệu chứng thuyên giảm so với lần khám trước.,retardation,"Bệnh nhân tiếp xúc được, trả lời chậm, cần gợi ý nhiều.",stupor|negativism,withdrawn|self_harm,normal,hyperphagia,Triệu chứng thuyên giảm so với lần khám trước.,4.8,118,10.2,62,37,8,5.7,3.5,69,43,16,57,"Nhịp xoang đều, tần số 78 ck/phút, không rối loạn dẫn truyền.","Sóng alpha chiếm ưu thế vùng chẩm, không ghi nhận sóng kịch phát.","Nhu mô não không thấy tổn thương khu trú, hệ thống não thất không giãn.",Điện não đồ trong giới hạn bình thường.,Chỉ số vân tay trong giới hạn tham chiếu.,Vận nhãn theo dõi mục tiêu có gián đoạn nhẹ.,Chưa phát hiện đột biến có ý nghĩa lâm sàng.,Nồng độ serotonin huyết tương giảm nhẹ so với tham chiếu.,Không có xét nghiệm bổ sung.,F20.1 - Tâm thần phân liệt thể thanh xuân,Rối loạn phân liệt cảm xúc; Rối loạn hoang tưởng dai dẳng,Olanzapine 10mg/ngày; Diazepam 5mg buổi tối,20,,,,,,,,,,,,,,,,,,,,,,,,,,,,,,,,,,,,,,,,,,,,,,,,,,,,,,,,,,,,,,,
BA0008,2025-11-20,Gầy,Nhợt nhạt nhẹ,45,153,62,36.4,125/85,"Nhịp tim đều, T1 T2 rõ, không nghe tiếng thổi bệnh lý.","Lồng ngực cân đối, rì rào phế nang êm dịu hai bên, không rale.","Bụng mềm, không chướng, gan lách không sờ thấy, đại tiện bình thường.","Hai thận không sờ thấy, không đau vùng thắt lưng, tiểu tiện bình thường.","Không liệt khu trú, không hội chứng màng não, đồng tử hai bên đều.","Tai mũi họng, răng hàm mặt chưa phát hiện bất thường.",limited,tense,tidy|untidy|weather_inappropriate,normal|anxious|apathetic,"Diễn biến ổn định, dung nạp thuốc tốt.",normal,normal,normal,disordered,Triệu chứng thuyên giảm so với lần khám trước.,normal|decreased|irritable,appropriate|inappropriate|unstable,reduced_expression|reduced_communication,"Bệnh nhân tiếp xúc được, trả lời chậm, cần gợi ý nhiều.",pseudo_auditory,,depersonalization|other,Cảm giác cơ thể biến dạng,"Bệnh nhân tiếp xúc được, trả lời chậm, cần gợi ý nhiều.",blocking|circumstantial,reference|surveillance,,no,"Bệnh nhân tiếp xúc được, trả lời chậm, cần gợi ý nhiều.",poor_concentration|hard_sustain|hyperattention,"Bệnh nhân tiếp xúc được, trả lời chậm, cần gợi ý nhiều.",normal,decreased,normal,none|retrograde|global,"Bệnh nhân hợp tác kém, cần người nhà hỗ trợ khai thác.",retardation,Triệu chứng thuyên giảm so với lần khám trước.,stupor|stereotypy,destructive|self_harm,normal|initial_insomnia|middle_insomnia,normal|anorexia|hyperphagia,"Diễn biến ổn định, dung nạp thuốc tốt.",5.25,114,4.3,58,30,3,4.7,6.3,71,31,20,53,"Nhịp xoang đều, tần số 78 ck/phút, không rối loạn dẫn truyền.","Sóng alpha chiếm ưu thế vùng chẩm, không ghi nhận sóng kịch phát.","Nhu mô não không thấy tổn thương khu trú, hệ thống não thất không giãn.",Điện não đồ trong giới hạn bình thường.,Chỉ số vân tay trong giới hạn tham chiếu.,Vận nhãn theo dõi mục tiêu có gián đoạn nhẹ.,Chưa phát hiện đột biến có ý nghĩa lâm sàng.,Nồng độ serotonin huyết tương giảm nhẹ so với tham chiếu.,Không có xét nghiệm bổ sung.,F20.0 - Tâm thần phân liệt thể paranoid,Rối loạn phân liệt cảm xúc; Rối loạn hoang tưởng dai dẳng,Olanzapine 10mg/ngày; Diazepam 5mg buổi tối,30,,,,,,,,,,,,,,,,,,,,,,,,,,,,,,,,,,,,,,,,,,,,,,,,,,,,,,,,,,,,,,,
BA0008,2025-10-28,Béo,Kém hồng,47,167,64,36.4,125/85,"Nhịp tim đều, T1 T2 rõ, không nghe tiếng thổi bệnh lý.","Lồng ngực cân đối, rì rào phế nang êm dịu hai bên, không rale.","Bụng mềm, không chướng, gan lách không sờ thấy, đại tiện bình thường.","Hai thận không sờ thấy, không đau vùng thắt lưng, tiểu tiện bình thường.","Không liệt khu trú, không hội chứng màng não, đồng tử hai bên đều.","Tai mũi họng, răng hàm mặt chưa phát hiện bất thường.",uncooperative,natural|indifferent|tense,tidy|untidy,normal|tense,"Bệnh nhân hợp tác kém, cần người nhà hỗ trợ khai thác.",disordered,disordered,disordered,normal,"Diễn biến ổn định, dung nạp thuốc tốt.",increased|irritable,labile,reduced_expression|reduced_response,"Bệnh nhân tiếp xúc được, trả lời chậm, cần gợi ý nhiều.",olfactory,,depersonalization|other,Cảm giác cơ thể biến dạng,"Bệnh nhân tiếp xúc được, trả lời chậm, cần gợi ý nhiều.",flight,persecution|surveillance,,no,"Diễn biến ổn định, dung nạp thuốc tốt.",hyperattention,Triệu chứng thuyên giảm so với lần khám trước.,normal,decreased,normal,none|retrograde,"Bệnh nhân hợp tác kém, cần người nhà hỗ trợ khai thác.",dementia,"Diễn biến ổn định, dung nạp thuốc tốt.",agitation|posturing,aggression|destructive|poor_selfcare,initial_insomnia|late_insomnia,normal|anorexia|refusal,Triệu chứng thuyên giảm so với lần khám trước.,4.99,150,4.9,69,35,7,4.6,6.0,77,43,27,45,"Nhịp xoang đều, tần số 78 ck/phút, không rối loạn dẫn truyền.","Sóng alpha chiếm ưu thế vùng chẩm, không ghi nhận sóng kịch phát.","Nhu mô não không thấy tổn thương khu trú, hệ thống não thất không giãn.",Điện não đồ trong giới hạn bình thường.,Chỉ số vân tay trong giới hạn tham chiếu.,Vận nhãn theo dõi mục tiêu có gián đoạn nhẹ.,Chưa phát hiện đột biến có ý nghĩa lâm sàng.,Nồng độ serotonin huyết tương giảm nhẹ so với tham chiếu.,Không có xét nghiệm bổ sung.,F20.1 - Tâm thần phân liệt thể thanh xuân,Rối loạn phân liệt cảm xúc; Rối loạn hoang tưởng dai dẳng,Olanzapine 10mg/ngày; Diazepam 5mg buổi tối,26,,,,,,,,,,,,,,,,,,,,,,,,,,,,,,,,,,,,,,,,,,,,,,,,,,,,,,,,,,,,,,,
BA0008,2025-10-05,Béo,Nhợt nhạt nhẹ,68,161,66,37.3,105/65,"Nhịp tim đều, T1 T2 rõ, không nghe tiếng thổi bệnh lý.","Lồng ngực cân đối, rì rào phế nang êm dịu hai bên, không rale.","Bụng mềm, không chướng, gan lách không sờ thấy, đại tiện bình thường.","Hai thận không sờ thấy, không đau vùng thắt lưng, tiểu tiện bình thường.","Không liệt khu trú, không hội chứng màng não, đồng tử hai bên đều.","Tai mũi họng, răng hàm mặt chưa phát hiện bất thường.",uncooperative,avoidant|tense,tidy,anxious,"Diễn biến ổn định, dung nạp thuốc tốt.",disordered,disordered,disordered,normal,"Bệnh nhân tiếp xúc được, trả lời chậm, cần gợi ý nhiều.",increased,blunted|labile|unstable,reduced_expression|social_withdrawal,"Bệnh nhân hợp tác kém, cần người nhà hỗ trợ khai thác.",conversing,,depersonalization|derealization|other,Cảm giác cơ thể biến dạng,Triệu chứng thuyên giảm so với lần khám trước.,blocking,persecution|reference|bizarre,,no,"Bệnh nhân tiếp xúc được, trả lời chậm, cần gợi ý nhiều.",hard_sustain,"Diễn biến ổn định, dung nạp thuốc tốt.",normal,normal,normal,none,"Bệnh nhân tiếp xúc được, trả lời chậm, cần gợi ý nhiều.",normal,"Bệnh nhân tiếp xúc được, trả lời chậm, cần gợi ý nhiều.",hypokinesia|negativism|posturing,laughing_alone,middle_insomnia|hypersomnia,hyperphagia,"Diễn biến ổn định, dung nạp thuốc tốt.",4.08,130,5.3,68,26,6,4.8,6.1,89,25,29,28,"Nhịp xoang đều, tần số 78 ck/phút, không rối loạn dẫn truyền.","Sóng alpha chiếm ưu thế vùng chẩm, không ghi nhận sóng kịch phát.","Nhu mô não không thấy tổn thương khu trú, hệ thống não thất không giãn.",Điện não đồ trong giới hạn bình thường.,Chỉ số vân tay trong giới hạn tham chiếu.,Vận nhãn theo dõi mục tiêu có gián đoạn nhẹ.,Chưa phát hiện đột biến có ý nghĩa lâm sàng.,Nồng độ serotonin huyết tương giảm nhẹ so với tham chiếu.,Không có xét nghiệm bổ sung.,F20.1 - Tâm thần phân liệt thể thanh xuân,Rối loạn phân liệt cảm xúc; Rối loạn hoang tưởng dai dẳng,Haloperidol 5mg/ngày; Olanzapine 5mg buổi tối,28,,,,,,,,,,,,,,,,,,,,,,,,,,,,,,,,,,,,,,,,,,,,,,,,,,,,,,,,,,,,,,,
BA0008,2025-09-02,Khá,Bình thường,46,156,63,36.6,115/75,"Nhịp tim đều, T1 T2 rõ, không nghe tiếng thổi bệnh lý.","Lồng ngực cân đối, rì rào phế nang êm dịu hai bên, không rale.","Bụng mềm, không chướng, gan lách không sờ thấy, đại tiện bình thường.","Hai thận không sờ thấy, không đau vùng thắt lưng, tiểu tiện bình thường.","Không liệt khu trú, không hội chứng màng não, đồng tử hai bên đều.","Tai mũi họng, răng hàm mặt chưa phát hiện bất thường.",cooperative,natural|tense,untidy|weather_inappropriate|bizarre,sad|anxious|tense,"Bệnh nhân hợp tác kém, cần người nhà hỗ trợ khai thác.",normal,disordered,normal,disordered,"Diễn biến ổn định, dung nạp thuốc tốt.",decreased|irritable,appropriate|inappropriate|blunted,social_withdrawal,"Diễn biến ổn định, dung nạp thuốc tốt.",tactile,,depersonalization|derealization|other,Cảm giác cơ thể biến dạng,"Diễn biến ổn định, dung nạp thuốc tốt.",circumstantial,reference,,no,"Diễn biến ổn định, dung nạp thuốc tốt.",poor_concentration|hard_sustain|hyperattention,"Diễn biến ổn định, dung nạp thuốc tốt.",normal,normal,decreased,anterograde|retrograde|global,"Diễn biến ổn định, dung nạp thuốc tốt.",normal,Triệu chứng thuyên giảm so với lần khám trước.,stereotypy|negativism|posturing,wandering|suicide,initial_insomnia,normal|hyperphagia,"Diễn biến ổn định, dung nạp thuốc tốt.",5.06,121,5.9,65,30,6,4.9,7.2,88,31,29,37,"Nhịp xoang đều, tần số 78 ck/phút, không rối loạn dẫn truyền.","Sóng alpha chiếm ưu thế vùng chẩm, không ghi nhận sóng kịch phát.","Nhu mô não không thấy tổn thương khu trú, hệ thống não thất không giãn.",Điện não đồ trong giới hạn bình thường.,Chỉ số vân tay trong giới hạn tham chiếu.,Vận nhãn theo dõi mục tiêu có gián đoạn nhẹ.,Chưa phát hiện đột biến có ý nghĩa lâm sàng.,Nồng độ serotonin huyết tương giảm nhẹ so với tham chiếu.,Không có xét nghiệm bổ sung.,F20.3 - Tâm thần phân liệt thể không biệt định,Rối loạn phân liệt cảm xúc; Rối loạn hoang tưởng dai dẳng,Olanzapine 10mg/ngày; Diazepam 5mg buổi tối,25,,,,,,,,,,,,,,,,,,,,,,,,,,,,,,,,,,,,,,,,,,,,,,,,,,,,,,,,,,,,,,,
BA0009,2026-07-08,Trung bình,Kém hồng,50,151,70,37.0,125/85,"Nhịp tim đều, T1 T2 rõ, không nghe tiếng thổi bệnh lý.","Lồng ngực cân đối, rì rào phế nang êm dịu hai bên, không rale.","Bụng mềm, không chướng, gan lách không sờ thấy, đại tiện bình thường.","Hai thận không sờ thấy, không đau vùng thắt lưng, tiểu tiện bình thường.","Không liệt khu trú, không hội chứng màng não, đồng tử hai bên đều.","Tai mũi họng, răng hàm mặt chưa phát hiện bất thường.",uncooperative,natural|avoidant|oppositional,bizarre,normal|sad|apathetic,"Bệnh nhân hợp tác kém, cần người nhà hỗ trợ khai thác.",normal,disordered,disordered,disordered,"Bệnh nhân tiếp xúc được, trả lời chậm, cần gợi ý nhiều.",normal|increased|irritable,unstable,social_withdrawal,"Bệnh nhân tiếp xúc được, trả lời chậm, cần gợi ý nhiều.",pseudo_auditory,,derealization|other,Cảm giác cơ thể biến dạng,"Bệnh nhân tiếp xúc được, trả lời chậm, cần gợi ý nhiều.",loose|tangential|flight,surveillance,,yes,"Diễn biến ổn định, dung nạp thuốc tốt.",poor_concentration,Triệu chứng thuyên giảm so với lần khám trước.,decreased,decreased,decreased,none|retrograde,Triệu chứng thuyên giảm so với lần khám trước.,dementia,"Diễn biến ổn định, dung nạp thuốc tốt.",stereotypy|posturing,wandering|suicide,initial_insomnia|total_insomnia|hypersomnia,normal|hyperphagia,Triệu chứng thuyên giảm so với lần khám trước.,3.8,139,9.3,50,23,3,5.9,5.3,90,40,45,27,"Nhịp xoang đều, tần số 78 ck/phút, không rối loạn dẫn truyền.","Sóng alpha chiếm ưu thế vùng chẩm, không ghi nhận sóng kịch phát.","Nhu mô não không thấy tổn thương khu trú, hệ thống não thất không giãn.",Điện não đồ trong giới hạn bình thường.,Chỉ số vân tay trong giới hạn tham chiếu.,Vận nhãn theo dõi mục tiêu có gián đoạn nhẹ.,Chưa phát hiện đột biến có ý nghĩa lâm sàng.,Nồng độ serotonin huyết tương giảm nhẹ so với tham chiếu.,Không có xét nghiệm bổ sung.,F20.0 - Tâm thần phân liệt thể paranoid,Rối loạn phân liệt cảm xúc; Rối loạn hoang tưởng dai dẳng,Haloperidol 5mg/ngày; Olanzapine 5mg buổi tối,25,,,,,,,,,,,,,,,,,,,,,,,,,,,,,,,,,,,,,,,,,,,,,,,,,,,,,,,,,,,,,,,
BA0009,2026-06-05,Trung bình,Nhợt nhạt nhẹ,58,152,70,36.8,130/80,"Nhịp tim đều, T1 T2 rõ, không nghe tiếng thổi bệnh lý.","Lồng ngực cân đối, rì rào phế nang êm dịu hai bên, không rale.","Bụng mềm, không chướng, gan lách không sờ thấy, đại tiện bình thường.","Hai thận không sờ thấy, không đau vùng thắt lưng, tiểu tiện bình thường.","Không liệt khu trú, không hội chứng màng não, đồng tử hai bên đều.","Tai mũi họng, răng hàm mặt chưa phát hiện bất thường.",cooperative,oppositional,tidy|bizarre,sad,"Diễn biến ổn định, dung nạp thuốc tốt.",disordered,disordered,normal,normal,Triệu chứng thuyên giảm so với lần khám trước.,decreased|increased,blunted|labile|unstable,social_withdrawal,"Diễn biến ổn định, dung nạp thuốc tốt.",true_auditory|visual,,depersonalization|derealization|other,Cảm giác cơ thể biến dạng,Triệu chứng thuyên giảm so với lần khám trước.,irrelevant|flight,persecution|surveillance,,no,Triệu chứng thuyên giảm so với lần khám trước.,distractible,"Bệnh nhân hợp tác kém, cần người nhà hỗ trợ khai thác.",decreased,decreased,normal,anterograde|retrograde|global,"Bệnh nhân hợp tác kém, cần người nhà hỗ trợ khai thác.",normal,"Diễn biến ổn định, dung nạp thuốc tốt.",normal|stupor|stereotypy,laughing_alone|withdrawn|poor_selfcare,middle_insomnia|late_insomnia|total_insomnia,refusal,"Bệnh nhân tiếp xúc được, trả lời chậm, cần gợi ý nhiều.",3.96,148,4.6,68,39,8,4.4,5.4,82,27,20,21,"Nhịp xoang đều, tần số 78 ck/phút, không rối loạn dẫn truyền.","Sóng alpha chiếm ưu thế vùng chẩm, không ghi nhận sóng kịch phát.","Nhu mô não không thấy tổn thương khu trú, hệ thống não thất không giãn.",Điện não đồ trong giới hạn bình thường.,Chỉ số vân tay trong giới hạn tham chiếu.,Vận nhãn theo dõi mục tiêu có gián đoạn nhẹ.,Chưa phát hiện đột biến có ý nghĩa lâm sàng.,Nồng độ serotonin huyết tương giảm nhẹ so với tham chiếu.,Không có xét nghiệm bổ sung.,F20.0 - Tâm thần phân liệt thể paranoid,Rối loạn phân liệt cảm xúc; Rối loạn hoang tưởng dai dẳng,Haloperidol 5mg/ngày; Olanzapine 5mg buổi tối,20,,,,,,,,,,,,,,,,,,,,,,,,,,,,,,,,,,,,,,,,,,,,,,,,,,,,,,,,,,,,,,,
BA0009,2026-04-27,Trung bình,Nhợt nhạt nhẹ,59,177,71,37.2,110/70,"Nhịp tim đều, T1 T2 rõ, không nghe tiếng thổi bệnh lý.","Lồng ngực cân đối, rì rào phế nang êm dịu hai bên, không rale.","Bụng mềm, không chướng, gan lách không sờ thấy, đại tiện bình thường.","Hai thận không sờ thấy, không đau vùng thắt lưng, tiểu tiện bình thường.","Không liệt khu trú, không hội chứng màng não, đồng tử hai bên đều.","Tai mũi họng, răng hàm mặt chưa phát hiện bất thường.",cooperative,avoidant|oppositional,tidy|untidy|bizarre,normal|anxious|apathetic,Triệu chứng thuyên giảm so với lần khám trước.,disordered,disordered,disordered,normal,"Bệnh nhân hợp tác kém, cần người nhà hỗ trợ khai thác.",increased,appropriate|blunted|apathetic,reduced_communication,"Bệnh nhân tiếp xúc được, trả lời chậm, cần gợi ý nhiều.",gustatory,,depersonalization|derealization|other,Cảm giác cơ thể biến dạng,Triệu chứng thuyên giảm so với lần khám trước.,irrelevant,persecution|surveillance,,yes,"Bệnh nhân tiếp xúc được, trả lời chậm, cần gợi ý nhiều.",distractible,"Diễn biến ổn định, dung nạp thuốc tốt.",normal,normal,normal,global,"Bệnh nhân hợp tác kém, cần người nhà hỗ trợ khai thác.",normal,Triệu chứng thuyên giảm so với lần khám trước.,hypokinesia|stereotypy|posturing,talking_alone|aggression|destructive,normal|initial_insomnia|middle_insomnia,anorexia,"Diễn biến ổn định, dung nạp thuốc tốt.",5.0,124,5.8,55,34,3,4.2,6.2,73,43,42,27,"Nhịp xoang đều, tần số 78 ck/phút, không rối loạn dẫn truyền.","Sóng alpha chiếm ưu thế vùng chẩm, không ghi nhận sóng kịch phát.","Nhu mô não không thấy tổn thương khu trú, hệ thống não thất không giãn.",Điện não đồ trong giới hạn bình thường.,Chỉ số vân tay trong giới hạn tham chiếu.,Vận nhãn theo dõi mục tiêu có gián đoạn nhẹ.,Chưa phát hiện đột biến có ý nghĩa lâm sàng.,Nồng độ serotonin huyết tương giảm nhẹ so với tham chiếu.,Không có xét nghiệm bổ sung.,F20.0 - Tâm thần phân liệt thể paranoid,Rối loạn phân liệt cảm xúc; Rối loạn hoang tưởng dai dẳng,Risperidone 2mg x 2 lần/ngày; Trihexyphenidyl 2mg/ngày,18,,,,,,,,,,,,,,,,,,,,,,,,,,,,,,,,,,,,,,,,,,,,,,,,,,,,,,,,,,,,,,,
BA0009,2026-03-29,Khá,Bình thường,70,168,63,37.0,105/65,"Nhịp tim đều, T1 T2 rõ, không nghe tiếng thổi bệnh lý.","Lồng ngực cân đối, rì rào phế nang êm dịu hai bên, không rale.","Bụng mềm, không chướng, gan lách không sờ thấy, đại tiện bình thường.","Hai thận không sờ thấy, không đau vùng thắt lưng, tiểu tiện bình thường.","Không có dấu hiệu thần kinh khu trú, phản xạ gân xương hai bên đều.","Tai mũi họng, răng hàm mặt chưa phát hiện bất thường.",cooperative,natural|tense|oppositional,tidy,normal|sad|tense,"Bệnh nhân tiếp xúc được, trả lời chậm, cần gợi ý nhiều.",normal,disordered,disordered,normal,"Diễn biến ổn định, dung nạp thuốc tốt.",decreased|increased,labile,reduced_expression|reduced_response|social_withdrawal,"Bệnh nhân tiếp xúc được, trả lời chậm, cần gợi ý nhiều.",olfactory|gustatory|other,Nghe tiếng gọi tên mình lúc nửa đêm,depersonalization|other,Cảm giác cơ thể biến dạng,"Diễn biến ổn định, dung nạp thuốc tốt.",normal|flight,persecution|reference,,no,"Bệnh nhân tiếp xúc được, trả lời chậm, cần gợi ý nhiều.",poor_concentration|hard_sustain,Triệu chứng thuyên giảm so với lần khám trước.,normal,decreased,normal,anterograde,"Bệnh nhân tiếp xúc được, trả lời chậm, cần gợi ý nhiều.",retardation,"Bệnh nhân hợp tác kém, cần người nhà hỗ trợ khai thác.",normal,laughing_alone|aggression,middle_insomnia|late_insomnia,hyperphagia,"Bệnh nhân hợp tác kém, cần người nhà hỗ trợ khai thác.",4.87,117,10.0,66,20,5,5.8,7.1,97,20,28,44,"Nhịp xoang đều, tần số 78 ck/phút, không rối loạn dẫn truyền.","Sóng alpha chiếm ưu thế vùng chẩm, không ghi nhận sóng kịch phát.","Nhu mô não không thấy tổn thương khu trú, hệ thống não thất không giãn.",Điện não đồ trong giới hạn bình thường.,Chỉ số vân tay trong giới hạn tham chiếu.,Vận nhãn theo dõi mục tiêu có gián đoạn nhẹ.,Chưa phát hiện đột biến có ý nghĩa lâm sàng.,Nồng độ serotonin huyết tương giảm nhẹ so với tham chiếu.,Không có xét nghiệm bổ sung.,F20.3 - Tâm thần phân liệt thể không biệt định,Rối loạn phân liệt cảm xúc; Rối loạn hoang tưởng dai dẳng,Risperidone 2mg x 2 lần/ngày; Trihexyphenidyl 2mg/ngày,9,,,,,,,,,,,,,,,,,,,,,,,,,,,,,,,,,,,,,,,,,,,,,,,,,,,,,,,,,,,,,,,
BA0009,2026-03-08,Khá,Kém hồng,62,155,90,36.6,120/80,"Nhịp tim đều, T1 T2 rõ, không nghe tiếng thổi bệnh lý.","Lồng ngực cân đối, rì rào phế nang êm dịu hai bên, không rale.","Bụng mềm, không chướng, gan lách không sờ thấy, đại tiện bình thường.","Hai thận không sờ thấy, không đau vùng thắt lưng, tiểu tiện bình thường.","Không liệt khu trú, không hội chứng màng não, đồng tử hai bên đều.","Tai mũi họng, răng hàm mặt chưa phát hiện bất thường.",uncooperative,natural|avoidant|oppositional,tidy|weather_inappropriate,sad,"Bệnh nhân hợp tác kém, cần người nhà hỗ trợ khai thác.",disordered,disordered,normal,normal,"Bệnh nhân hợp tác kém, cần người nhà hỗ trợ khai thác.",increased|irritable,appropriate|blunted|unstable,reduced_communication|social_withdrawal,"Diễn biến ổn định, dung nạp thuốc tốt.",commenting|visual|other,Nghe tiếng gọi tên mình lúc nửa đêm,depersonalization|derealization|other,Cảm giác cơ thể biến dạng,Triệu chứng thuyên giảm so với lần khám trước.,normal|irrelevant|flight,reference|surveillance,,yes,"Diễn biến ổn định, dung nạp thuốc tốt.",poor_concentration|hard_sustain|hyperattention,"Bệnh nhân tiếp xúc được, trả lời chậm, cần gợi ý nhiều.",decreased,decreased,decreased,none|retrograde,"Bệnh nhân hợp tác kém, cần người nhà hỗ trợ khai thác.",normal,"Bệnh nhân hợp tác kém, cần người nhà hỗ trợ khai thác.",hypokinesia|stupor|stereotypy,wandering,initial_insomnia|late_insomnia|total_insomnia,anorexia|hyperphagia,"Diễn biến ổn định, dung nạp thuốc tốt.",4.82,116,9.9,61,23,4,4.7,4.7,70,45,36,36,"Nhịp xoang đều, tần số 78 ck/phút, không rối loạn dẫn truyền.","Sóng alpha chiếm ưu thế vùng chẩm, không ghi nhận sóng kịch phát.","Nhu mô não không thấy tổn thương khu trú, hệ thống não thất không giãn.",Điện não đồ trong giới hạn bình thường.,Chỉ số vân tay trong giới hạn tham chiếu.,Vận nhãn theo dõi mục tiêu có gián đoạn nhẹ.,Chưa phát hiện đột biến có ý nghĩa lâm sàng.,Nồng độ serotonin huyết tương giảm nhẹ so với tham chiếu.,Không có xét nghiệm bổ sung.,F20.1 - Tâm thần phân liệt thể thanh xuân,Rối loạn phân liệt cảm xúc; Rối loạn hoang tưởng dai dẳng,Olanzapine 10mg/ngày; Diazepam 5mg buổi tối,14,,,,,,,,,,,,,,,,,,,,,,,,,,,,,,,,,,,,,,,,,,,,,,,,,,,,,,,,,,,,,,,
BA0009,2026-01-27,Béo,Bình thường,47,156,74,37.1,125/85,"Nhịp tim đều, T1 T2 rõ, không nghe tiếng thổi bệnh lý.","Lồng ngực cân đối, rì rào phế nang êm dịu hai bên, không rale.","Bụng mềm, không chướng, gan lách không sờ thấy, đại tiện bình thường.","Hai thận không sờ thấy, không đau vùng thắt lưng, tiểu tiện bình thường.","Không có dấu hiệu thần kinh khu trú, phản xạ gân xương hai bên đều.","Tai mũi họng, răng hàm mặt chưa phát hiện bất thường.",cooperative,indifferent|oppositional,untidy|weather_inappropriate|bizarre,anxious|tense,Triệu chứng thuyên giảm so với lần khám trước.,disordered,normal,disordered,normal,"Bệnh nhân tiếp xúc được, trả lời chậm, cần gợi ý nhiều.",increased,appropriate,reduced_expression|reduced_response,"Bệnh nhân hợp tác kém, cần người nhà hỗ trợ khai thác.",none|true_auditory|commenting,,depersonalization,,"Bệnh nhân hợp tác kém, cần người nhà hỗ trợ khai thác.",irrelevant|blocking|flight,persecution|control,,no,"Bệnh nhân tiếp xúc được, trả lời chậm, cần gợi ý nhiều.",poor_concentration|hard_sustain,"Bệnh nhân hợp tác kém, cần người nhà hỗ trợ khai thác.",normal,normal,decreased,none|anterograde|global,Triệu chứng thuyên giảm so với lần khám trước.,dementia,"Diễn biến ổn định, dung nạp thuốc tốt.",hypokinesia|negativism|posturing,wandering|destructive|self_harm,normal|total_insomnia|hypersomnia,normal|anorexia|refusal,"Bệnh nhân tiếp xúc được, trả lời chậm, cần gợi ý nhiều.",5.21,116,4.2,55,36,6,5.7,3.7,78,40,50,27,"Nhịp xoang đều, tần số 78 ck/phút, không rối loạn dẫn truyền.","Sóng alpha chiếm ưu thế vùng chẩm, không ghi nhận sóng kịch phát.","Nhu mô não không thấy tổn thương khu trú, hệ thống não thất không giãn.",Điện não đồ trong giới hạn bình thường.,Chỉ số vân tay trong giới hạn tham chiếu.,Vận nhãn theo dõi mục tiêu có gián đoạn nhẹ.,Chưa phát hiện đột biến có ý nghĩa lâm sàng.,Nồng độ serotonin huyết tương giảm nhẹ so với tham chiếu.,Không có xét nghiệm bổ sung.,F20.0 - Tâm thần phân liệt thể paranoid,Rối loạn phân liệt cảm xúc; Rối loạn hoang tưởng dai dẳng,Olanzapine 10mg/ngày; Diazepam 5mg buổi tối,15,,,,,,,,,,,,,,,,,,,,,,,,,,,,,,,,,,,,,,,,,,,,,,,,,,,,,,,,,,,,,,,
BA0009,2025-12-31,Khá,Hồng hào,76,156,65,36.6,115/75,"Nhịp tim đều, T1 T2 rõ, không nghe tiếng thổi bệnh lý.","Lồng ngực cân đối, rì rào phế nang êm dịu hai bên, không rale.","Bụng mềm, không chướng, gan lách không sờ thấy, đại tiện bình thường.","Hai thận không sờ thấy, không đau vùng thắt lưng, tiểu tiện bình thường.","Không có dấu hiệu thần kinh khu trú, phản xạ gân xương hai bên đều.","Tai mũi họng, răng hàm mặt chưa phát hiện bất thường.",uncooperative,avoidant,weather_inappropriate,anxious|tense|apathetic,Triệu chứng thuyên giảm so với lần khám trước.,disordered,disordered,normal,disordered,Triệu chứng thuyên giảm so với lần khám trước.,normal|increased,blunted|unstable,reduced_expression|reduced_communication|social_withdrawal,Triệu chứng thuyên giảm so với lần khám trước.,pseudo_auditory|olfactory,,depersonalization,,"Bệnh nhân hợp tác kém, cần người nhà hỗ trợ khai thác.",tangential|circumstantial|flight,surveillance|bizarre,,no,"Diễn biến ổn định, dung nạp thuốc tốt.",poor_concentration|hard_sustain|hyperattention,"Diễn biến ổn định, dung nạp thuốc tốt.",normal,decreased,normal,retrograde,"Bệnh nhân tiếp xúc được, trả lời chậm, cần gợi ý nhiều.",dementia,"Bệnh nhân hợp tác kém, cần người nhà hỗ trợ khai thác.",hypokinesia|posturing,aggression|self_harm,normal|middle_insomnia,hyperphagia|refusal,"Bệnh nhân hợp tác kém, cần người nhà hỗ trợ khai thác.",4.51,142,4.5,60,30,5,5.6,3.6,104,19,35,16,"Nhịp xoang đều, tần số 78 ck/phút, không rối loạn dẫn truyền.","Sóng alpha chiếm ưu thế vùng chẩm, không ghi nhận sóng kịch phát.","Nhu mô não không thấy tổn thương khu trú, hệ thống não thất không giãn.",Điện não đồ trong giới hạn bình thường.,Chỉ số vân tay trong giới hạn tham chiếu.,Vận nhãn theo dõi mục tiêu có gián đoạn nhẹ.,Chưa phát hiện đột biến có ý nghĩa lâm sàng.,Nồng độ serotonin huyết tương giảm nhẹ so với tham chiếu.,Không có xét nghiệm bổ sung.,F20.3 - Tâm thần phân liệt thể không biệt định,Rối loạn phân liệt cảm xúc; Rối loạn hoang tưởng dai dẳng,Haloperidol 5mg/ngày; Olanzapine 5mg buổi tối,24,,,,,,,,,,,,,,,,,,,,,,,,,,,,,,,,,,,,,,,,,,,,,,,,,,,,,,,,,,,,,,,
BA0009,2025-11-23,Suy kiệt nhẹ,Bình thường,47,159,82,37.0,110/70,"Nhịp tim đều, T1 T2 rõ, không nghe tiếng thổi bệnh lý.","Lồng ngực cân đối, rì rào phế nang êm dịu hai bên, không rale.","Bụng mềm, không chướng, gan lách không sờ thấy, đại tiện bình thường.","Hai thận không sờ thấy, không đau vùng thắt lưng, tiểu tiện bình thường.","Không liệt khu trú, không hội chứng màng não, đồng tử hai bên đều.","Tai mũi họng, răng hàm mặt chưa phát hiện bất thường.",cooperative,avoidant|tense|oppositional,tidy|weather_inappropriate|bizarre,normal|tense,"Diễn biến ổn định, dung nạp thuốc tốt.",normal,normal,disordered,disordered,"Bệnh nhân hợp tác kém, cần người nhà hỗ trợ khai thác.",normal,blunted|labile,reduced_response|reduced_communication,"Diễn biến ổn định, dung nạp thuốc tốt.",commenting|commanding,,derealization|other,Cảm giác cơ thể biến dạng,"Bệnh nhân tiếp xúc được, trả lời chậm, cần gợi ý nhiều.",loose,persecution|surveillance|other,Hoang tưởng phát minh,yes,"Bệnh nhân tiếp xúc được, trả lời chậm, cần gợi ý nhiều.",poor_concentration|hard_sustain,Triệu chứng thuyên giảm so với lần khám trước.,normal,decreased,normal,retrograde|global,"Diễn biến ổn định, dung nạp thuốc tốt.",dementia,"Bệnh nhân hợp tác kém, cần người nhà hỗ trợ khai thác.",agitation|stereotypy|posturing,destructive|self_harm|suicide,normal|initial_insomnia|total_insomnia,normal|refusal,Triệu chứng thuyên giảm so với lần khám trước.,3.96,127,7.2,66,24,6,4.7,5.8,59,27,29,50,"Nhịp xoang đều, tần số 78 ck/phút, không rối loạn dẫn truyền.","Sóng alpha chiếm ưu thế vùng chẩm, không ghi nhận sóng kịch phát.","Nhu mô não không thấy tổn thương khu trú, hệ thống não thất không giãn.",Điện não đồ trong giới hạn bình thường.,Chỉ số vân tay trong giới hạn tham chiếu.,Vận nhãn theo dõi mục tiêu có gián đoạn nhẹ.,Chưa phát hiện đột biến có ý nghĩa lâm sàng.,Nồng độ serotonin huyết tương giảm nhẹ so với tham chiếu.,Không có xét nghiệm bổ sung.,F20.1 - Tâm thần phân liệt thể thanh xuân,Rối loạn phân liệt cảm xúc; Rối loạn hoang tưởng dai dẳng,Haloperidol 5mg/ngày; Olanzapine 5mg buổi tối,33,,,,,,,,,,,,,,,,,,,,,,,,,,,,,,,,,,,,,,,,,,,,,,,,,,,,,,,,,,,,,,,
BA0009,2025-10-25,Béo,Bình thường,70,178,66,36.6,125/85,"Nhịp tim đều, T1 T2 rõ, không nghe tiếng thổi bệnh lý.","Lồng ngực cân đối, rì rào phế nang êm dịu hai bên, không rale.","Bụng mềm, không chướng, gan lách không sờ thấy, đại tiện bình thường.","Hai thận không sờ thấy, không đau vùng thắt lưng, tiểu tiện bình thường.","Không có dấu hiệu thần kinh khu trú, phản xạ gân xương hai bên đều.","Tai mũi họng, răng hàm mặt chưa phát hiện bất thường.",cooperative,natural|indifferent,untidy|bizarre,apathetic,"Bệnh nhân hợp tác kém, cần người nhà hỗ trợ khai thác.",disordered,normal,normal,disordered,"Diễn biến ổn định, dung nạp thuốc tốt.",normal|increased,appropriate|apathetic,reduced_expression|reduced_response,"Bệnh nhân tiếp xúc được, trả lời chậm, cần gợi ý nhiều.",true_auditory|pseudo_auditory|conversing,,depersonalization,,"Diễn biến ổn định, dung nạp thuốc tốt.",normal,control|bizarre|other,Hoang tưởng phát minh,no,"Bệnh nhân tiếp xúc được, trả lời chậm, cần gợi ý nhiều.",normal|poor_concentration,"Bệnh nhân tiếp xúc được, trả lời chậm, cần gợi ý nhiều.",decreased,normal,decreased,none|anterograde,"Bệnh nhân tiếp xúc được, trả lời chậm, cần gợi ý nhiều.",retardation,"Bệnh nhân tiếp xúc được, trả lời chậm, cần gợi ý nhiều.",stereotypy,laughing_alone|aggression|poor_selfcare,normal,anorexia,"Bệnh nhân tiếp xúc được, trả lời chậm, cần gợi ý nhiều.",4.86,149,5.4,64,34,9,5.9,3.5,72,32,39,17,"Nhịp xoang đều, tần số 78 ck/phút, không rối loạn dẫn truyền.","Sóng alpha chiếm ưu thế vùng chẩm, không ghi nhận sóng kịch phát.","Nhu mô não không thấy tổn thương khu trú, hệ thống não thất không giãn.",Điện não đồ trong giới hạn bình thường.,Chỉ số vân tay trong giới hạn tham chiếu.,Vận nhãn theo dõi mục tiêu có gián đoạn nhẹ.,Chưa phát hiện đột biến có ý nghĩa lâm sàng.,Nồng độ serotonin huyết tương giảm nhẹ so với tham chiếu.,Không có xét nghiệm bổ sung.,F20.0 - Tâm thần phân liệt thể paranoid,Rối loạn phân liệt cảm xúc; Rối loạn hoang tưởng dai dẳng,Olanzapine 10mg/ngày; Diazepam 5mg buổi tối,14,,,,,,,,,,,,,,,,,,,,,,,,,,,,,,,,,,,,,,,,,,,,,,,,,,,,,,,,,,,,,,,
BA0009,2025-09-17,Khá,Nhợt nhạt nhẹ,78,170,84,36.9,120/80,"Nhịp tim đều, T1 T2 rõ, không nghe tiếng thổi bệnh lý.","Lồng ngực cân đối, rì rào phế nang êm dịu hai bên, không rale.","Bụng mềm, không chướng, gan lách không sờ thấy, đại tiện bình thường.","Hai thận không sờ thấy, không đau vùng thắt lưng, tiểu tiện bình thường.","Không liệt khu trú, không hội chứng màng não, đồng tử hai bên đều.","Tai mũi họng, răng hàm mặt chưa phát hiện bất thường.",limited,avoidant|oppositional,tidy|untidy|bizarre,tense,"Diễn biến ổn định, dung nạp thuốc tốt.",normal,normal,disordered,normal,"Diễn biến ổn định, dung nạp thuốc tốt.",decreased|irritable,blunted|apathetic|labile,reduced_expression,"Bệnh nhân tiếp xúc được, trả lời chậm, cần gợi ý nhiều.",true_auditory,,other,Cảm giác cơ thể biến dạng,Triệu chứng thuyên giảm so với lần khám trước.,irrelevant,control|bizarre|other,Hoang tưởng phát minh,yes,"Bệnh nhân hợp tác kém, cần người nhà hỗ trợ khai thác.",hard_sustain|hyperattention,"Diễn biến ổn định, dung nạp thuốc tốt.",decreased,normal,decreased,none|retrograde|global,Triệu chứng thuyên giảm so với lần khám trước.,retardation,"Bệnh nhân hợp tác kém, cần người nhà hỗ trợ khai thác.",agitation|catatonia|posturing,laughing_alone|withdrawn|aggression,normal|total_insomnia,normal|hyperphagia|refusal,"Bệnh nhân tiếp xúc được, trả lời chậm, cần gợi ý nhiều.",4.26,138,5.8,58,23,4,4.7,6.4,97,22,22,46,"Nhịp xoang đều, tần số 78 ck/phút, không rối loạn dẫn truyền.","Sóng alpha chiếm ưu thế vùng chẩm, không ghi nhận sóng kịch phát.","Nhu mô não không thấy tổn thương khu trú, hệ thống não thất không giãn.",Điện não đồ trong giới hạn bình thường.,Chỉ số vân tay trong giới hạn tham chiếu.,Vận nhãn theo dõi mục tiêu có gián đoạn nhẹ.,Chưa phát hiện đột biến có ý nghĩa lâm sàng.,Nồng độ serotonin huyết tương giảm nhẹ so với tham chiếu.,Không có xét nghiệm bổ sung.,F20.3 - Tâm thần phân liệt thể không biệt định,Rối loạn phân liệt cảm xúc; Rối loạn hoang tưởng dai dẳng,Risperidone 2mg x 2 lần/ngày; Trihexyphenidyl 2mg/ngày,8,,,,,,,,,,,,,,,,,,,,,,,,,,,,,,,,,,,,,,,,,,,,,,,,,,,,,,,,,,,,,,,
BA0010,2026-06-29,Gầy,Nhợt nhạt nhẹ,67,175,63,36.9,120/80,"Nhịp tim đều, T1 T2 rõ, không nghe tiếng thổi bệnh lý.","Lồng ngực cân đối, rì rào phế nang êm dịu hai bên, không rale.","Bụng mềm, không chướng, gan lách không sờ thấy, đại tiện bình thường.","Hai thận không sờ thấy, không đau vùng thắt lưng, tiểu tiện bình thường.","Không liệt khu trú, không hội chứng màng não, đồng tử hai bên đều.","Tai mũi họng, răng hàm mặt chưa phát hiện bất thường.",uncooperative,avoidant,tidy|untidy|bizarre,normal,Triệu chứng thuyên giảm so với lần khám trước.,disordered,disordered,disordered,disordered,"Bệnh nhân hợp tác kém, cần người nhà hỗ trợ khai thác.",normal,blunted|labile|unstable,reduced_response|reduced_communication|social_withdrawal,"Diễn biến ổn định, dung nạp thuốc tốt.",pseudo_auditory|conversing|tactile,,other,Cảm giác cơ thể biến dạng,"Bệnh nhân tiếp xúc được, trả lời chậm, cần gợi ý nhiều.",illogical|tangential|circumstantial,surveillance,,yes,"Bệnh nhân tiếp xúc được, trả lời chậm, cần gợi ý nhiều.",normal|poor_concentration|hard_sustain,"Bệnh nhân hợp tác kém, cần người nhà hỗ trợ khai thác.",decreased,decreased,normal,anterograde|retrograde|global,"Bệnh nhân hợp tác kém, cần người nhà hỗ trợ khai thác.",dementia,Triệu chứng thuyên giảm so với lần khám trước.,catatonia|stereotypy,destructive|poor_selfcare,normal|late_insomnia|hypersomnia,normal|hyperphagia,"Diễn biến ổn định, dung nạp thuốc tốt.",3.86,132,4.4,64,23,8,4.3,6.3,58,45,20,46,"Nhịp xoang đều, tần số 78 ck/phút, không rối loạn dẫn truyền.","Sóng alpha chiếm ưu thế vùng chẩm, không ghi nhận sóng kịch phát.","Nhu mô não không thấy tổn thương khu trú, hệ thống não thất không giãn.",Điện não đồ trong giới hạn bình thường.,Chỉ số vân tay trong giới hạn tham chiếu.,Vận nhãn theo dõi mục tiêu có gián đoạn nhẹ.,Chưa phát hiện đột biến có ý nghĩa lâm sàng.,Nồng độ serotonin huyết tương giảm nhẹ so với tham chiếu.,Không có xét nghiệm bổ sung.,F20.0 - Tâm thần phân liệt thể paranoid,Rối loạn phân liệt cảm xúc; Rối loạn hoang tưởng dai dẳng,Haloperidol 5mg/ngày; Olanzapine 5mg buổi tối,22,,,,,,,,,,,,,,,,,,,,,,,,,,,,,,,,,,,,,,,,,,,,,,,,,,,,,,,,,,,,,,,
BA0010,2026-05-20,Suy kiệt nhẹ,Hồng hào,56,179,68,36.7,115/75,"Nhịp tim đều, T1 T2 rõ, không nghe tiếng thổi bệnh lý.","Lồng ngực cân đối, rì rào phế nang êm dịu hai bên, không rale.","Bụng mềm, không chướng, gan lách không sờ thấy, đại tiện bình thường.","Hai thận không sờ thấy, không đau vùng thắt lưng, tiểu tiện bình thường.","Không có dấu hiệu thần kinh khu trú, phản xạ gân xương hai bên đều.","Tai mũi họng, răng hàm mặt chưa phát hiện bất thường.",uncooperative,tense,tidy|weather_inappropriate,normal|anxious,"Diễn biến ổn định, dung nạp thuốc tốt.",normal,normal,normal,normal,"Bệnh nhân tiếp xúc được, trả lời chậm, cần gợi ý nhiều.",decreased|increased|irritable,apathetic|labile,reduced_expression|reduced_response|social_withdrawal,"Bệnh nhân tiếp xúc được, trả lời chậm, cần gợi ý nhiều.",other,Nghe tiếng gọi tên mình lúc nửa đêm,derealization|other,Cảm giác cơ thể biến dạng,"Bệnh nhân tiếp xúc được, trả lời chậm, cần gợi ý nhiều.",loose|illogical,control,,no,"Bệnh nhân tiếp xúc được, trả lời chậm, cần gợi ý nhiều.",poor_concentration|distractible,Triệu chứng thuyên giảm so với lần khám trước.,normal,normal,normal,none|retrograde|global,"Bệnh nhân tiếp xúc được, trả lời chậm, cần gợi ý nhiều.",retardation,Triệu chứng thuyên giảm so với lần khám trước.,hypokinesia,talking_alone|aggression|destructive,normal|late_insomnia,hyperphagia|refusal,"Bệnh nhân tiếp xúc được, trả lời chậm, cần gợi ý nhiều.",4.6,134,6.7,71,30,4,5.3,4.7,101,35,50,39,"Nhịp xoang đều, tần số 78 ck/phút, không rối loạn dẫn truyền.","Sóng alpha chiếm ưu thế vùng chẩm, không ghi nhận sóng kịch phát.","Nhu mô não không thấy tổn thương khu trú, hệ thống não thất không giãn.",Điện não đồ trong giới hạn bình thường.,Chỉ số vân tay trong giới hạn tham chiếu.,Vận nhãn theo dõi mục tiêu có gián đoạn nhẹ.,Chưa phát hiện đột biến có ý nghĩa lâm sàng.,Nồng độ serotonin huyết tương giảm nhẹ so với tham chiếu.,Không có xét nghiệm bổ sung.,F20.3 - Tâm thần phân liệt thể không biệt định,Rối loạn phân liệt cảm xúc; Rối loạn hoang tưởng dai dẳng,Olanzapine 10mg/ngày; Diazepam 5mg buổi tối,32,,,,,,,,,,,,,,,,,,,,,,,,,,,,,,,,,,,,,,,,,,,,,,,,,,,,,,,,,,,,,,,
BA0010,2026-04-16,Gầy,Kém hồng,47,177,75,36.5,105/65,"Nhịp tim đều, T1 T2 rõ, không nghe tiếng thổi bệnh lý.","Lồng ngực cân đối, rì rào phế nang êm dịu hai bên, không rale.","Bụng mềm, không chướng, gan lách không sờ thấy, đại tiện bình thường.","Hai thận không sờ thấy, không đau vùng thắt lưng, tiểu tiện bình thường.","Không liệt khu trú, không hội chứng màng não, đồng tử hai bên đều.","Tai mũi họng, răng hàm mặt chưa phát hiện bất thường.",limited,avoidant|tense|oppositional,bizarre,anxious|tense|apathetic,"Bệnh nhân hợp tác kém, cần người nhà hỗ trợ khai thác.",normal,normal,disordered,disordered,Triệu chứng thuyên giảm so với lần khám trước.,normal,inappropriate|labile,reduced_expression,"Diễn biến ổn định, dung nạp thuốc tốt.",true_auditory|pseudo_auditory|commanding,,other,Cảm giác cơ thể biến dạng,Triệu chứng thuyên giảm so với lần khám trước.,flight,persecution|bizarre,,no,Triệu chứng thuyên giảm so với lần khám trước.,poor_concentration|distractible|hyperattention,Triệu chứng thuyên giảm so với lần khám trước.,normal,decreased,decreased,none|anterograde|global,Triệu chứng thuyên giảm so với lần khám trước.,retardation,Triệu chứng thuyên giảm so với lần khám trước.,agitation|negativism|posturing,poor_selfcare,initial_insomnia,anorexia|hyperphagia,Triệu chứng thuyên giảm so với lần khám trước.,5.06,133,4.4,51,26,8,5.9,6.1,81,24,31,32,"Nhịp xoang đều, tần số 78 ck/phút, không rối loạn dẫn truyền.","Sóng alpha chiếm ưu thế vùng chẩm, không ghi nhận sóng kịch phát.","Nhu mô não không thấy tổn thương khu trú, hệ thống não thất không giãn.",Điện não đồ trong giới hạn bình thường.,Chỉ số vân tay trong giới hạn tham chiếu.,Vận nhãn theo dõi mục tiêu có gián đoạn nhẹ.,Chưa phát hiện đột biến có ý nghĩa lâm sàng.,Nồng độ serotonin huyết tương giảm nhẹ so với tham chiếu.,Không có xét nghiệm bổ sung.,F20.0 - Tâm thần phân liệt thể paranoid,Rối loạn phân liệt cảm xúc; Rối loạn hoang tưởng dai dẳng,Risperidone 2mg x 2 lần/ngày; Trihexyphenidyl 2mg/ngày,23,,,,,,,,,,,,,,,,,,,,,,,,,,,,,,,,,,,,,,,,,,,,,,,,,,,,,,,,,,,,,,,
BA0010,2026-03-19,Béo,Nhợt nhạt nhẹ,60,175,93,37.4,110/70,"Nhịp tim đều, T1 T2 rõ, không nghe tiếng thổi bệnh lý.","Lồng ngực cân đối, rì rào phế nang êm dịu hai bên, không rale.","Bụng mềm, không chướng, gan lách không sờ thấy, đại tiện bình thường.","Hai thận không sờ thấy, không đau vùng thắt lưng, tiểu tiện bình thường.","Không liệt khu trú, không hội chứng màng não, đồng tử hai bên đều.","Tai mũi họng, răng hàm mặt chưa phát hiện bất thường.",limited,avoidant,tidy|weather_inappropriate,sad|tense|apathetic,"Diễn biến ổn định, dung nạp thuốc tốt.",normal,disordered,normal,disordered,"Bệnh nhân hợp tác kém, cần người nhà hỗ trợ khai thác.",normal,apathetic,social_withdrawal,"Bệnh nhân hợp tác kém, cần người nhà hỗ trợ khai thác.",tactile|olfactory|gustatory,,other,Cảm giác cơ thể biến dạng,Triệu chứng thuyên giảm so với lần khám trước.,illogical|tangential|blocking,surveillance|other,Hoang tưởng phát minh,yes,"Bệnh nhân hợp tác kém, cần người nhà hỗ trợ khai thác.",normal|distractible|hyperattention,"Diễn biến ổn định, dung nạp thuốc tốt.",decreased,normal,normal,none,"Bệnh nhân hợp tác kém, cần người nhà hỗ trợ khai thác.",retardation,"Diễn biến ổn định, dung nạp thuốc tốt.",normal,withdrawn,initial_insomnia,normal|anorexia|hyperphagia,Triệu chứng thuyên giảm so với lần khám trước.,4.33,151,4.2,70,33,7,5.4,4.6,82,26,49,33,"Nhịp xoang đều, tần số 78 ck/phút, không rối loạn dẫn truyền.","Sóng alpha chiếm ưu thế vùng chẩm, không ghi nhận sóng kịch phát.","Nhu mô não không thấy tổn thương khu trú, hệ thống não thất không giãn.",Điện não đồ trong giới hạn bình thường.,Chỉ số vân tay trong giới hạn tham chiếu.,Vận nhãn theo dõi mục tiêu có gián đoạn nhẹ.,Chưa phát hiện đột biến có ý nghĩa lâm sàng.,Nồng độ serotonin huyết tương giảm nhẹ so với tham chiếu.,Không có xét nghiệm bổ sung.,F20.1 - Tâm thần phân liệt thể thanh xuân,Rối loạn phân liệt cảm xúc; Rối loạn hoang tưởng dai dẳng,Haloperidol 5mg/ngày; Olanzapine 5mg buổi tối,29,,,,,,,,,,,,,,,,,,,,,,,,,,,,,,,,,,,,,,,,,,,,,,,,,,,,,,,,,,,,,,,
BA0010,2026-02-23,Trung bình,Nhợt nhạt nhẹ,56,178,85,36.7,120/80,"Nhịp tim đều, T1 T2 rõ, không nghe tiếng thổi bệnh lý.","Lồng ngực cân đối, rì rào phế nang êm dịu hai bên, không rale.","Bụng mềm, không chướng, gan lách không sờ thấy, đại tiện bình thường.","Hai thận không sờ thấy, không đau vùng thắt lưng, tiểu tiện bình thường.","Không liệt khu trú, không hội chứng màng não, đồng tử hai bên đều.","Tai mũi họng, răng hàm mặt chưa phát hiện bất thường.",cooperative,natural|indifferent|tense,bizarre,tense,"Bệnh nhân tiếp xúc được, trả lời chậm, cần gợi ý nhiều.",disordered,normal,disordered,normal,"Bệnh nhân hợp tác kém, cần người nhà hỗ trợ khai thác.",increased,blunted|labile,reduced_expression|reduced_communication,"Bệnh nhân hợp tác kém, cần người nhà hỗ trợ khai thác.",none|visual,,depersonalization|derealization|other,Cảm giác cơ thể biến dạng,Triệu chứng thuyên giảm so với lần khám trước.,normal|illogical|circumstantial,surveillance|bizarre,,no,"Bệnh nhân hợp tác kém, cần người nhà hỗ trợ khai thác.",poor_concentration|distractible|hyperattention,Triệu chứng thuyên giảm so với lần khám trước.,normal,normal,decreased,none|anterograde|retrograde,Triệu chứng thuyên giảm so với lần khám trước.,dementia,Triệu chứng thuyên giảm so với lần khám trước.,agitation|catatonia|negativism,withdrawn|aggression,normal|middle_insomnia|hypersomnia,anorexia,Triệu chứng thuyên giảm so với lần khám trước.,5.04,125,9.1,68,28,5,6.0,5.0,78,30,36,26,"Nhịp xoang đều, tần số 78 ck/phút, không rối loạn dẫn truyền.","Sóng alpha chiếm ưu thế vùng chẩm, không ghi nhận sóng kịch phát.","Nhu mô não không thấy tổn thương khu trú, hệ thống não thất không giãn.",Điện não đồ trong giới hạn bình thường.,Chỉ số vân tay trong giới hạn tham chiếu.,Vận nhãn theo dõi mục tiêu có gián đoạn nhẹ.,Chưa phát hiện đột biến có ý nghĩa lâm sàng.,Nồng độ serotonin huyết tương giảm nhẹ so với tham chiếu.,Không có xét nghiệm bổ sung.,F20.1 - Tâm thần phân liệt thể thanh xuân,Rối loạn phân liệt cảm xúc; Rối loạn hoang tưởng dai dẳng,Haloperidol 5mg/ngày; Olanzapine 5mg buổi tối,8,,,,,,,,,,,,,,,,,,,,,,,,,,,,,,,,,,,,,,,,,,,,,,,,,,,,,,,,,,,,,,,
BA0010,2026-01-24,Khá,Kém hồng,57,155,62,36.4,125/85,"Nhịp tim đều, T1 T2 rõ, không nghe tiếng thổi bệnh lý.","Lồng ngực cân đối, rì rào phế nang êm dịu hai bên, không rale.","Bụng mềm, không chướng, gan lách không sờ thấy, đại tiện bình thường.","Hai thận không sờ thấy, không đau vùng thắt lưng, tiểu tiện bình thường.","Không có dấu hiệu thần kinh khu trú, phản xạ gân xương hai bên đều.","Tai mũi họng, răng hàm mặt chưa phát hiện bất thường.",uncooperative,tense|oppositional,tidy|bizarre,sad|tense|apathetic,"Bệnh nhân hợp tác kém, cần người nhà hỗ trợ khai thác.",disordered,normal,disordered,normal,Triệu chứng thuyên giảm so với lần khám trước.,irritable,blunted|apathetic|unstable,social_withdrawal,Triệu chứng thuyên giảm so với lần khám trước.,tactile,,depersonalization|derealization|other,Cảm giác cơ thể biến dạng,Triệu chứng thuyên giảm so với lần khám trước.,flight,reference|control|other,Hoang tưởng phát minh,yes,"Diễn biến ổn định, dung nạp thuốc tốt.",normal,Triệu chứng thuyên giảm so với lần khám trước.,normal,decreased,decreased,global,Triệu chứng thuyên giảm so với lần khám trước.,retardation,Triệu chứng thuyên giảm so với lần khám trước.,agitation|stupor|negativism,wandering|self_harm,initial_insomnia|late_insomnia,refusal,"Bệnh nhân hợp tác kém, cần người nhà hỗ trợ khai thác.",3.85,128,5.3,51,34,6,5.1,3.8,98,46,34,34,"Nhịp xoang đều, tần số 78 ck/phút, không rối loạn dẫn truyền.","Sóng alpha chiếm ưu thế vùng chẩm, không ghi nhận sóng kịch phát.","Nhu mô não không thấy tổn thương khu trú, hệ thống não thất không giãn.",Điện não đồ trong giới hạn bình thường.,Chỉ số vân tay trong giới hạn tham chiếu.,Vận nhãn theo dõi mục tiêu có gián đoạn nhẹ.,Chưa phát hiện đột biến có ý nghĩa lâm sàng.,Nồng độ serotonin huyết tương giảm nhẹ so với tham chiếu.,Không có xét nghiệm bổ sung.,F20.0 - Tâm thần phân liệt thể paranoid,Rối loạn phân liệt cảm xúc; Rối loạn hoang tưởng dai dẳng,Haloperidol 5mg/ngày; Olanzapine 5mg buổi tối,33,,,,,,,,,,,,,,,,,,,,,,,,,,,,,,,,,,,,,,,,,,,,,,,,,,,,,,,,,,,,,,,
BA0010,2025-12-13,Béo,Bình thường,60,161,90,36.4,130/80,"Nhịp tim đều, T1 T2 rõ, không nghe tiếng thổi bệnh lý.","Lồng ngực cân đối, rì rào phế nang êm dịu hai bên, không rale.","Bụng mềm, không chướng, gan lách không sờ thấy, đại tiện bình thường.","Hai thận không sờ thấy, không đau vùng thắt lưng, tiểu tiện bình thường.","Không có dấu hiệu thần kinh khu trú, phản xạ gân xương hai bên đều.","Tai mũi họng, răng hàm mặt chưa phát hiện bất thường.",cooperative,natural|avoidant|oppositional,tidy|untidy|weather_inappropriate,apathetic,"Bệnh nhân hợp tác kém, cần người nhà hỗ trợ khai thác.",disordered,normal,normal,disordered,Triệu chứng thuyên giảm so với lần khám trước.,increased,appropriate|labile,reduced_expression|reduced_response|social_withdrawal,Triệu chứng thuyên giảm so với lần khám trước.,true_auditory|tactile|gustatory,,depersonalization|derealization|other,Cảm giác cơ thể biến dạng,Triệu chứng thuyên giảm so với lần khám trước.,normal|neologism,reference,,no,"Bệnh nhân hợp tác kém, cần người nhà hỗ trợ khai thác.",distractible|hard_sustain|hyperattention,"Bệnh nhân tiếp xúc được, trả lời chậm, cần gợi ý nhiều.",normal,decreased,normal,none|anterograde|retrograde,"Bệnh nhân hợp tác kém, cần người nhà hỗ trợ khai thác.",normal,"Diễn biến ổn định, dung nạp thuốc tốt.",agitation,withdrawn|bizarre|poor_selfcare,middle_insomnia,normal|anorexia,Triệu chứng thuyên giảm so với lần khám trước.,4.98,134,10.3,60,28,8,5.3,6.8,86,34,18,23,"Nhịp xoang đều, tần số 78 ck/phút, không rối loạn dẫn truyền.","Sóng alpha chiếm ưu thế vùng chẩm, không ghi nhận sóng kịch phát.","Nhu mô não không thấy tổn thương khu trú, hệ thống não thất không giãn.",Điện não đồ trong giới hạn bình thường.,Chỉ số vân tay trong giới hạn tham chiếu.,Vận nhãn theo dõi mục tiêu có gián đoạn nhẹ.,Chưa phát hiện đột biến có ý nghĩa lâm sàng.,Nồng độ serotonin huyết tương giảm nhẹ so với tham chiếu.,Không có xét nghiệm bổ sung.,F20.3 - Tâm thần phân liệt thể không biệt định,Rối loạn phân liệt cảm xúc; Rối loạn hoang tưởng dai dẳng,Risperidone 2mg x 2 lần/ngày; Trihexyphenidyl 2mg/ngày,32,,,,,,,,,,,,,,,,,,,,,,,,,,,,,,,,,,,,,,,,,,,,,,,,,,,,,,,,,,,,,,,
BA0010,2025-11-07,Suy kiệt nhẹ,Hồng hào,60,175,62,36.4,105/65,"Nhịp tim đều, T1 T2 rõ, không nghe tiếng thổi bệnh lý.","Lồng ngực cân đối, rì rào phế nang êm dịu hai bên, không rale.","Bụng mềm, không chướng, gan lách không sờ thấy, đại tiện bình thường.","Hai thận không sờ thấy, không đau vùng thắt lưng, tiểu tiện bình thường.","Không liệt khu trú, không hội chứng màng não, đồng tử hai bên đều.","Tai mũi họng, răng hàm mặt chưa phát hiện bất thường.",uncooperative,natural|tense|oppositional,tidy|weather_inappropriate|bizarre,normal,"Bệnh nhân tiếp xúc được, trả lời chậm, cần gợi ý nhiều.",normal,normal,normal,disordered,"Diễn biến ổn định, dung nạp thuốc tốt.",normal|decreased,unstable,reduced_response|social_withdrawal,"Bệnh nhân tiếp xúc được, trả lời chậm, cần gợi ý nhiều.",visual|tactile,,depersonalization|derealization,,"Bệnh nhân hợp tác kém, cần người nhà hỗ trợ khai thác.",loose|circumstantial,persecution|bizarre|other,Hoang tưởng phát minh,yes,Triệu chứng thuyên giảm so với lần khám trước.,normal|poor_concentration,"Bệnh nhân tiếp xúc được, trả lời chậm, cần gợi ý nhiều.",decreased,decreased,normal,none|global,"Bệnh nhân hợp tác kém, cần người nhà hỗ trợ khai thác.",dementia,Triệu chứng thuyên giảm so với lần khám trước.,normal|stereotypy,withdrawn|self_harm,middle_insomnia,anorexia|hyperphagia|refusal,"Diễn biến ổn định, dung nạp thuốc tốt.",4.31,144,5.4,64,36,9,4.2,6.0,71,20,18,31,"Nhịp xoang đều, tần số 78 ck/phút, không rối loạn dẫn truyền.","Sóng alpha chiếm ưu thế vùng chẩm, không ghi nhận sóng kịch phát.","Nhu mô não không thấy tổn thương khu trú, hệ thống não thất không giãn.",Điện não đồ trong giới hạn bình thường.,Chỉ số vân tay trong giới hạn tham chiếu.,Vận nhãn theo dõi mục tiêu có gián đoạn nhẹ.,Chưa phát hiện đột biến có ý nghĩa lâm sàng.,Nồng độ serotonin huyết tương giảm nhẹ so với tham chiếu.,Không có xét nghiệm bổ sung.,F20.3 - Tâm thần phân liệt thể không biệt định,Rối loạn phân liệt cảm xúc; Rối loạn hoang tưởng dai dẳng,Olanzapine 10mg/ngày; Diazepam 5mg buổi tối,16,,,,,,,,,,,,,,,,,,,,,,,,,,,,,,,,,,,,,,,,,,,,,,,,,,,,,,,,,,,,,,,
BA0010,2025-10-03,Trung bình,Bình thường,74,179,82,37.4,130/80,"Nhịp tim đều, T1 T2 rõ, không nghe tiếng thổi bệnh lý.","Lồng ngực cân đối, rì rào phế nang êm dịu hai bên, không rale.","Bụng mềm, không chướng, gan lách không sờ thấy, đại tiện bình thường.","Hai thận không sờ thấy, không đau vùng thắt lưng, tiểu tiện bình thường.","Không liệt khu trú, không hội chứng màng não, đồng tử hai bên đều.","Tai mũi họng, răng hàm mặt chưa phát hiện bất thường.",cooperative,natural|tense,tidy|weather_inappropriate|bizarre,normal,"Diễn biến ổn định, dung nạp thuốc tốt.",normal,normal,normal,disordered,"Bệnh nhân tiếp xúc được, trả lời chậm, cần gợi ý nhiều.",decreased,labile,reduced_response,"Diễn biến ổn định, dung nạp thuốc tốt.",olfactory|gustatory,,depersonalization|derealization|other,Cảm giác cơ thể biến dạng,"Bệnh nhân hợp tác kém, cần người nhà hỗ trợ khai thác.",irrelevant|tangential|circumstantial,reference|surveillance|bizarre,,no,Triệu chứng thuyên giảm so với lần khám trước.,poor_concentration|hard_sustain|hyperattention,"Diễn biến ổn định, dung nạp thuốc tốt.",normal,normal,normal,global,"Bệnh nhân hợp tác kém, cần người nhà hỗ trợ khai thác.",normal,"Bệnh nhân tiếp xúc được, trả lời chậm, cần gợi ý nhiều.",stupor|catatonia|posturing,laughing_alone|wandering|destructive,total_insomnia|hypersomnia,anorexia,"Bệnh nhân hợp tác kém, cần người nhà hỗ trợ khai thác.",4.07,110,8.2,68,29,4,4.7,3.5,72,45,23,18,"Nhịp xoang đều, tần số 78 ck/phút, không rối loạn dẫn truyền.","Sóng alpha chiếm ưu thế vùng chẩm, không ghi nhận sóng kịch phát.","Nhu mô não không thấy tổn thương khu trú, hệ thống não thất không giãn.",Điện não đồ trong giới hạn bình thường.,Chỉ số vân tay trong giới hạn tham chiếu.,Vận nhãn theo dõi mục tiêu có gián đoạn nhẹ.,Chưa phát hiện đột biến có ý nghĩa lâm sàng.,Nồng độ serotonin huyết tương giảm nhẹ so với tham chiếu.,Không có xét nghiệm bổ sung.,F20.0 - Tâm thần phân liệt thể paranoid,Rối loạn phân liệt cảm xúc; Rối loạn hoang tưởng dai dẳng,Olanzapine 10mg/ngày; Diazepam 5mg buổi tối,14,,,,,,,,,,,,,,,,,,,,,,,,,,,,,,,,,,,,,,,,,,,,,,,,,,,,,,,,,,,,,,,
BA0010,2025-09-02,Khá,Bình thường,49,163,72,36.4,120/80,"Nhịp tim đều, T1 T2 rõ, không nghe tiếng thổi bệnh lý.","Lồng ngực cân đối, rì rào phế nang êm dịu hai bên, không rale.","Bụng mềm, không chướng, gan lách không sờ thấy, đại tiện bình thường.","Hai thận không sờ thấy, không đau vùng thắt lưng, tiểu tiện bình thường.","Không có dấu hiệu thần kinh khu trú, phản xạ gân xương hai bên đều.","Tai mũi họng, răng hàm mặt chưa phát hiện bất thường.",cooperative,indifferent|tense,weather_inappropriate|bizarre,tense,"Bệnh nhân hợp tác kém, cần người nhà hỗ trợ khai thác.",disordered,disordered,normal,normal,"Bệnh nhân hợp tác kém, cần người nhà hỗ trợ khai thác.",decreased|increased|irritable,appropriate,reduced_expression|social_withdrawal,"Bệnh nhân tiếp xúc được, trả lời chậm, cần gợi ý nhiều.",pseudo_auditory,,depersonalization|other,Cảm giác cơ thể biến dạng,"Bệnh nhân hợp tác kém, cần người nhà hỗ trợ khai thác.",loose|illogical,reference,,no,"Bệnh nhân hợp tác kém, cần người nhà hỗ trợ khai thác.",normal,Triệu chứng thuyên giảm so với lần khám trước.,normal,decreased,normal,retrograde|global,Triệu chứng thuyên giảm so với lần khám trước.,retardation,"Bệnh nhân hợp tác kém, cần người nhà hỗ trợ khai thác.",catatonia|negativism|posturing,aggression,normal|initial_insomnia|total_insomnia,anorexia|hyperphagia,"Bệnh nhân tiếp xúc được, trả lời chậm, cần gợi ý nhiều.",4.16,114,5.7,72,39,7,4.2,7.1,101,34,34,17,"Nhịp xoang đều, tần số 78 ck/phút, không rối loạn dẫn truyền.","Sóng alpha chiếm ưu thế vùng chẩm, không ghi nhận sóng kịch phát.","Nhu mô não không thấy tổn thương khu trú, hệ thống não thất không giãn.",Điện não đồ trong giới hạn bình thường.,Chỉ số vân tay trong giới hạn tham chiếu.,Vận nhãn theo dõi mục tiêu có gián đoạn nhẹ.,Chưa phát hiện đột biến có ý nghĩa lâm sàng.,Nồng độ serotonin huyết tương giảm nhẹ so với tham chiếu.,Không có xét nghiệm bổ sung.,F20.3 - Tâm thần phân liệt thể không biệt định,Rối loạn phân liệt cảm xúc; Rối loạn hoang tưởng dai dẳng,Haloperidol 5mg/ngày; Olanzapine 5mg buổi tối,28,,,,,,,,,,,,,,,,,,,,,,,,,,,,,,,,,,,,,,,,,,,,,,,,,,,,,,,,,,,,,,,
BA0011,2026-06-06,Khá,Bình thường,73,179,81,36.5,115/75,"Nhịp tim đều, T1 T2 rõ, không nghe tiếng thổi bệnh lý.","Lồng ngực cân đối, rì rào phế nang êm dịu hai bên, không rale.","Bụng mềm, không chướng, gan lách không sờ thấy, đại tiện bình thường.","Hai thận không sờ thấy, không đau vùng thắt lưng, tiểu tiện bình thường.","Không có dấu hiệu thần kinh khu trú, phản xạ gân xương hai bên đều.","Tai mũi họng, răng hàm mặt chưa phát hiện bất thường.",cooperative,tense|oppositional,untidy,normal|sad,"Diễn biến ổn định, dung nạp thuốc tốt.",normal,normal,normal,normal,"Diễn biến ổn định, dung nạp thuốc tốt.",,,,"Diễn biến ổn định, dung nạp thuốc tốt.",,,,,"Diễn biến ổn định, dung nạp thuốc tốt.",,,,,"Bệnh nhân hợp tác kém, cần người nhà hỗ trợ khai thác.",hyperattention,"Bệnh nhân tiếp xúc được, trả lời chậm, cần gợi ý nhiều.",decreased,decreased,normal,retrograde,Triệu chứng thuyên giảm so với lần khám trước.,normal,"Bệnh nhân hợp tác kém, cần người nhà hỗ trợ khai thác.",,,,,,4.51,126,6.2,55,28,7,5.6,7.1,64,40,48,56,"Nhịp xoang đều, tần số 78 ck/phút, không rối loạn dẫn truyền.","Sóng alpha chiếm ưu thế vùng chẩm, không ghi nhận sóng kịch phát.","Nhu mô não không thấy tổn thương khu trú, hệ thống não thất không giãn.",Điện não đồ trong giới hạn bình thường.,Chỉ số vân tay trong giới hạn tham chiếu.,Vận nhãn theo dõi mục tiêu có gián đoạn nhẹ.,Chưa phát hiện đột biến có ý nghĩa lâm sàng.,Nồng độ serotonin huyết tương giảm nhẹ so với tham chiếu.,Không có xét nghiệm bổ sung.,F32.1 - Giai đoạn trầm cảm vừa,Rối loạn lưỡng cực giai đoạn trầm cảm; Rối loạn lo âu lan tỏa,Fluoxetine 20mg/ngày; Olanzapine 5mg buổi tối,15,yes,no,no,no,yes,no,no,yes,no,yes,no,no,yes,no,no,no,no,yes,no,normal,yes,yes,yes,no,no,yes,no,no,no,no,no,no,yes,yes,no,no,yes,yes,no,yes,"Bệnh nhân tiếp xúc được, trả lời chậm, cần gợi ý nhiều.",yes,no,yes,yes,no,no,no,no,no,yes,no,increased,amenorrhea,yes,no,no,no,no,yes,yes,no,pesticide
BA0011,2026-05-01,Gầy,Nhợt nhạt nhẹ,76,164,69,37.0,120/80,"Nhịp tim đều, T1 T2 rõ, không nghe tiếng thổi bệnh lý.","Lồng ngực cân đối, rì rào phế nang êm dịu hai bên, không rale.","Bụng mềm, không chướng, gan lách không sờ thấy, đại tiện bình thường.","Hai thận không sờ thấy, không đau vùng thắt lưng, tiểu tiện bình thường.","Không có dấu hiệu thần kinh khu trú, phản xạ gân xương hai bên đều.","Tai mũi họng, răng hàm mặt chưa phát hiện bất thường.",cooperative,indifferent|avoidant|tense,tidy|untidy,normal|anxious,Triệu chứng thuyên giảm so với lần khám trước.,disordered,normal,disordered,normal,"Diễn biến ổn định, dung nạp thuốc tốt.",,,,"Bệnh nhân hợp tác kém, cần người nhà hỗ trợ khai thác.",,,,,Triệu chứng thuyên giảm so với lần khám trước.,,,,,Triệu chứng thuyên giảm so với lần khám trước.,normal,"Bệnh nhân tiếp xúc được, trả lời chậm, cần gợi ý nhiều.",decreased,decreased,normal,retrograde|global,"Bệnh nhân hợp tác kém, cần người nhà hỗ trợ khai thác.",normal,Triệu chứng thuyên giảm so với lần khám trước.,,,,,,4.98,114,7.2,55,38,5,5.3,4.2,66,38,31,43,"Nhịp xoang đều, tần số 78 ck/phút, không rối loạn dẫn truyền.","Sóng alpha chiếm ưu thế vùng chẩm, không ghi nhận sóng kịch phát.","Nhu mô não không thấy tổn thương khu trú, hệ thống não thất không giãn.",Điện não đồ trong giới hạn bình thường.,Chỉ số vân tay trong giới hạn tham chiếu.,Vận nhãn theo dõi mục tiêu có gián đoạn nhẹ.,Chưa phát hiện đột biến có ý nghĩa lâm sàng.,Nồng độ serotonin huyết tương giảm nhẹ so với tham chiếu.,Không có xét nghiệm bổ sung.,F32.3 - Giai đoạn trầm cảm nặng có triệu chứng loạn thần,Rối loạn lưỡng cực giai đoạn trầm cảm; Rối loạn lo âu lan tỏa,Fluoxetine 20mg/ngày; Olanzapine 5mg buổi tối,27,no,yes,yes,yes,yes,no,no,no,yes,yes,no,yes,yes,yes,no,no,no,yes,no,normal,yes,yes,no,no,no,no,no,yes,no,no,no,no,no,no,no,yes,yes,no,no,no,"Bệnh nhân hợp tác kém, cần người nhà hỗ trợ khai thác.",no,no,no,yes,no,yes,no,no,no,no,no,increased,amenorrhea,yes,no,no,no,no,yes,no,no,jumping
BA0011,2026-03-29,Gầy,Bình thường,52,172,63,37.0,105/65,"Nhịp tim đều, T1 T2 rõ, không nghe tiếng thổi bệnh lý.","Lồng ngực cân đối, rì rào phế nang êm dịu hai bên, không rale.","Bụng mềm, không chướng, gan lách không sờ thấy, đại tiện bình thường.","Hai thận không sờ thấy, không đau vùng thắt lưng, tiểu tiện bình thường.","Không liệt khu trú, không hội chứng màng não, đồng tử hai bên đều.","Tai mũi họng, răng hàm mặt chưa phát hiện bất thường.",uncooperative,natural|avoidant|tense,untidy,anxious|apathetic,"Bệnh nhân hợp tác kém, cần người nhà hỗ trợ khai thác.",normal,normal,normal,disordered,"Diễn biến ổn định, dung nạp thuốc tốt.",,,,"Bệnh nhân tiếp xúc được, trả lời chậm, cần gợi ý nhiều.",,,,,"Bệnh nhân hợp tác kém, cần người nhà hỗ trợ khai thác.",,,,,"Bệnh nhân hợp tác kém, cần người nhà hỗ trợ khai thác.",poor_concentration,"Diễn biến ổn định, dung nạp thuốc tốt.",normal,normal,normal,none|anterograde,"Bệnh nhân hợp tác kém, cần người nhà hỗ trợ khai thác.",dementia,"Bệnh nhân tiếp xúc được, trả lời chậm, cần gợi ý nhiều.",,,,,,4.92,115,8.6,55,34,8,4.7,5.2,62,37,29,30,"Nhịp xoang đều, tần số 78 ck/phút, không rối loạn dẫn truyền.","Sóng alpha chiếm ưu thế vùng chẩm, không ghi nhận sóng kịch phát.","Nhu mô não không thấy tổn thương khu trú, hệ thống não thất không giãn.",Điện não đồ trong giới hạn bình thường.,Chỉ số vân tay trong giới hạn tham chiếu.,Vận nhãn theo dõi mục tiêu có gián đoạn nhẹ.,Chưa phát hiện đột biến có ý nghĩa lâm sàng.,Nồng độ serotonin huyết tương giảm nhẹ so với tham chiếu.,Không có xét nghiệm bổ sung.,F32.2 - Giai đoạn trầm cảm nặng không có triệu chứng loạn thần,Rối loạn lưỡng cực giai đoạn trầm cảm; Rối loạn lo âu lan tỏa,Sertraline 50mg/ngày; Mirtazapine 15mg buổi tối,33,yes,no,yes,no,yes,no,yes,no,no,yes,no,yes,no,no,yes,no,yes,yes,no,normal,yes,yes,no,no,yes,yes,no,yes,no,no,no,no,yes,yes,no,no,yes,yes,no,yes,"Bệnh nhân hợp tác kém, cần người nhà hỗ trợ khai thác.",yes,no,no,yes,yes,yes,yes,no,yes,no,yes,increased,regular,yes,no,no,yes,no,no,yes,no,wrist_cutting|hanging|pesticide
BA0011,2026-03-04,Suy kiệt nhẹ,Hồng hào,52,153,75,36.9,130/80,"Nhịp tim đều, T1 T2 rõ, không nghe tiếng thổi bệnh lý.","Lồng ngực cân đối, rì rào phế nang êm dịu hai bên, không rale.","Bụng mềm, không chướng, gan lách không sờ thấy, đại tiện bình thường.","Hai thận không sờ thấy, không đau vùng thắt lưng, tiểu tiện bình thường.","Không có dấu hiệu thần kinh khu trú, phản xạ gân xương hai bên đều.","Tai mũi họng, răng hàm mặt chưa phát hiện bất thường.",uncooperative,indifferent|tense,tidy,sad|apathetic,Triệu chứng thuyên giảm so với lần khám trước.,normal,disordered,normal,normal,"Bệnh nhân tiếp xúc được, trả lời chậm, cần gợi ý nhiều.",,,,Triệu chứng thuyên giảm so với lần khám trước.,,,,,"Bệnh nhân tiếp xúc được, trả lời chậm, cần gợi ý nhiều.",,,,,Triệu chứng thuyên giảm so với lần khám trước.,poor_concentration|distractible|hyperattention,"Bệnh nhân tiếp xúc được, trả lời chậm, cần gợi ý nhiều.",normal,normal,normal,anterograde,Triệu chứng thuyên giảm so với lần khám trước.,normal,"Bệnh nhân hợp tác kém, cần người nhà hỗ trợ khai thác.",,,,,,5.02,128,6.4,60,40,3,5.4,7.1,72,29,21,57,"Nhịp xoang đều, tần số 78 ck/phút, không rối loạn dẫn truyền.","Sóng alpha chiếm ưu thế vùng chẩm, không ghi nhận sóng kịch phát.","Nhu mô não không thấy tổn thương khu trú, hệ thống não thất không giãn.",Điện não đồ trong giới hạn bình thường.,Chỉ số vân tay trong giới hạn tham chiếu.,Vận nhãn theo dõi mục tiêu có gián đoạn nhẹ.,Chưa phát hiện đột biến có ý nghĩa lâm sàng.,Nồng độ serotonin huyết tương giảm nhẹ so với tham chiếu.,Không có xét nghiệm bổ sung.,F32.3 - Giai đoạn trầm cảm nặng có triệu chứng loạn thần,Rối loạn lưỡng cực giai đoạn trầm cảm; Rối loạn lo âu lan tỏa,Venlafaxine 75mg/ngày; Zopiclone 7.5mg khi mất ngủ,27,no,yes,yes,yes,yes,no,no,no,yes,yes,no,yes,yes,yes,yes,yes,yes,no,yes,normal,no,yes,no,no,yes,no,no,yes,no,yes,no,yes,yes,no,no,yes,yes,no,no,no,"Bệnh nhân tiếp xúc được, trả lời chậm, cần gợi ý nhiều.",yes,no,no,yes,no,yes,yes,no,yes,no,yes,decreased,irregular,no,yes,yes,yes,no,yes,no,yes,overdose|pesticide
BA0011,2026-01-20,Khá,Kém hồng,48,157,86,37.4,115/75,"Nhịp tim đều, T1 T2 rõ, không nghe tiếng thổi bệnh lý.","Lồng ngực cân đối, rì rào phế nang êm dịu hai bên, không rale.","Bụng mềm, không chướng, gan lách không sờ thấy, đại tiện bình thường.","Hai thận không sờ thấy, không đau vùng thắt lưng, tiểu tiện bình thường.","Không có dấu hiệu thần kinh khu trú, phản xạ gân xương hai bên đều.","Tai mũi họng, răng hàm mặt chưa phát hiện bất thường.",cooperative,natural|indifferent|avoidant,tidy|untidy,normal|sad|tense,"Diễn biến ổn định, dung nạp thuốc tốt.",normal,disordered,disordered,disordered,"Bệnh nhân hợp tác kém, cần người nhà hỗ trợ khai thác.",,,,"Diễn biến ổn định, dung nạp thuốc tốt.",,,,,"Diễn biến ổn định, dung nạp thuốc tốt.",,,,,"Bệnh nhân hợp tác kém, cần người nhà hỗ trợ khai thác.",distractible|hard_sustain|hyperattention,"Bệnh nhân tiếp xúc được, trả lời chậm, cần gợi ý nhiều.",normal,decreased,normal,anterograde,Triệu chứng thuyên giảm so với lần khám trước.,retardation,Triệu chứng thuyên giảm so với lần khám trước.,,,,,,3.97,129,8.7,62,22,4,5.5,6.4,89,38,30,44,"Nhịp xoang đều, tần số 78 ck/phút, không rối loạn dẫn truyền.","Sóng alpha chiếm ưu thế vùng chẩm, không ghi nhận sóng kịch phát.","Nhu mô não không thấy tổn thương khu trú, hệ thống não thất không giãn.",Điện não đồ trong giới hạn bình thường.,Chỉ số vân tay trong giới hạn tham chiếu.,Vận nhãn theo dõi mục tiêu có gián đoạn nhẹ.,Chưa phát hiện đột biến có ý nghĩa lâm sàng.,Nồng độ serotonin huyết tương giảm nhẹ so với tham chiếu.,Không có xét nghiệm bổ sung.,F32.1 - Giai đoạn trầm cảm vừa,Rối loạn lưỡng cực giai đoạn trầm cảm; Rối loạn lo âu lan tỏa,Fluoxetine 20mg/ngày; Olanzapine 5mg buổi tối,18,yes,yes,no,yes,no,yes,yes,yes,yes,yes,yes,no,yes,no,no,no,yes,yes,no,normal,no,no,yes,no,no,yes,no,no,no,no,yes,no,no,no,yes,no,yes,no,yes,no,"Bệnh nhân tiếp xúc được, trả lời chậm, cần gợi ý nhiều.",yes,yes,no,no,yes,yes,yes,yes,no,no,yes,increased,irregular,no,no,yes,no,no,no,no,no,hanging|jumping|pesticide
BA0011,2025-12-25,Béo,Hồng hào,69,169,70,36.6,120/80,"Nhịp tim đều, T1 T2 rõ, không nghe tiếng thổi bệnh lý.","Lồng ngực cân đối, rì rào phế nang êm dịu hai bên, không rale.","Bụng mềm, không chướng, gan lách không sờ thấy, đại tiện bình thường.","Hai thận không sờ thấy, không đau vùng thắt lưng, tiểu tiện bình thường.","Không có dấu hiệu thần kinh khu trú, phản xạ gân xương hai bên đều.","Tai mũi họng, răng hàm mặt chưa phát hiện bất thường.",limited,natural,tidy|untidy,anxious|tense|apathetic,"Bệnh nhân tiếp xúc được, trả lời chậm, cần gợi ý nhiều.",normal,normal,disordered,disordered,Triệu chứng thuyên giảm so với lần khám trước.,,,,"Bệnh nhân tiếp xúc được, trả lời chậm, cần gợi ý nhiều.",,,,,"Bệnh nhân hợp tác kém, cần người nhà hỗ trợ khai thác.",,,,,Triệu chứng thuyên giảm so với lần khám trước.,hyperattention,Triệu chứng thuyên giảm so với lần khám trước.,decreased,normal,decreased,anterograde,"Diễn biến ổn định, dung nạp thuốc tốt.",normal,"Diễn biến ổn định, dung nạp thuốc tốt.",,,,,,5.14,118,6.1,56,23,8,4.5,6.8,90,27,46,58,"Nhịp xoang đều, tần số 78 ck/phút, không rối loạn dẫn truyền.","Sóng alpha chiếm ưu thế vùng chẩm, không ghi nhận sóng kịch phát.","Nhu mô não không thấy tổn thương khu trú, hệ thống não thất không giãn.",Điện não đồ trong giới hạn bình thường.,Chỉ số vân tay trong giới hạn tham chiếu.,Vận nhãn theo dõi mục tiêu có gián đoạn nhẹ.,Chưa phát hiện đột biến có ý nghĩa lâm sàng.,Nồng độ serotonin huyết tương giảm nhẹ so với tham chiếu.,Không có xét nghiệm bổ sung.,F32.2 - Giai đoạn trầm cảm nặng không có triệu chứng loạn thần,Rối loạn lưỡng cực giai đoạn trầm cảm; Rối loạn lo âu lan tỏa,Sertraline 50mg/ngày; Mirtazapine 15mg buổi tối,29,yes,yes,yes,yes,yes,no,yes,no,no,yes,no,no,no,no,no,no,no,yes,yes,normal,yes,yes,yes,no,no,no,no,no,yes,no,no,no,no,no,no,no,yes,no,yes,no,Triệu chứng thuyên giảm so với lần khám trước.,yes,no,yes,no,no,yes,no,no,no,yes,no,decreased,amenorrhea,yes,yes,no,no,no,yes,no,no,wrist_cutting|jumping|pesticide
BA0011,2025-11-14,Béo,Bình thường,47,169,73,37.2,125/85,"Nhịp tim đều, T1 T2 rõ, không nghe tiếng thổi bệnh lý.","Lồng ngực cân đối, rì rào phế nang êm dịu hai bên, không rale.","Bụng mềm, không chướng, gan lách không sờ thấy, đại tiện bình thường.","Hai thận không sờ thấy, không đau vùng thắt lưng, tiểu tiện bình thường.","Không có dấu hiệu thần kinh khu trú, phản xạ gân xương hai bên đều.","Tai mũi họng, răng hàm mặt chưa phát hiện bất thường.",uncooperative,natural|avoidant,untidy,sad|anxious,"Diễn biến ổn định, dung nạp thuốc tốt.",disordered,normal,disordered,normal,Triệu chứng thuyên giảm so với lần khám trước.,,,,"Diễn biến ổn định, dung nạp thuốc tốt.",,,,,"Bệnh nhân tiếp xúc được, trả lời chậm, cần gợi ý nhiều.",,,,,Triệu chứng thuyên giảm so với lần khám trước.,normal|distractible|hyperattention,Triệu chứng thuyên giảm so với lần khám trước.,normal,decreased,decreased,global,"Diễn biến ổn định, dung nạp thuốc tốt.",retardation,"Bệnh nhân hợp tác kém, cần người nhà hỗ trợ khai thác.",,,,,,3.83,114,8.8,47,27,7,5.1,4.0,59,38,47,44,"Nhịp xoang đều, tần số 78 ck/phút, không rối loạn dẫn truyền.","Sóng alpha chiếm ưu thế vùng chẩm, không ghi nhận sóng kịch phát.","Nhu mô não không thấy tổn thương khu trú, hệ thống não thất không giãn.",Điện não đồ trong giới hạn bình thường.,Chỉ số vân tay trong giới hạn tham chiếu.,Vận nhãn theo dõi mục tiêu có gián đoạn nhẹ.,Chưa phát hiện đột biến có ý nghĩa lâm sàng.,Nồng độ serotonin huyết tương giảm nhẹ so với tham chiếu.,Không có xét nghiệm bổ sung.,F32.3 - Giai đoạn trầm cảm nặng có triệu chứng loạn thần,Rối loạn lưỡng cực giai đoạn trầm cảm; Rối loạn lo âu lan tỏa,Sertraline 50mg/ngày; Mirtazapine 15mg buổi tối,9,yes,no,yes,no,yes,yes,yes,no,no,no,yes,no,no,no,no,yes,no,no,yes,normal,no,yes,no,no,no,no,no,no,no,no,yes,no,no,no,no,no,yes,no,no,no,"Bệnh nhân hợp tác kém, cần người nhà hỗ trợ khai thác.",yes,no,no,no,yes,no,yes,no,yes,no,no,increased,amenorrhea,no,no,yes,yes,no,no,no,no,hanging|well_jumping
BA0011,2025-10-20,Suy kiệt nhẹ,Kém hồng,68,171,68,36.3,130/80,"Nhịp tim đều, T1 T2 rõ, không nghe tiếng thổi bệnh lý.","Lồng ngực cân đối, rì rào phế nang êm dịu hai bên, không rale.","Bụng mềm, không chướng, gan lách không sờ thấy, đại tiện bình thường.","Hai thận không sờ thấy, không đau vùng thắt lưng, tiểu tiện bình thường.","Không có dấu hiệu thần kinh khu trú, phản xạ gân xương hai bên đều.","Tai mũi họng, răng hàm mặt chưa phát hiện bất thường.",limited,natural|indifferent|avoidant,tidy|untidy,sad|anxious|apathetic,"Diễn biến ổn định, dung nạp thuốc tốt.",normal,normal,disordered,disordered,"Diễn biến ổn định, dung nạp thuốc tốt.",,,,"Bệnh nhân hợp tác kém, cần người nhà hỗ trợ khai thác.",,,,,"Bệnh nhân hợp tác kém, cần người nhà hỗ trợ khai thác.",,,,,"Diễn biến ổn định, dung nạp thuốc tốt.",hard_sustain,"Bệnh nhân hợp tác kém, cần người nhà hỗ trợ khai thác.",decreased,normal,decreased,none|anterograde|retrograde,"Diễn biến ổn định, dung nạp thuốc tốt.",retardation,Triệu chứng thuyên giảm so với lần khám trước.,,,,,,5.25,153,8.5,66,23,6,5.7,4.1,102,23,44,53,"Nhịp xoang đều, tần số 78 ck/phút, không rối loạn dẫn truyền.","Sóng alpha chiếm ưu thế vùng chẩm, không ghi nhận sóng kịch phát.","Nhu mô não không thấy tổn thương khu trú, hệ thống não thất không giãn.",Điện não đồ trong giới hạn bình thường.,Chỉ số vân tay trong giới hạn tham chiếu.,Vận nhãn theo dõi mục tiêu có gián đoạn nhẹ.,Chưa phát hiện đột biến có ý nghĩa lâm sàng.,Nồng độ serotonin huyết tương giảm nhẹ so với tham chiếu.,Không có xét nghiệm bổ sung.,F32.1 - Giai đoạn trầm cảm vừa,Rối loạn lưỡng cực giai đoạn trầm cảm; Rối loạn lo âu lan tỏa,Fluoxetine 20mg/ngày; Olanzapine 5mg buổi tối,10,yes,no,yes,no,yes,no,yes,no,no,no,no,yes,no,yes,no,no,no,no,no,normal,yes,yes,no,no,no,yes,no,yes,no,no,yes,yes,no,no,no,no,yes,yes,yes,no,"Bệnh nhân hợp tác kém, cần người nhà hỗ trợ khai thác.",yes,yes,no,no,no,yes,yes,no,yes,no,no,normal,amenorrhea,yes,no,no,yes,yes,no,no,yes,overdose
BA0011,2025-09-15,Trung bình,Nhợt nhạt nhẹ,57,174,85,36.5,110/70,"Nhịp tim đều, T1 T2 rõ, không nghe tiếng thổi bệnh lý.","Lồng ngực cân đối, rì rào phế nang êm dịu hai bên, không rale.","Bụng mềm, không chướng, gan lách không sờ thấy, đại tiện bình thường.","Hai thận không sờ thấy, không đau vùng thắt lưng, tiểu tiện bình thường.","Không có dấu hiệu thần kinh khu trú, phản xạ gân xương hai bên đều.","Tai mũi họng, răng hàm mặt chưa phát hiện bất thường.",cooperative,natural|avoidant|tense,tidy,tense|apathetic,Triệu chứng thuyên giảm so với lần khám trước.,normal,normal,normal,disordered,"Diễn biến ổn định, dung nạp thuốc tốt.",,,,"Bệnh nhân tiếp xúc được, trả lời chậm, cần gợi ý nhiều.",,,,,"Bệnh nhân tiếp xúc được, trả lời chậm, cần gợi ý nhiều.",,,,,"Diễn biến ổn định, dung nạp thuốc tốt.",hyperattention,"Bệnh nhân tiếp xúc được, trả lời chậm, cần gợi ý nhiều.",decreased,normal,decreased,none|global,"Bệnh nhân hợp tác kém, cần người nhà hỗ trợ khai thác.",normal,"Diễn biến ổn định, dung nạp thuốc tốt.",,,,,,5.09,135,4.3,52,24,6,5.2,5.8,87,39,22,38,"Nhịp xoang đều, tần số 78 ck/phút, không rối loạn dẫn truyền.","Sóng alpha chiếm ưu thế vùng chẩm, không ghi nhận sóng kịch phát.","Nhu mô não không thấy tổn thương khu trú, hệ thống não thất không giãn.",Điện não đồ trong giới hạn bình thường.,Chỉ số vân tay trong giới hạn tham chiếu.,Vận nhãn theo dõi mục tiêu có gián đoạn nhẹ.,Chưa phát hiện đột biến có ý nghĩa lâm sàng.,Nồng độ serotonin huyết tương giảm nhẹ so với tham chiếu.,Không có xét nghiệm bổ sung.,F32.3 - Giai đoạn trầm cảm nặng có triệu chứng loạn thần,Rối loạn lưỡng cực giai đoạn trầm cảm; Rối loạn lo âu lan tỏa,Fluoxetine 20mg/ngày; Olanzapine 5mg buổi tối,20,yes,no,yes,no,yes,no,yes,no,yes,yes,no,no,yes,yes,no,no,no,yes,no,normal,yes,no,yes,no,no,yes,yes,no,yes,no,no,no,no,yes,no,no,yes,no,no,no,"Diễn biến ổn định, dung nạp thuốc tốt.",yes,no,no,yes,no,yes,yes,no,no,yes,yes,increased,regular,yes,no,no,no,yes,no,no,no,jumping|overdose
BA0011,2025-08-04,Khá,Kém hồng,45,160,86,36.3,105/65,"Nhịp tim đều, T1 T2 rõ, không nghe tiếng thổi bệnh lý.","Lồng ngực cân đối, rì rào phế nang êm dịu hai bên, không rale.","Bụng mềm, không chướng, gan lách không sờ thấy, đại tiện bình thường.","Hai thận không sờ thấy, không đau vùng thắt lưng, tiểu tiện bình thường.","Không có dấu hiệu thần kinh khu trú, phản xạ gân xương hai bên đều.","Tai mũi họng, răng hàm mặt chưa phát hiện bất thường.",cooperative,tense,tidy|untidy,tense|apathetic,Triệu chứng thuyên giảm so với lần khám trước.,disordered,normal,disordered,normal,"Bệnh nhân hợp tác kém, cần người nhà hỗ trợ khai thác.",,,,Triệu chứng thuyên giảm so với lần khám trước.,,,,,"Bệnh nhân tiếp xúc được, trả lời chậm, cần gợi ý nhiều.",,,,,"Bệnh nhân hợp tác kém, cần người nhà hỗ trợ khai thác.",distractible,"Bệnh nhân hợp tác kém, cần người nhà hỗ trợ khai thác.",normal,normal,decreased,anterograde|retrograde|global,Triệu chứng thuyên giảm so với lần khám trước.,normal,"Bệnh nhân tiếp xúc được, trả lời chậm, cần gợi ý nhiều.",,,,,,4.33,140,9.7,55,33,5,5.7,3.3,84,24,41,35,"Nhịp xoang đều, tần số 78 ck/phút, không rối loạn dẫn truyền.","Sóng alpha chiếm ưu thế vùng chẩm, không ghi nhận sóng kịch phát.","Nhu mô não không thấy tổn thương khu trú, hệ thống não thất không giãn.",Điện não đồ trong giới hạn bình thường.,Chỉ số vân tay trong giới hạn tham chiếu.,Vận nhãn theo dõi mục tiêu có gián đoạn nhẹ.,Chưa phát hiện đột biến có ý nghĩa lâm sàng.,Nồng độ serotonin huyết tương giảm nhẹ so với tham chiếu.,Không có xét nghiệm bổ sung.,F32.2 - Giai đoạn trầm cảm nặng không có triệu chứng loạn thần,Rối loạn lưỡng cực giai đoạn trầm cảm; Rối loạn lo âu lan tỏa,Venlafaxine 75mg/ngày; Zopiclone 7.5mg khi mất ngủ,28,yes,yes,no,no,yes,no,yes,yes,no,no,no,no,no,no,no,no,no,yes,no,normal,yes,no,yes,no,no,yes,no,no,no,no,no,yes,no,yes,no,no,yes,no,yes,no,"Bệnh nhân tiếp xúc được, trả lời chậm, cần gợi ý nhiều.",no,no,no,no,no,yes,yes,no,yes,no,yes,normal,regular,no,yes,no,no,no,yes,yes,no,jumping
BA0012,2026-07-04,Suy kiệt nhẹ,Bình thường,71,160,74,36.8,115/75,"Nhịp tim đều, T1 T2 rõ, không nghe tiếng thổi bệnh lý.","Lồng ngực cân đối, rì rào phế nang êm dịu hai bên, không rale.","Bụng mềm, không chướng, gan lách không sờ thấy, đại tiện bình thường.","Hai thận không sờ thấy, không đau vùng thắt lưng, tiểu tiện bình thường.","Không có dấu hiệu thần kinh khu trú, phản xạ gân xương hai bên đều.","Tai mũi họng, răng hàm mặt chưa phát hiện bất thường.",uncooperative,avoidant,tidy|untidy,normal|sad|anxious,"Bệnh nhân hợp tác kém, cần người nhà hỗ trợ khai thác.",normal,normal,normal,disordered,"Diễn biến ổn định, dung nạp thuốc tốt.",,,,Triệu chứng thuyên giảm so với lần khám trước.,,,,,"Diễn biến ổn định, dung nạp thuốc tốt.",,,,,"Bệnh nhân hợp tác kém, cần người nhà hỗ trợ khai thác.",normal|poor_concentration|distractible,"Diễn biến ổn định, dung nạp thuốc tốt.",decreased,normal,decreased,none|anterograde,"Bệnh nhân hợp tác kém, cần người nhà hỗ trợ khai thác.",retardation,"Diễn biến ổn định, dung nạp thuốc tốt.",,,,,,4.25,154,7.8,48,23,9,4.1,3.7,79,30,22,40,"Nhịp xoang đều, tần số 78 ck/phút, không rối loạn dẫn truyền.","Sóng alpha chiếm ưu thế vùng chẩm, không ghi nhận sóng kịch phát.","Nhu mô não không thấy tổn thương khu trú, hệ thống não thất không giãn.",Điện não đồ trong giới hạn bình thường.,Chỉ số vân tay trong giới hạn tham chiếu.,Vận nhãn theo dõi mục tiêu có gián đoạn nhẹ.,Chưa phát hiện đột biến có ý nghĩa lâm sàng.,Nồng độ serotonin huyết tương giảm nhẹ so với tham chiếu.,Không có xét nghiệm bổ sung.,F32.3 - Giai đoạn trầm cảm nặng có triệu chứng loạn thần,Rối loạn lưỡng cực giai đoạn trầm cảm; Rối loạn lo âu lan tỏa,Sertraline 50mg/ngày; Mirtazapine 15mg buổi tối,8,yes,yes,yes,no,yes,yes,yes,no,no,no,no,no,no,yes,yes,no,yes,no,no,normal,yes,yes,no,no,no,no,no,no,no,yes,no,no,no,no,no,no,yes,no,no,no,"Bệnh nhân hợp tác kém, cần người nhà hỗ trợ khai thác.",yes,no,no,yes,no,yes,yes,yes,yes,no,yes,increased,amenorrhea,yes,no,no,yes,no,no,yes,no,wrist_cutting|hanging|jumping
BA0012,2026-05-31,Trung bình,Bình thường,74,156,87,37.2,125/85,"Nhịp tim đều, T1 T2 rõ, không nghe tiếng thổi bệnh lý.","Lồng ngực cân đối, rì rào phế nang êm dịu hai bên, không rale.","Bụng mềm, không chướng, gan lách không sờ thấy, đại tiện bình thường.","Hai thận không sờ thấy, không đau vùng thắt lưng, tiểu tiện bình thường.","Không liệt khu trú, không hội chứng màng não, đồng tử hai bên đều.","Tai mũi họng, răng hàm mặt chưa phát hiện bất thường.",uncooperative,natural|avoidant|oppositional,untidy,sad|anxious|apathetic,"Diễn biến ổn định, dung nạp thuốc tốt.",normal,disordered,normal,disordered,"Diễn biến ổn định, dung nạp thuốc tốt.",,,,"Bệnh nhân tiếp xúc được, trả lời chậm, cần gợi ý nhiều.",,,,,Triệu chứng thuyên giảm so với lần khám trước.,,,,,"Diễn biến ổn định, dung nạp thuốc tốt.",normal,Triệu chứng thuyên giảm so với lần khám trước.,decreased,normal,normal,global,"Diễn biến ổn định, dung nạp thuốc tốt.",normal,"Bệnh nhân tiếp xúc được, trả lời chậm, cần gợi ý nhiều.",,,,,,4.68,121,6.0,58,24,4,5.1,4.5,66,27,32,25,"Nhịp xoang đều, tần số 78 ck/phút, không rối loạn dẫn truyền.","Sóng alpha chiếm ưu thế vùng chẩm, không ghi nhận sóng kịch phát.","Nhu mô não không thấy tổn thương khu trú, hệ thống não thất không giãn.",Điện não đồ trong giới hạn bình thường.,Chỉ số vân tay trong giới hạn tham chiếu.,Vận nhãn theo dõi mục tiêu có gián đoạn nhẹ.,Chưa phát hiện đột biến có ý nghĩa lâm sàng.,Nồng độ serotonin huyết tương giảm nhẹ so với tham chiếu.,Không có xét nghiệm bổ sung.,F32.3 - Giai đoạn trầm cảm nặng có triệu chứng loạn thần,Rối loạn lưỡng cực giai đoạn trầm cảm; Rối loạn lo âu lan tỏa,Sertraline 50mg/ngày; Mirtazapine 15mg buổi tối,15,no,no,no,yes,yes,yes,no,yes,no,yes,yes,no,no,yes,no,no,no,no,no,normal,yes,no,yes,no,no,no,yes,yes,no,no,no,no,no,no,no,yes,yes,no,no,no,"Bệnh nhân hợp tác kém, cần người nhà hỗ trợ khai thác.",yes,no,no,no,yes,yes,yes,yes,no,yes,no,increased,regular,yes,no,no,no,no,no,no,yes,hanging
BA0012,2026-04-23,Suy kiệt nhẹ,Bình thường,67,161,94,36.8,130/80,"Nhịp tim đều, T1 T2 rõ, không nghe tiếng thổi bệnh lý.","Lồng ngực cân đối, rì rào phế nang êm dịu hai bên, không rale.","Bụng mềm, không chướng, gan lách không sờ thấy, đại tiện bình thường.","Hai thận không sờ thấy, không đau vùng thắt lưng, tiểu tiện bình thường.","Không liệt khu trú, không hội chứng màng não, đồng tử hai bên đều.","Tai mũi họng, răng hàm mặt chưa phát hiện bất thường.",uncooperative,avoidant|tense|oppositional,tidy|untidy,anxious,"Diễn biến ổn định, dung nạp thuốc tốt.",disordered,disordered,normal,normal,"Diễn biến ổn định, dung nạp thuốc tốt.",,,,"Bệnh nhân tiếp xúc được, trả lời chậm, cần gợi ý nhiều.",,,,,Triệu chứng thuyên giảm so với lần khám trước.,,,,,"Bệnh nhân tiếp xúc được, trả lời chậm, cần gợi ý nhiều.",normal|poor_concentration|distractible,Triệu chứng thuyên giảm so với lần khám trước.,normal,decreased,normal,none|global,"Bệnh nhân tiếp xúc được, trả lời chậm, cần gợi ý nhiều.",dementia,"Bệnh nhân hợp tác kém, cần người nhà hỗ trợ khai thác.",,,,,,4.3,155,5.0,69,28,5,5.4,4.0,90,35,29,49,"Nhịp xoang đều, tần số 78 ck/phút, không rối loạn dẫn truyền.","Sóng alpha chiếm ưu thế vùng chẩm, không ghi nhận sóng kịch phát.","Nhu mô não không thấy tổn thương khu trú, hệ thống não thất không giãn.",Điện não đồ trong giới hạn bình thường.,Chỉ số vân tay trong giới hạn tham chiếu.,Vận nhãn theo dõi mục tiêu có gián đoạn nhẹ.,Chưa phát hiện đột biến có ý nghĩa lâm sàng.,Nồng độ serotonin huyết tương giảm nhẹ so với tham chiếu.,Không có xét nghiệm bổ sung.,F32.1 - Giai đoạn trầm cảm vừa,Rối loạn lưỡng cực giai đoạn trầm cảm; Rối loạn lo âu lan tỏa,Sertraline 50mg/ngày; Mirtazapine 15mg buổi tối,33,no,no,yes,no,yes,yes,yes,no,no,yes,no,no,no,no,yes,no,no,no,no,normal,no,yes,yes,no,no,no,yes,yes,yes,no,no,no,no,no,no,no,yes,no,yes,no,Triệu chứng thuyên giảm so với lần khám trước.,yes,no,yes,yes,yes,yes,no,no,no,no,no,increased,regular,yes,no,no,no,no,no,no,yes,wrist_cutting|hanging
BA0012,2026-03-25,Khá,Nhợt nhạt nhẹ,56,168,69,37.3,105/65,"Nhịp tim đều, T1 T2 rõ, không nghe tiếng thổi bệnh lý.","Lồng ngực cân đối, rì rào phế nang êm dịu hai bên, không rale.","Bụng mềm, không chướng, gan lách không sờ thấy, đại tiện bình thường.","Hai thận không sờ thấy, không đau vùng thắt lưng, tiểu tiện bình thường.","Không liệt khu trú, không hội chứng màng não, đồng tử hai bên đều.","Tai mũi họng, răng hàm mặt chưa phát hiện bất thường.",cooperative,natural|avoidant|tense,tidy|untidy,sad|tense|apathetic,"Bệnh nhân tiếp xúc được, trả lời chậm, cần gợi ý nhiều.",disordered,disordered,normal,normal,"Diễn biến ổn định, dung nạp thuốc tốt.",,,,"Bệnh nhân hợp tác kém, cần người nhà hỗ trợ khai thác.",,,,,"Bệnh nhân hợp tác kém, cần người nhà hỗ trợ khai thác.",,,,,"Bệnh nhân hợp tác kém, cần người nhà hỗ trợ khai thác.",normal|hyperattention,"Bệnh nhân tiếp xúc được, trả lời chậm, cần gợi ý nhiều.",normal,decreased,normal,none|anterograde,"Diễn biến ổn định, dung nạp thuốc tốt.",dementia,"Bệnh nhân hợp tác kém, cần người nhà hỗ trợ khai thác.",,,,,,4.71,148,10.4,62,27,3,4.8,6.5,99,43,20,17,"Nhịp xoang đều, tần số 78 ck/phút, không rối loạn dẫn truyền.","Sóng alpha chiếm ưu thế vùng chẩm, không ghi nhận sóng kịch phát.","Nhu mô não không thấy tổn thương khu trú, hệ thống não thất không giãn.",Điện não đồ trong giới hạn bình thường.,Chỉ số vân tay trong giới hạn tham chiếu.,Vận nhãn theo dõi mục tiêu có gián đoạn nhẹ.,Chưa phát hiện đột biến có ý nghĩa lâm sàng.,Nồng độ serotonin huyết tương giảm nhẹ so với tham chiếu.,Không có xét nghiệm bổ sung.,F32.2 - Giai đoạn trầm cảm nặng không có triệu chứng loạn thần,Rối loạn lưỡng cực giai đoạn trầm cảm; Rối loạn lo âu lan tỏa,Fluoxetine 20mg/ngày; Olanzapine 5mg buổi tối,29,yes,yes,yes,no,yes,yes,yes,yes,no,no,no,no,no,yes,no,no,yes,yes,no,normal,yes,yes,no,no,no,no,no,no,no,no,no,no,no,no,yes,no,no,no,yes,yes,"Diễn biến ổn định, dung nạp thuốc tốt.",no,no,yes,no,yes,yes,yes,no,yes,no,yes,increased,amenorrhea,yes,no,yes,no,yes,no,no,no,biting_head_banging
BA0012,2026-02-11,Gầy,Bình thường,50,172,63,36.4,105/65,"Nhịp tim đều, T1 T2 rõ, không nghe tiếng thổi bệnh lý.","Lồng ngực cân đối, rì rào phế nang êm dịu hai bên, không rale.","Bụng mềm, không chướng, gan lách không sờ thấy, đại tiện bình thường.","Hai thận không sờ thấy, không đau vùng thắt lưng, tiểu tiện bình thường.","Không liệt khu trú, không hội chứng màng não, đồng tử hai bên đều.","Tai mũi họng, răng hàm mặt chưa phát hiện bất thường.",uncooperative,avoidant|tense,untidy,tense|apathetic,"Bệnh nhân tiếp xúc được, trả lời chậm, cần gợi ý nhiều.",normal,disordered,normal,disordered,"Bệnh nhân hợp tác kém, cần người nhà hỗ trợ khai thác.",,,,"Bệnh nhân hợp tác kém, cần người nhà hỗ trợ khai thác.",,,,,"Bệnh nhân hợp tác kém, cần người nhà hỗ trợ khai thác.",,,,,"Diễn biến ổn định, dung nạp thuốc tốt.",normal|poor_concentration,Triệu chứng thuyên giảm so với lần khám trước.,decreased,normal,normal,anterograde|retrograde,"Bệnh nhân hợp tác kém, cần người nhà hỗ trợ khai thác.",retardation,"Bệnh nhân hợp tác kém, cần người nhà hỗ trợ khai thác.",,,,,,4.51,112,4.3,56,37,6,5.4,4.7,82,43,17,16,"Nhịp xoang đều, tần số 78 ck/phút, không rối loạn dẫn truyền.","Sóng alpha chiếm ưu thế vùng chẩm, không ghi nhận sóng kịch phát.","Nhu mô não không thấy tổn thương khu trú, hệ thống não thất không giãn.",Điện não đồ trong giới hạn bình thường.,Chỉ số vân tay trong giới hạn tham chiếu.,Vận nhãn theo dõi mục tiêu có gián đoạn nhẹ.,Chưa phát hiện đột biến có ý nghĩa lâm sàng.,Nồng độ serotonin huyết tương giảm nhẹ so với tham chiếu.,Không có xét nghiệm bổ sung.,F32.2 - Giai đoạn trầm cảm nặng không có triệu chứng loạn thần,Rối loạn lưỡng cực giai đoạn trầm cảm; Rối loạn lo âu lan tỏa,Fluoxetine 20mg/ngày; Olanzapine 5mg buổi tối,27,yes,yes,yes,no,yes,no,no,yes,no,yes,no,yes,yes,yes,no,yes,no,yes,no,normal,no,yes,no,no,no,no,no,yes,no,no,yes,no,no,no,yes,no,yes,no,no,yes,"Bệnh nhân tiếp xúc được, trả lời chậm, cần gợi ý nhiều.",no,no,no,yes,yes,yes,yes,no,yes,no,no,increased,regular,yes,no,no,no,no,no,no,no,biting_head_banging
BA0012,2026-01-05,Trung bình,Bình thường,46,167,83,36.9,125/85,"Nhịp tim đều, T1 T2 rõ, không nghe tiếng thổi bệnh lý.","Lồng ngực cân đối, rì rào phế nang êm dịu hai bên, không rale.","Bụng mềm, không chướng, gan lách không sờ thấy, đại tiện bình thường.","Hai thận không sờ thấy, không đau vùng thắt lưng, tiểu tiện bình thường.","Không liệt khu trú, không hội chứng màng não, đồng tử hai bên đều.","Tai mũi họng, răng hàm mặt chưa phát hiện bất thường.",uncooperative,indifferent,tidy|untidy,normal|sad,Triệu chứng thuyên giảm so với lần khám trước.,disordered,disordered,disordered,disordered,Triệu chứng thuyên giảm so với lần khám trước.,,,,"Bệnh nhân hợp tác kém, cần người nhà hỗ trợ khai thác.",,,,,"Bệnh nhân hợp tác kém, cần người nhà hỗ trợ khai thác.",,,,,"Diễn biến ổn định, dung nạp thuốc tốt.",poor_concentration|hard_sustain|hyperattention,"Bệnh nhân hợp tác kém, cần người nhà hỗ trợ khai thác.",normal,normal,normal,anterograde,"Bệnh nhân hợp tác kém, cần người nhà hỗ trợ khai thác.",retardation,Triệu chứng thuyên giảm so với lần khám trước.,,,,,,5.35,118,9.3,48,37,4,4.8,5.9,67,46,42,25,"Nhịp xoang đều, tần số 78 ck/phút, không rối loạn dẫn truyền.","Sóng alpha chiếm ưu thế vùng chẩm, không ghi nhận sóng kịch phát.","Nhu mô não không thấy tổn thương khu trú, hệ thống não thất không giãn.",Điện não đồ trong giới hạn bình thường.,Chỉ số vân tay trong giới hạn tham chiếu.,Vận nhãn theo dõi mục tiêu có gián đoạn nhẹ.,Chưa phát hiện đột biến có ý nghĩa lâm sàng.,Nồng độ serotonin huyết tương giảm nhẹ so với tham chiếu.,Không có xét nghiệm bổ sung.,F32.2 - Giai đoạn trầm cảm nặng không có triệu chứng loạn thần,Rối loạn lưỡng cực giai đoạn trầm cảm; Rối loạn lo âu lan tỏa,Fluoxetine 20mg/ngày; Olanzapine 5mg buổi tối,28,yes,yes,no,yes,yes,no,yes,no,no,yes,no,yes,no,yes,no,no,yes,yes,yes,normal,no,yes,yes,no,no,yes,yes,no,yes,no,no,no,no,yes,no,yes,yes,no,yes,no,"Bệnh nhân tiếp xúc được, trả lời chậm, cần gợi ý nhiều.",yes,yes,no,yes,no,yes,yes,no,yes,yes,yes,normal,amenorrhea,yes,yes,no,no,no,yes,no,yes,biting_head_banging|pesticide
BA0012,2025-12-04,Trung bình,Kém hồng,47,171,78,36.8,110/70,"Nhịp tim đều, T1 T2 rõ, không nghe tiếng thổi bệnh lý.","Lồng ngực cân đối, rì rào phế nang êm dịu hai bên, không rale.","Bụng mềm, không chướng, gan lách không sờ thấy, đại tiện bình thường.","Hai thận không sờ thấy, không đau vùng thắt lưng, tiểu tiện bình thường.","Không liệt khu trú, không hội chứng màng não, đồng tử hai bên đều.","Tai mũi họng, răng hàm mặt chưa phát hiện bất thường.",cooperative,avoidant|oppositional,tidy|untidy,tense,Triệu chứng thuyên giảm so với lần khám trước.,normal,disordered,disordered,disordered,"Bệnh nhân hợp tác kém, cần người nhà hỗ trợ khai thác.",,,,"Diễn biến ổn định, dung nạp thuốc tốt.",,,,,"Diễn biến ổn định, dung nạp thuốc tốt.",,,,,"Bệnh nhân tiếp xúc được, trả lời chậm, cần gợi ý nhiều.",hyperattention,"Bệnh nhân tiếp xúc được, trả lời chậm, cần gợi ý nhiều.",normal,decreased,normal,anterograde|retrograde|global,Triệu chứng thuyên giảm so với lần khám trước.,retardation,"Diễn biến ổn định, dung nạp thuốc tốt.",,,,,,4.58,141,10.0,61,25,7,6.2,4.5,102,41,36,19,"Nhịp xoang đều, tần số 78 ck/phút, không rối loạn dẫn truyền.","Sóng alpha chiếm ưu thế vùng chẩm, không ghi nhận sóng kịch phát.","Nhu mô não không thấy tổn thương khu trú, hệ thống não thất không giãn.",Điện não đồ trong giới hạn bình thường.,Chỉ số vân tay trong giới hạn tham chiếu.,Vận nhãn theo dõi mục tiêu có gián đoạn nhẹ.,Chưa phát hiện đột biến có ý nghĩa lâm sàng.,Nồng độ serotonin huyết tương giảm nhẹ so với tham chiếu.,Không có xét nghiệm bổ sung.,F32.1 - Giai đoạn trầm cảm vừa,Rối loạn lưỡng cực giai đoạn trầm cảm; Rối loạn lo âu lan tỏa,Fluoxetine 20mg/ngày; Olanzapine 5mg buổi tối,23,no,no,yes,no,no,yes,yes,no,no,yes,no,no,yes,no,no,yes,no,no,no,normal,yes,yes,yes,yes,no,no,no,yes,no,no,yes,no,yes,no,no,no,yes,no,yes,no,"Diễn biến ổn định, dung nạp thuốc tốt.",yes,no,no,yes,yes,yes,yes,no,yes,yes,no,decreased,amenorrhea,yes,no,no,no,no,no,no,no,hanging
BA0012,2025-11-09,Béo,Bình thường,78,166,95,36.6,120/80,"Nhịp tim đều, T1 T2 rõ, không nghe tiếng thổi bệnh lý.","Lồng ngực cân đối, rì rào phế nang êm dịu hai bên, không rale.","Bụng mềm, không chướng, gan lách không sờ thấy, đại tiện bình thường.","Hai thận không sờ thấy, không đau vùng thắt lưng, tiểu tiện bình thường.","Không có dấu hiệu thần kinh khu trú, phản xạ gân xương hai bên đều.","Tai mũi họng, răng hàm mặt chưa phát hiện bất thường.",uncooperative,natural|avoidant,tidy|untidy,normal|apathetic,"Bệnh nhân hợp tác kém, cần người nhà hỗ trợ khai thác.",normal,normal,normal,normal,"Bệnh nhân hợp tác kém, cần người nhà hỗ trợ khai thác.",,,,"Bệnh nhân hợp tác kém, cần người nhà hỗ trợ khai thác.",,,,,"Bệnh nhân tiếp xúc được, trả lời chậm, cần gợi ý nhiều.",,,,,Triệu chứng thuyên giảm so với lần khám trước.,poor_concentration|hard_sustain|hyperattention,"Diễn biến ổn định, dung nạp thuốc tốt.",decreased,decreased,decreased,anterograde|retrograde|global,"Bệnh nhân tiếp xúc được, trả lời chậm, cần gợi ý nhiều.",retardation,Triệu chứng thuyên giảm so với lần khám trước.,,,,,,5.3,110,9.9,48,24,4,5.5,5.5,102,38,25,24,"Nhịp xoang đều, tần số 78 ck/phút, không rối loạn dẫn truyền.","Sóng alpha chiếm ưu thế vùng chẩm, không ghi nhận sóng kịch phát.","Nhu mô não không thấy tổn thương khu trú, hệ thống não thất không giãn.",Điện não đồ trong giới hạn bình thường.,Chỉ số vân tay trong giới hạn tham chiếu.,Vận nhãn theo dõi mục tiêu có gián đoạn nhẹ.,Chưa phát hiện đột biến có ý nghĩa lâm sàng.,Nồng độ serotonin huyết tương giảm nhẹ so với tham chiếu.,Không có xét nghiệm bổ sung.,F32.3 - Giai đoạn trầm cảm nặng có triệu chứng loạn thần,Rối loạn lưỡng cực giai đoạn trầm cảm; Rối loạn lo âu lan tỏa,Fluoxetine 20mg/ngày; Olanzapine 5mg buổi tối,14,yes,no,no,yes,yes,yes,yes,yes,no,yes,yes,yes,no,yes,yes,no,yes,no,yes,normal,no,no,no,yes,no,no,no,no,no,no,no,no,yes,yes,no,no,no,no,no,no,"Bệnh nhân hợp tác kém, cần người nhà hỗ trợ khai thác.",yes,no,no,no,no,yes,no,no,yes,no,no,normal,irregular,yes,no,no,no,no,no,yes,no,well_jumping|pesticide
BA0012,2025-10-15,Béo,Hồng hào,52,164,72,37.3,130/80,"Nhịp tim đều, T1 T2 rõ, không nghe tiếng thổi bệnh lý.","Lồng ngực cân đối, rì rào phế nang êm dịu hai bên, không rale.","Bụng mềm, không chướng, gan lách không sờ thấy, đại tiện bình thường.","Hai thận không sờ thấy, không đau vùng thắt lưng, tiểu tiện bình thường.","Không liệt khu trú, không hội chứng màng não, đồng tử hai bên đều.","Tai mũi họng, răng hàm mặt chưa phát hiện bất thường.",uncooperative,natural|indifferent|tense,tidy|untidy,sad|anxious|tense,"Diễn biến ổn định, dung nạp thuốc tốt.",disordered,normal,disordered,normal,Triệu chứng thuyên giảm so với lần khám trước.,,,,Triệu chứng thuyên giảm so với lần khám trước.,,,,,"Bệnh nhân hợp tác kém, cần người nhà hỗ trợ khai thác.",,,,,"Bệnh nhân tiếp xúc được, trả lời chậm, cần gợi ý nhiều.",normal|poor_concentration|distractible,"Diễn biến ổn định, dung nạp thuốc tốt.",decreased,normal,normal,none|retrograde|global,"Bệnh nhân tiếp xúc được, trả lời chậm, cần gợi ý nhiều.",retardation,"Bệnh nhân hợp tác kém, cần người nhà hỗ trợ khai thác.",,,,,,5.02,115,5.2,62,20,4,5.7,3.6,66,32,34,53,"Nhịp xoang đều, tần số 78 ck/phút, không rối loạn dẫn truyền.","Sóng alpha chiếm ưu thế vùng chẩm, không ghi nhận sóng kịch phát.","Nhu mô não không thấy tổn thương khu trú, hệ thống não thất không giãn.",Điện não đồ trong giới hạn bình thường.,Chỉ số vân tay trong giới hạn tham chiếu.,Vận nhãn theo dõi mục tiêu có gián đoạn nhẹ.,Chưa phát hiện đột biến có ý nghĩa lâm sàng.,Nồng độ serotonin huyết tương giảm nhẹ so với tham chiếu.,Không có xét nghiệm bổ sung.,F32.2 - Giai đoạn trầm cảm nặng không có triệu chứng loạn thần,Rối loạn lưỡng cực giai đoạn trầm cảm; Rối loạn lo âu lan tỏa,Sertraline 50mg/ngày; Mirtazapine 15mg buổi tối,29,yes,no,yes,yes,yes,yes,no,no,no,no,yes,no,yes,no,no,no,no,no,yes,normal,yes,no,no,yes,yes,no,no,no,no,no,no,yes,yes,yes,no,no,yes,no,yes,yes,Triệu chứng thuyên giảm so với lần khám trước.,yes,no,no,no,no,yes,yes,no,yes,no,yes,decreased,amenorrhea,yes,yes,no,no,yes,no,no,yes,overdose|biting_head_banging|well_jumping
BA0012,2025-09-12,Khá,Hồng hào,50,152,95,36.9,130/80,"Nhịp tim đều, T1 T2 rõ, không nghe tiếng thổi bệnh lý.","Lồng ngực cân đối, rì rào phế nang êm dịu hai bên, không rale.","Bụng mềm, không chướng, gan lách không sờ thấy, đại tiện bình thường.","Hai thận không sờ thấy, không đau vùng thắt lưng, tiểu tiện bình thường.","Không có dấu hiệu thần kinh khu trú, phản xạ gân xương hai bên đều.","Tai mũi họng, răng hàm mặt chưa phát hiện bất thường.",uncooperative,indifferent|avoidant|oppositional,tidy|untidy,normal|sad|apathetic,"Diễn biến ổn định, dung nạp thuốc tốt.",normal,disordered,disordered,normal,"Diễn biến ổn định, dung nạp thuốc tốt.",,,,Triệu chứng thuyên giảm so với lần khám trước.,,,,,"Bệnh nhân tiếp xúc được, trả lời chậm, cần gợi ý nhiều.",,,,,"Bệnh nhân tiếp xúc được, trả lời chậm, cần gợi ý nhiều.",poor_concentration|hard_sustain,"Bệnh nhân hợp tác kém, cần người nhà hỗ trợ khai thác.",normal,decreased,normal,none|anterograde,"Bệnh nhân hợp tác kém, cần người nhà hỗ trợ khai thác.",normal,Triệu chứng thuyên giảm so với lần khám trước.,,,,,,5.06,136,10.2,53,29,8,6.3,7.1,94,27,39,27,"Nhịp xoang đều, tần số 78 ck/phút, không rối loạn dẫn truyền.","Sóng alpha chiếm ưu thế vùng chẩm, không ghi nhận sóng kịch phát.","Nhu mô não không thấy tổn thương khu trú, hệ thống não thất không giãn.",Điện não đồ trong giới hạn bình thường.,Chỉ số vân tay trong giới hạn tham chiếu.,Vận nhãn theo dõi mục tiêu có gián đoạn nhẹ.,Chưa phát hiện đột biến có ý nghĩa lâm sàng.,Nồng độ serotonin huyết tương giảm nhẹ so với tham chiếu.,Không có xét nghiệm bổ sung.,F32.3 - Giai đoạn trầm cảm nặng có triệu chứng loạn thần,Rối loạn lưỡng cực giai đoạn trầm cảm; Rối loạn lo âu lan tỏa,Venlafaxine 75mg/ngày; Zopiclone 7.5mg khi mất ngủ,10,no,no,no,yes,no,no,yes,yes,no,yes,no,no,no,yes,no,no,yes,no,no,normal,yes,no,no,no,no,no,no,no,no,no,no,no,no,no,no,no,yes,no,yes,yes,"Bệnh nhân hợp tác kém, cần người nhà hỗ trợ khai thác.",yes,no,no,no,yes,yes,no,no,yes,no,yes,increased,amenorrhea,yes,no,yes,no,yes,yes,no,no,jumping|biting_head_banging|well_jumping
BA0013,2026-06-09,Béo,Bình thường,77,166,79,36.6,110/70,"Nhịp tim đều, T1 T2 rõ, không nghe tiếng thổi bệnh lý.","Lồng ngực cân đối, rì rào phế nang êm dịu hai bên, không rale.","Bụng mềm, không chướng, gan lách không sờ thấy, đại tiện bình thường.","Hai thận không sờ thấy, không đau vùng thắt lưng, tiểu tiện bình thường.","Không liệt khu trú, không hội chứng màng não, đồng tử hai bên đều.","Tai mũi họng, răng hàm mặt chưa phát hiện bất thường.",cooperative,avoidant|tense|oppositional,tidy|untidy,normal|apathetic,Triệu chứng thuyên giảm so với lần khám trước.,disordered,normal,disordered,disordered,Triệu chứng thuyên giảm so với lần khám trước.,,,,Triệu chứng thuyên giảm so với lần khám trước.,,,,,"Bệnh nhân tiếp xúc được, trả lời chậm, cần gợi ý nhiều.",,,,,"Bệnh nhân tiếp xúc được, trả lời chậm, cần gợi ý nhiều.",poor_concentration,"Diễn biến ổn định, dung nạp thuốc tốt.",decreased,decreased,decreased,anterograde,"Bệnh nhân tiếp xúc được, trả lời chậm, cần gợi ý nhiều.",normal,"Bệnh nhân hợp tác kém, cần người nhà hỗ trợ khai thác.",,,,,,4.57,125,7.0,48,38,6,5.0,5.9,80,38,31,30,"Nhịp xoang đều, tần số 78 ck/phút, không rối loạn dẫn truyền.","Sóng alpha chiếm ưu thế vùng chẩm, không ghi nhận sóng kịch phát.","Nhu mô não không thấy tổn thương khu trú, hệ thống não thất không giãn.",Điện não đồ trong giới hạn bình thường.,Chỉ số vân tay trong giới hạn tham chiếu.,Vận nhãn theo dõi mục tiêu có gián đoạn nhẹ.,Chưa phát hiện đột biến có ý nghĩa lâm sàng.,Nồng độ serotonin huyết tương giảm nhẹ so với tham chiếu.,Không có xét nghiệm bổ sung.,F32.2 - Giai đoạn trầm cảm nặng không có triệu chứng loạn thần,Rối loạn lưỡng cực giai đoạn trầm cảm; Rối loạn lo âu lan tỏa,Sertraline 50mg/ngày; Mirtazapine 15mg buổi tối,17,no,no,yes,no,yes,yes,no,yes,yes,no,no,no,yes,no,no,yes,yes,yes,no,normal,yes,yes,yes,yes,no,yes,no,yes,no,no,no,no,yes,no,no,yes,yes,no,yes,no,"Diễn biến ổn định, dung nạp thuốc tốt.",yes,yes,no,no,no,yes,no,yes,yes,no,no,decreased,regular,yes,no,no,no,no,yes,no,yes,pesticide
BA0013,2026-05-05,Béo,Hồng hào,55,152,96,37.1,115/75,"Nhịp tim đều, T1 T2 rõ, không nghe tiếng thổi bệnh lý.","Lồng ngực cân đối, rì rào phế nang êm dịu hai bên, không rale.","Bụng mềm, không chướng, gan lách không sờ thấy, đại tiện bình thường.","Hai thận không sờ thấy, không đau vùng thắt lưng, tiểu tiện bình thường.","Không liệt khu trú, không hội chứng màng não, đồng tử hai bên đều.","Tai mũi họng, răng hàm mặt chưa phát hiện bất thường.",cooperative,indifferent|tense|oppositional,untidy,anxious,"Diễn biến ổn định, dung nạp thuốc tốt.",disordered,disordered,disordered,normal,"Bệnh nhân hợp tác kém, cần người nhà hỗ trợ khai thác.",,,,"Bệnh nhân hợp tác kém, cần người nhà hỗ trợ khai thác.",,,,,Triệu chứng thuyên giảm so với lần khám trước.,,,,,Triệu chứng thuyên giảm so với lần khám trước.,poor_concentration|distractible|hard_sustain,"Bệnh nhân tiếp xúc được, trả lời chậm, cần gợi ý nhiều.",decreased,normal,decreased,anterograde|global,"Diễn biến ổn định, dung nạp thuốc tốt.",retardation,Triệu chứng thuyên giảm so với lần khám trước.,,,,,,3.96,142,7.0,65,39,3,5.5,6.3,93,41,34,45,"Nhịp xoang đều, tần số 78 ck/phút, không rối loạn dẫn truyền.","Sóng alpha chiếm ưu thế vùng chẩm, không ghi nhận sóng kịch phát.","Nhu mô não không thấy tổn thương khu trú, hệ thống não thất không giãn.",Điện não đồ trong giới hạn bình thường.,Chỉ số vân tay trong giới hạn tham chiếu.,Vận nhãn theo dõi mục tiêu có gián đoạn nhẹ.,Chưa phát hiện đột biến có ý nghĩa lâm sàng.,Nồng độ serotonin huyết tương giảm nhẹ so với tham chiếu.,Không có xét nghiệm bổ sung.,F32.2 - Giai đoạn trầm cảm nặng không có triệu chứng loạn thần,Rối loạn lưỡng cực giai đoạn trầm cảm; Rối loạn lo âu lan tỏa,Venlafaxine 75mg/ngày; Zopiclone 7.5mg khi mất ngủ,17,yes,no,yes,yes,yes,no,no,no,no,yes,no,no,no,yes,yes,no,no,no,yes,normal,yes,no,no,no,no,yes,no,yes,yes,no,no,no,no,no,no,yes,yes,no,no,no,"Diễn biến ổn định, dung nạp thuốc tốt.",yes,no,no,yes,no,yes,no,no,yes,no,no,increased,regular,yes,no,no,no,no,yes,yes,no,hanging|overdose|pesticide
BA0013,2026-03-24,Suy kiệt nhẹ,Hồng hào,78,156,77,37.2,125/85,"Nhịp tim đều, T1 T2 rõ, không nghe tiếng thổi bệnh lý.","Lồng ngực cân đối, rì rào phế nang êm dịu hai bên, không rale.","Bụng mềm, không chướng, gan lách không sờ thấy, đại tiện bình thường.","Hai thận không sờ thấy, không đau vùng thắt lưng, tiểu tiện bình thường.","Không có dấu hiệu thần kinh khu trú, phản xạ gân xương hai bên đều.","Tai mũi họng, răng hàm mặt chưa phát hiện bất thường.",cooperative,natural|indifferent|avoidant,tidy|untidy,tense|apathetic,"Bệnh nhân tiếp xúc được, trả lời chậm, cần gợi ý nhiều.",disordered,disordered,normal,normal,"Bệnh nhân hợp tác kém, cần người nhà hỗ trợ khai thác.",,,,"Diễn biến ổn định, dung nạp thuốc tốt.",,,,,"Diễn biến ổn định, dung nạp thuốc tốt.",,,,,"Bệnh nhân hợp tác kém, cần người nhà hỗ trợ khai thác.",hard_sustain,"Bệnh nhân hợp tác kém, cần người nhà hỗ trợ khai thác.",normal,normal,decreased,anterograde|retrograde|global,"Bệnh nhân tiếp xúc được, trả lời chậm, cần gợi ý nhiều.",normal,"Bệnh nhân tiếp xúc được, trả lời chậm, cần gợi ý nhiều.",,,,,,5.32,126,5.8,71,32,5,5.1,3.3,101,44,38,20,"Nhịp xoang đều, tần số 78 ck/phút, không rối loạn dẫn truyền.","Sóng alpha chiếm ưu thế vùng chẩm, không ghi nhận sóng kịch phát.","Nhu mô não không thấy tổn thương khu trú, hệ thống não thất không giãn.",Điện não đồ trong giới hạn bình thường.,Chỉ số vân tay trong giới hạn tham chiếu.,Vận nhãn theo dõi mục tiêu có gián đoạn nhẹ.,Chưa phát hiện đột biến có ý nghĩa lâm sàng.,Nồng độ serotonin huyết tương giảm nhẹ so với tham chiếu.,Không có xét nghiệm bổ sung.,F32.2 - Giai đoạn trầm cảm nặng không có triệu chứng loạn thần,Rối loạn lưỡng cực giai đoạn trầm cảm; Rối loạn lo âu lan tỏa,Venlafaxine 75mg/ngày; Zopiclone 7.5mg khi mất ngủ,23,yes,no,yes,yes,yes,no,yes,no,yes,yes,no,yes,no,no,yes,no,no,yes,no,normal,yes,yes,no,yes,yes,no,no,no,no,no,no,no,no,yes,no,no,no,no,yes,yes,Triệu chứng thuyên giảm so với lần khám trước.,yes,no,no,yes,yes,no,no,yes,yes,yes,no,decreased,amenorrhea,yes,no,no,no,no,yes,yes,no,overdose
BA0013,2026-02-17,Suy kiệt nhẹ,Nhợt nhạt nhẹ,56,164,66,36.4,110/70,"Nhịp tim đều, T1 T2 rõ, không nghe tiếng thổi bệnh lý.","Lồng ngực cân đối, rì rào phế nang êm dịu hai bên, không rale.","Bụng mềm, không chướng, gan lách không sờ thấy, đại tiện bình thường.","Hai thận không sờ thấy, không đau vùng thắt lưng, tiểu tiện bình thường.","Không có dấu hiệu thần kinh khu trú, phản xạ gân xương hai bên đều.","Tai mũi họng, răng hàm mặt chưa phát hiện bất thường.",uncooperative,natural|indifferent|oppositional,tidy|untidy,sad|tense,"Bệnh nhân hợp tác kém, cần người nhà hỗ trợ khai thác.",normal,normal,normal,normal,Triệu chứng thuyên giảm so với lần khám trước.,,,,"Bệnh nhân hợp tác kém, cần người nhà hỗ trợ khai thác.",,,,,"Bệnh nhân tiếp xúc được, trả lời chậm, cần gợi ý nhiều.",,,,,Triệu chứng thuyên giảm so với lần khám trước.,hard_sustain|hyperattention,"Bệnh nhân tiếp xúc được, trả lời chậm, cần gợi ý nhiều.",normal,decreased,normal,none|retrograde|global,Triệu chứng thuyên giảm so với lần khám trước.,dementia,"Diễn biến ổn định, dung nạp thuốc tốt.",,,,,,4.68,129,5.8,61,34,8,4.9,6.7,88,37,22,31,"Nhịp xoang đều, tần số 78 ck/phút, không rối loạn dẫn truyền.","Sóng alpha chiếm ưu thế vùng chẩm, không ghi nhận sóng kịch phát.","Nhu mô não không thấy tổn thương khu trú, hệ thống não thất không giãn.",Điện não đồ trong giới hạn bình thường.,Chỉ số vân tay trong giới hạn tham chiếu.,Vận nhãn theo dõi mục tiêu có gián đoạn nhẹ.,Chưa phát hiện đột biến có ý nghĩa lâm sàng.,Nồng độ serotonin huyết tương giảm nhẹ so với tham chiếu.,Không có xét nghiệm bổ sung.,F32.2 - Giai đoạn trầm cảm nặng không có triệu chứng loạn thần,Rối loạn lưỡng cực giai đoạn trầm cảm; Rối loạn lo âu lan tỏa,Fluoxetine 20mg/ngày; Olanzapine 5mg buổi tối,13,yes,no,no,no,no,no,no,no,no,yes,no,no,yes,no,no,yes,no,no,yes,normal,yes,no,no,no,yes,no,yes,no,no,no,no,no,no,yes,no,yes,yes,no,no,no,Triệu chứng thuyên giảm so với lần khám trước.,yes,yes,no,no,no,yes,yes,no,yes,yes,no,decreased,irregular,no,no,yes,no,no,no,yes,no,biting_head_banging
BA0013,2026-01-06,Béo,Hồng hào,59,164,62,36.8,115/75,"Nhịp tim đều, T1 T2 rõ, không nghe tiếng thổi bệnh lý.","Lồng ngực cân đối, rì rào phế nang êm dịu hai bên, không rale.","Bụng mềm, không chướng, gan lách không sờ thấy, đại tiện bình thường.","Hai thận không sờ thấy, không đau vùng thắt lưng, tiểu tiện bình thường.","Không có dấu hiệu thần kinh khu trú, phản xạ gân xương hai bên đều.","Tai mũi họng, răng hàm mặt chưa phát hiện bất thường.",cooperative,indifferent|avoidant|oppositional,tidy,normal|anxious|apathetic,"Bệnh nhân hợp tác kém, cần người nhà hỗ trợ khai thác.",normal,disordered,disordered,normal,"Diễn biến ổn định, dung nạp thuốc tốt.",,,,Triệu chứng thuyên giảm so với lần khám trước.,,,,,"Bệnh nhân hợp tác kém, cần người nhà hỗ trợ khai thác.",,,,,Triệu chứng thuyên giảm so với lần khám trước.,poor_concentration|hard_sustain|hyperattention,"Bệnh nhân hợp tác kém, cần người nhà hỗ trợ khai thác.",normal,normal,normal,retrograde|global,"Bệnh nhân hợp tác kém, cần người nhà hỗ trợ khai thác.",dementia,Triệu chứng thuyên giảm so với lần khám trước.,,,,,,4.06,148,6.5,67,22,9,6.2,6.7,59,45,25,20,"Nhịp xoang đều, tần số 78 ck/phút, không rối loạn dẫn truyền.","Sóng alpha chiếm ưu thế vùng chẩm, không ghi nhận sóng kịch phát.","Nhu mô não không thấy tổn thương khu trú, hệ thống não thất không giãn.",Điện não đồ trong giới hạn bình thường.,Chỉ số vân tay trong giới hạn tham chiếu.,Vận nhãn theo dõi mục tiêu có gián đoạn nhẹ.,Chưa phát hiện đột biến có ý nghĩa lâm sàng.,Nồng độ serotonin huyết tương giảm nhẹ so với tham chiếu.,Không có xét nghiệm bổ sung.,F32.2 - Giai đoạn trầm cảm nặng không có triệu chứng loạn thần,Rối loạn lưỡng cực giai đoạn trầm cảm; Rối loạn lo âu lan tỏa,Fluoxetine 20mg/ngày; Olanzapine 5mg buổi tối,25,yes,no,no,yes,yes,no,yes,no,yes,no,no,no,no,no,yes,no,no,no,no,normal,no,yes,no,no,yes,no,no,no,yes,no,no,yes,no,no,no,no,no,no,no,no,"Bệnh nhân tiếp xúc được, trả lời chậm, cần gợi ý nhiều.",yes,yes,no,no,yes,no,yes,no,yes,no,no,decreased,regular,yes,yes,no,no,no,no,yes,no,wrist_cutting|hanging|biting_head_banging
BA0013,2025-11-25,Béo,Bình thường,71,156,85,36.6,125/85,"Nhịp tim đều, T1 T2 rõ, không nghe tiếng thổi bệnh lý.","Lồng ngực cân đối, rì rào phế nang êm dịu hai bên, không rale.","Bụng mềm, không chướng, gan lách không sờ thấy, đại tiện bình thường.","Hai thận không sờ thấy, không đau vùng thắt lưng, tiểu tiện bình thường.","Không liệt khu trú, không hội chứng màng não, đồng tử hai bên đều.","Tai mũi họng, răng hàm mặt chưa phát hiện bất thường.",limited,avoidant,tidy|untidy,sad|tense,"Diễn biến ổn định, dung nạp thuốc tốt.",disordered,disordered,disordered,disordered,"Bệnh nhân hợp tác kém, cần người nhà hỗ trợ khai thác.",,,,"Bệnh nhân tiếp xúc được, trả lời chậm, cần gợi ý nhiều.",,,,,"Bệnh nhân tiếp xúc được, trả lời chậm, cần gợi ý nhiều.",,,,,"Diễn biến ổn định, dung nạp thuốc tốt.",poor_concentration,"Bệnh nhân tiếp xúc được, trả lời chậm, cần gợi ý nhiều.",normal,normal,normal,global,"Bệnh nhân hợp tác kém, cần người nhà hỗ trợ khai thác.",normal,"Diễn biến ổn định, dung nạp thuốc tốt.",,,,,,5.15,132,5.1,50,28,8,4.7,4.5,76,28,43,17,"Nhịp xoang đều, tần số 78 ck/phút, không rối loạn dẫn truyền.","Sóng alpha chiếm ưu thế vùng chẩm, không ghi nhận sóng kịch phát.","Nhu mô não không thấy tổn thương khu trú, hệ thống não thất không giãn.",Điện não đồ trong giới hạn bình thường.,Chỉ số vân tay trong giới hạn tham chiếu.,Vận nhãn theo dõi mục tiêu có gián đoạn nhẹ.,Chưa phát hiện đột biến có ý nghĩa lâm sàng.,Nồng độ serotonin huyết tương giảm nhẹ so với tham chiếu.,Không có xét nghiệm bổ sung.,F32.3 - Giai đoạn trầm cảm nặng có triệu chứng loạn thần,Rối loạn lưỡng cực giai đoạn trầm cảm; Rối loạn lo âu lan tỏa,Fluoxetine 20mg/ngày; Olanzapine 5mg buổi tối,8,no,yes,yes,yes,yes,no,yes,yes,yes,yes,no,no,no,no,no,no,yes,yes,yes,normal,yes,yes,no,no,yes,no,no,yes,no,no,yes,no,no,yes,no,no,yes,no,yes,no,"Bệnh nhân tiếp xúc được, trả lời chậm, cần gợi ý nhiều.",yes,no,no,no,no,no,no,no,yes,no,no,normal,regular,yes,yes,no,yes,no,yes,no,no,overdose
BA0013,2025-10-27,Khá,Kém hồng,58,165,73,37.0,130/80,"Nhịp tim đều, T1 T2 rõ, không nghe tiếng thổi bệnh lý.","Lồng ngực cân đối, rì rào phế nang êm dịu hai bên, không rale.","Bụng mềm, không chướng, gan lách không sờ thấy, đại tiện bình thường.","Hai thận không sờ thấy, không đau vùng thắt lưng, tiểu tiện bình thường.","Không liệt khu trú, không hội chứng màng não, đồng tử hai bên đều.","Tai mũi họng, răng hàm mặt chưa phát hiện bất thường.",limited,indifferent|avoidant|tense,tidy,normal|sad|apathetic,"Bệnh nhân hợp tác kém, cần người nhà hỗ trợ khai thác.",disordered,normal,disordered,normal,Triệu chứng thuyên giảm so với lần khám trước.,,,,Triệu chứng thuyên giảm so với lần khám trước.,,,,,"Bệnh nhân tiếp xúc được, trả lời chậm, cần gợi ý nhiều.",,,,,"Diễn biến ổn định, dung nạp thuốc tốt.",normal|distractible,"Diễn biến ổn định, dung nạp thuốc tốt.",decreased,normal,decreased,anterograde,"Bệnh nhân hợp tác kém, cần người nhà hỗ trợ khai thác.",normal,"Bệnh nhân tiếp xúc được, trả lời chậm, cần gợi ý nhiều.",,,,,,5.25,129,9.1,58,24,8,4.8,5.0,89,34,42,29,"Nhịp xoang đều, tần số 78 ck/phút, không rối loạn dẫn truyền.","Sóng alpha chiếm ưu thế vùng chẩm, không ghi nhận sóng kịch phát.","Nhu mô não không thấy tổn thương khu trú, hệ thống não thất không giãn.",Điện não đồ trong giới hạn bình thường.,Chỉ số vân tay trong giới hạn tham chiếu.,Vận nhãn theo dõi mục tiêu có gián đoạn nhẹ.,Chưa phát hiện đột biến có ý nghĩa lâm sàng.,Nồng độ serotonin huyết tương giảm nhẹ so với tham chiếu.,Không có xét nghiệm bổ sung.,F32.3 - Giai đoạn trầm cảm nặng có triệu chứng loạn thần,Rối loạn lưỡng cực giai đoạn trầm cảm; Rối loạn lo âu lan tỏa,Fluoxetine 20mg/ngày; Olanzapine 5mg buổi tối,13,yes,no,no,yes,yes,no,yes,yes,no,no,yes,no,yes,no,no,no,no,no,no,normal,yes,yes,no,no,no,yes,no,yes,no,no,no,no,no,yes,yes,no,no,no,no,yes,Triệu chứng thuyên giảm so với lần khám trước.,yes,no,no,no,no,yes,yes,yes,no,no,yes,normal,irregular,yes,no,no,no,no,no,yes,no,hanging
BA0013,2025-09-19,Trung bình,Hồng hào,72,166,63,36.6,120/80,"Nhịp tim đều, T1 T2 rõ, không nghe tiếng thổi bệnh lý.","Lồng ngực cân đối, rì rào phế nang êm dịu hai bên, không rale.","Bụng mềm, không chướng, gan lách không sờ thấy, đại tiện bình thường.","Hai thận không sờ thấy, không đau vùng thắt lưng, tiểu tiện bình thường.","Không liệt khu trú, không hội chứng màng não, đồng tử hai bên đều.","Tai mũi họng, răng hàm mặt chưa phát hiện bất thường.",cooperative,indifferent|avoidant|tense,tidy,normal|sad|anxious,"Bệnh nhân hợp tác kém, cần người nhà hỗ trợ khai thác.",normal,normal,normal,normal,"Bệnh nhân hợp tác kém, cần người nhà hỗ trợ khai thác.",,,,Triệu chứng thuyên giảm so với lần khám trước.,,,,,Triệu chứng thuyên giảm so với lần khám trước.,,,,,"Bệnh nhân hợp tác kém, cần người nhà hỗ trợ khai thác.",distractible|hyperattention,Triệu chứng thuyên giảm so với lần khám trước.,decreased,decreased,decreased,none|retrograde|global,Triệu chứng thuyên giảm so với lần khám trước.,normal,"Bệnh nhân tiếp xúc được, trả lời chậm, cần gợi ý nhiều.",,,,,,5.08,113,5.3,54,32,6,6.2,4.4,94,23,24,58,"Nhịp xoang đều, tần số 78 ck/phút, không rối loạn dẫn truyền.","Sóng alpha chiếm ưu thế vùng chẩm, không ghi nhận sóng kịch phát.","Nhu mô não không thấy tổn thương khu trú, hệ thống não thất không giãn.",Điện não đồ trong giới hạn bình thường.,Chỉ số vân tay trong giới hạn tham chiếu.,Vận nhãn theo dõi mục tiêu có gián đoạn nhẹ.,Chưa phát hiện đột biến có ý nghĩa lâm sàng.,Nồng độ serotonin huyết tương giảm nhẹ so với tham chiếu.,Không có xét nghiệm bổ sung.,F32.1 - Giai đoạn trầm cảm vừa,Rối loạn lưỡng cực giai đoạn trầm cảm; Rối loạn lo âu lan tỏa,Sertraline 50mg/ngày; Mirtazapine 15mg buổi tối,29,yes,no,yes,yes,yes,yes,yes,yes,no,yes,no,no,yes,yes,yes,yes,no,yes,no,normal,yes,yes,no,yes,no,yes,no,yes,no,no,no,yes,no,yes,no,no,yes,no,yes,no,"Bệnh nhân tiếp xúc được, trả lời chậm, cần gợi ý nhiều.",no,no,no,no,no,no,yes,yes,yes,yes,no,normal,amenorrhea,yes,no,no,no,yes,no,no,no,wrist_cutting
BA0013,2025-08-07,Trung bình,Kém hồng,48,176,69,36.9,130/80,"Nhịp tim đều, T1 T2 rõ, không nghe tiếng thổi bệnh lý.","Lồng ngực cân đối, rì rào phế nang êm dịu hai bên, không rale.","Bụng mềm, không chướng, gan lách không sờ thấy, đại tiện bình thường.","Hai thận không sờ thấy, không đau vùng thắt lưng, tiểu tiện bình thường.","Không liệt khu trú, không hội chứng màng não, đồng tử hai bên đều.","Tai mũi họng, răng hàm mặt chưa phát hiện bất thường.",cooperative,indifferent|oppositional,tidy|untidy,sad,"Bệnh nhân tiếp xúc được, trả lời chậm, cần gợi ý nhiều.",normal,normal,disordered,disordered,Triệu chứng thuyên giảm so với lần khám trước.,,,,"Bệnh nhân hợp tác kém, cần người nhà hỗ trợ khai thác.",,,,,"Bệnh nhân tiếp xúc được, trả lời chậm, cần gợi ý nhiều.",,,,,Triệu chứng thuyên giảm so với lần khám trước.,poor_concentration|distractible,"Bệnh nhân hợp tác kém, cần người nhà hỗ trợ khai thác.",normal,normal,decreased,anterograde|global,"Diễn biến ổn định, dung nạp thuốc tốt.",normal,Triệu chứng thuyên giảm so với lần khám trước.,,,,,,5.22,146,4.9,55,31,4,5.7,6.7,61,46,51,49,"Nhịp xoang đều, tần số 78 ck/phút, không rối loạn dẫn truyền.","Sóng alpha chiếm ưu thế vùng chẩm, không ghi nhận sóng kịch phát.","Nhu mô não không thấy tổn thương khu trú, hệ thống não thất không giãn.",Điện não đồ trong giới hạn bình thường.,Chỉ số vân tay trong giới hạn tham chiếu.,Vận nhãn theo dõi mục tiêu có gián đoạn nhẹ.,Chưa phát hiện đột biến có ý nghĩa lâm sàng.,Nồng độ serotonin huyết tương giảm nhẹ so với tham chiếu.,Không có xét nghiệm bổ sung.,F32.2 - Giai đoạn trầm cảm nặng không có triệu chứng loạn thần,Rối loạn lưỡng cực giai đoạn trầm cảm; Rối loạn lo âu lan tỏa,Sertraline 50mg/ngày; Mirtazapine 15mg buổi tối,23,yes,no,yes,yes,yes,no,yes,no,no,yes,yes,yes,no,no,no,no,no,no,no,normal,no,yes,yes,no,no,yes,no,yes,yes,yes,yes,yes,yes,no,no,no,no,no,no,no,"Bệnh nhân hợp tác kém, cần người nhà hỗ trợ khai thác.",yes,yes,no,no,no,yes,yes,no,yes,no,yes,increased,irregular,yes,no,yes,no,no,no,no,no,biting_head_banging|well_jumping|pesticide
BA0013,2025-06-26,Béo,Bình thường,47,155,89,36.5,115/75,"Nhịp tim đều, T1 T2 rõ, không nghe tiếng thổi bệnh lý.","Lồng ngực cân đối, rì rào phế nang êm dịu hai bên, không rale.","Bụng mềm, không chướng, gan lách không sờ thấy, đại tiện bình thường.","Hai thận không sờ thấy, không đau vùng thắt lưng, tiểu tiện bình thường.","Không có dấu hiệu thần kinh khu trú, phản xạ gân xương hai bên đều.","Tai mũi họng, răng hàm mặt chưa phát hiện bất thường.",cooperative,indifferent|tense,tidy|untidy,normal|anxious|apathetic,"Diễn biến ổn định, dung nạp thuốc tốt.",normal,normal,normal,disordered,"Diễn biến ổn định, dung nạp thuốc tốt.",,,,Triệu chứng thuyên giảm so với lần khám trước.,,,,,"Bệnh nhân tiếp xúc được, trả lời chậm, cần gợi ý nhiều.",,,,,"Diễn biến ổn định, dung nạp thuốc tốt.",poor_concentration,Triệu chứng thuyên giảm so với lần khám trước.,decreased,normal,normal,anterograde|global,"Bệnh nhân hợp tác kém, cần người nhà hỗ trợ khai thác.",dementia,"Bệnh nhân tiếp xúc được, trả lời chậm, cần gợi ý nhiều.",,,,,,4.77,140,6.6,52,28,7,5.8,6.6,90,34,24,31,"Nhịp xoang đều, tần số 78 ck/phút, không rối loạn dẫn truyền.","Sóng alpha chiếm ưu thế vùng chẩm, không ghi nhận sóng kịch phát.","Nhu mô não không thấy tổn thương khu trú, hệ thống não thất không giãn.",Điện não đồ trong giới hạn bình thường.,Chỉ số vân tay trong giới hạn tham chiếu.,Vận nhãn theo dõi mục tiêu có gián đoạn nhẹ.,Chưa phát hiện đột biến có ý nghĩa lâm sàng.,Nồng độ serotonin huyết tương giảm nhẹ so với tham chiếu.,Không có xét nghiệm bổ sung.,F32.1 - Giai đoạn trầm cảm vừa,Rối loạn lưỡng cực giai đoạn trầm cảm; Rối loạn lo âu lan tỏa,Sertraline 50mg/ngày; Mirtazapine 15mg buổi tối,27,yes,yes,yes,no,yes,yes,yes,no,no,yes,yes,no,no,yes,no,no,no,yes,no,normal,no,yes,no,yes,no,no,yes,no,no,no,no,no,no,no,no,no,yes,no,no,no,"Bệnh nhân tiếp xúc được, trả lời chậm, cần gợi ý nhiều.",yes,yes,yes,no,yes,yes,yes,no,no,no,no,normal,amenorrhea,yes,no,no,yes,no,no,yes,no,overdose|pesticide
BA0014,2026-06-02,Suy kiệt nhẹ,Hồng hào,49,153,67,36.5,115/75,"Nhịp tim đều, T1 T2 rõ, không nghe tiếng thổi bệnh lý.","Lồng ngực cân đối, rì rào phế nang êm dịu hai bên, không rale.","Bụng mềm, không chướng, gan lách không sờ thấy, đại tiện bình thường.","Hai thận không sờ thấy, không đau vùng thắt lưng, tiểu tiện bình thường.","Không có dấu hiệu thần kinh khu trú, phản xạ gân xương hai bên đều.","Tai mũi họng, răng hàm mặt chưa phát hiện bất thường.",uncooperative,natural,tidy|untidy,normal|apathetic,"Diễn biến ổn định, dung nạp thuốc tốt.",disordered,normal,disordered,disordered,Triệu chứng thuyên giảm so với lần khám trước.,,,,Triệu chứng thuyên giảm so với lần khám trước.,,,,,"Bệnh nhân hợp tác kém, cần người nhà hỗ trợ khai thác.",,,,,"Bệnh nhân tiếp xúc được, trả lời chậm, cần gợi ý nhiều.",poor_concentration|distractible,"Diễn biến ổn định, dung nạp thuốc tốt.",normal,decreased,normal,none|anterograde,"Diễn biến ổn định, dung nạp thuốc tốt.",retardation,"Diễn biến ổn định, dung nạp thuốc tốt.",,,,,,5.13,152,6.0,54,25,7,4.8,5.0,74,38,43,37,"Nhịp xoang đều, tần số 78 ck/phút, không rối loạn dẫn truyền.","Sóng alpha chiếm ưu thế vùng chẩm, không ghi nhận sóng kịch phát.","Nhu mô não không thấy tổn thương khu trú, hệ thống não thất không giãn.",Điện não đồ trong giới hạn bình thường.,Chỉ số vân tay trong giới hạn tham chiếu.,Vận nhãn theo dõi mục tiêu có gián đoạn nhẹ.,Chưa phát hiện đột biến có ý nghĩa lâm sàng.,Nồng độ serotonin huyết tương giảm nhẹ so với tham chiếu.,Không có xét nghiệm bổ sung.,F32.2 - Giai đoạn trầm cảm nặng không có triệu chứng loạn thần,Rối loạn lưỡng cực giai đoạn trầm cảm; Rối loạn lo âu lan tỏa,Fluoxetine 20mg/ngày; Olanzapine 5mg buổi tối,7,yes,no,no,yes,yes,no,yes,no,no,yes,no,yes,no,no,no,no,no,no,no,normal,no,yes,yes,no,no,yes,yes,yes,no,no,no,yes,yes,no,no,yes,yes,no,no,no,"Bệnh nhân tiếp xúc được, trả lời chậm, cần gợi ý nhiều.",yes,no,no,no,no,yes,no,no,yes,yes,yes,decreased,irregular,yes,no,no,no,no,no,no,no,overdose|well_jumping
BA0014,2026-05-02,Béo,Hồng hào,46,164,81,37.2,130/80,"Nhịp tim đều, T1 T2 rõ, không nghe tiếng thổi bệnh lý.","Lồng ngực cân đối, rì rào phế nang êm dịu hai bên, không rale.","Bụng mềm, không chướng, gan lách không sờ thấy, đại tiện bình thường.","Hai thận không sờ thấy, không đau vùng thắt lưng, tiểu tiện bình thường.","Không có dấu hiệu thần kinh khu trú, phản xạ gân xương hai bên đều.","Tai mũi họng, răng hàm mặt chưa phát hiện bất thường.",cooperative,avoidant,tidy|untidy,normal,"Bệnh nhân hợp tác kém, cần người nhà hỗ trợ khai thác.",normal,normal,normal,disordered,"Bệnh nhân tiếp xúc được, trả lời chậm, cần gợi ý nhiều.",,,,"Bệnh nhân tiếp xúc được, trả lời chậm, cần gợi ý nhiều.",,,,,"Bệnh nhân tiếp xúc được, trả lời chậm, cần gợi ý nhiều.",,,,,"Bệnh nhân hợp tác kém, cần người nhà hỗ trợ khai thác.",normal,"Bệnh nhân hợp tác kém, cần người nhà hỗ trợ khai thác.",normal,normal,decreased,none|global,"Bệnh nhân tiếp xúc được, trả lời chậm, cần gợi ý nhiều.",retardation,Triệu chứng thuyên giảm so với lần khám trước.,,,,,,4.64,145,8.6,59,23,4,4.6,6.9,73,45,22,18,"Nhịp xoang đều, tần số 78 ck/phút, không rối loạn dẫn truyền.","Sóng alpha chiếm ưu thế vùng chẩm, không ghi nhận sóng kịch phát.","Nhu mô não không thấy tổn thương khu trú, hệ thống não thất không giãn.",Điện não đồ trong giới hạn bình thường.,Chỉ số vân tay trong giới hạn tham chiếu.,Vận nhãn theo dõi mục tiêu có gián đoạn nhẹ.,Chưa phát hiện đột biến có ý nghĩa lâm sàng.,Nồng độ serotonin huyết tương giảm nhẹ so với tham chiếu.,Không có xét nghiệm bổ sung.,F32.1 - Giai đoạn trầm cảm vừa,Rối loạn lưỡng cực giai đoạn trầm cảm; Rối loạn lo âu lan tỏa,Fluoxetine 20mg/ngày; Olanzapine 5mg buổi tối,16,yes,no,yes,no,yes,no,no,no,no,yes,yes,no,yes,no,yes,yes,yes,no,no,normal,no,yes,no,no,no,no,no,no,no,no,no,yes,no,no,yes,yes,yes,no,no,no,"Bệnh nhân tiếp xúc được, trả lời chậm, cần gợi ý nhiều.",yes,no,no,no,no,yes,yes,no,yes,no,no,decreased,amenorrhea,yes,no,no,no,no,no,no,yes,overdose
BA0014,2026-03-26,Gầy,Kém hồng,47,159,88,36.8,105/65,"Nhịp tim đều, T1 T2 rõ, không nghe tiếng thổi bệnh lý.","Lồng ngực cân đối, rì rào phế nang êm dịu hai bên, không rale.","Bụng mềm, không chướng, gan lách không sờ thấy, đại tiện bình thường.","Hai thận không sờ thấy, không đau vùng thắt lưng, tiểu tiện bình thường.","Không có dấu hiệu thần kinh khu trú, phản xạ gân xương hai bên đều.","Tai mũi họng, răng hàm mặt chưa phát hiện bất thường.",limited,avoidant,tidy|untidy,anxious,"Diễn biến ổn định, dung nạp thuốc tốt.",normal,normal,disordered,normal,Triệu chứng thuyên giảm so với lần khám trước.,,,,"Diễn biến ổn định, dung nạp thuốc tốt.",,,,,Triệu chứng thuyên giảm so với lần khám trước.,,,,,"Diễn biến ổn định, dung nạp thuốc tốt.",poor_concentration|distractible,Triệu chứng thuyên giảm so với lần khám trước.,decreased,decreased,decreased,none|anterograde|retrograde,"Bệnh nhân tiếp xúc được, trả lời chậm, cần gợi ý nhiều.",dementia,"Diễn biến ổn định, dung nạp thuốc tốt.",,,,,,4.36,126,5.6,48,26,3,5.0,3.6,82,42,25,28,"Nhịp xoang đều, tần số 78 ck/phút, không rối loạn dẫn truyền.","Sóng alpha chiếm ưu thế vùng chẩm, không ghi nhận sóng kịch phát.","Nhu mô não không thấy tổn thương khu trú, hệ thống não thất không giãn.",Điện não đồ trong giới hạn bình thường.,Chỉ số vân tay trong giới hạn tham chiếu.,Vận nhãn theo dõi mục tiêu có gián đoạn nhẹ.,Chưa phát hiện đột biến có ý nghĩa lâm sàng.,Nồng độ serotonin huyết tương giảm nhẹ so với tham chiếu.,Không có xét nghiệm bổ sung.,F32.3 - Giai đoạn trầm cảm nặng có triệu chứng loạn thần,Rối loạn lưỡng cực giai đoạn trầm cảm; Rối loạn lo âu lan tỏa,Fluoxetine 20mg/ngày; Olanzapine 5mg buổi tối,21,yes,no,yes,yes,yes,no,no,no,no,yes,yes,no,no,no,no,no,no,no,no,normal,yes,no,yes,no,yes,no,no,no,no,no,no,no,no,no,no,no,no,no,no,no,"Bệnh nhân tiếp xúc được, trả lời chậm, cần gợi ý nhiều.",yes,yes,no,no,no,no,yes,yes,yes,yes,no,increased,regular,yes,yes,no,yes,no,no,yes,no,hanging|biting_head_banging
BA0014,2026-03-04,Khá,Kém hồng,67,176,72,36.5,110/70,"Nhịp tim đều, T1 T2 rõ, không nghe tiếng thổi bệnh lý.","Lồng ngực cân đối, rì rào phế nang êm dịu hai bên, không rale.","Bụng mềm, không chướng, gan lách không sờ thấy, đại tiện bình thường.","Hai thận không sờ thấy, không đau vùng thắt lưng, tiểu tiện bình thường.","Không có dấu hiệu thần kinh khu trú, phản xạ gân xương hai bên đều.","Tai mũi họng, răng hàm mặt chưa phát hiện bất thường.",limited,indifferent,tidy|untidy,normal,Triệu chứng thuyên giảm so với lần khám trước.,normal,normal,normal,disordered,"Bệnh nhân tiếp xúc được, trả lời chậm, cần gợi ý nhiều.",,,,"Bệnh nhân hợp tác kém, cần người nhà hỗ trợ khai thác.",,,,,"Diễn biến ổn định, dung nạp thuốc tốt.",,,,,Triệu chứng thuyên giảm so với lần khám trước.,normal|poor_concentration|hyperattention,Triệu chứng thuyên giảm so với lần khám trước.,normal,normal,normal,retrograde,Triệu chứng thuyên giảm so với lần khám trước.,dementia,Triệu chứng thuyên giảm so với lần khám trước.,,,,,,4.42,111,4.7,50,22,3,6.0,5.3,94,32,25,46,"Nhịp xoang đều, tần số 78 ck/phút, không rối loạn dẫn truyền.","Sóng alpha chiếm ưu thế vùng chẩm, không ghi nhận sóng kịch phát.","Nhu mô não không thấy tổn thương khu trú, hệ thống não thất không giãn.",Điện não đồ trong giới hạn bình thường.,Chỉ số vân tay trong giới hạn tham chiếu.,Vận nhãn theo dõi mục tiêu có gián đoạn nhẹ.,Chưa phát hiện đột biến có ý nghĩa lâm sàng.,Nồng độ serotonin huyết tương giảm nhẹ so với tham chiếu.,Không có xét nghiệm bổ sung.,F32.1 - Giai đoạn trầm cảm vừa,Rối loạn lưỡng cực giai đoạn trầm cảm; Rối loạn lo âu lan tỏa,Fluoxetine 20mg/ngày; Olanzapine 5mg buổi tối,9,yes,no,yes,yes,yes,yes,yes,no,yes,yes,no,no,no,no,yes,yes,no,no,no,normal,yes,yes,no,no,no,no,no,yes,no,no,yes,yes,no,no,no,no,yes,no,no,no,"Diễn biến ổn định, dung nạp thuốc tốt.",no,no,yes,no,no,yes,yes,no,no,yes,no,decreased,regular,yes,no,yes,no,no,no,no,yes,wrist_cutting
BA0014,2026-02-01,Béo,Kém hồng,75,174,72,36.9,105/65,"Nhịp tim đều, T1 T2 rõ, không nghe tiếng thổi bệnh lý.","Lồng ngực cân đối, rì rào phế nang êm dịu hai bên, không rale.","Bụng mềm, không chướng, gan lách không sờ thấy, đại tiện bình thường.","Hai thận không sờ thấy, không đau vùng thắt lưng, tiểu tiện bình thường.","Không có dấu hiệu thần kinh khu trú, phản xạ gân xương hai bên đều.","Tai mũi họng, răng hàm mặt chưa phát hiện bất thường.",uncooperative,indifferent|tense,tidy|untidy,sad|anxious,"Diễn biến ổn định, dung nạp thuốc tốt.",normal,normal,normal,normal,"Bệnh nhân hợp tác kém, cần người nhà hỗ trợ khai thác.",,,,"Diễn biến ổn định, dung nạp thuốc tốt.",,,,,"Bệnh nhân hợp tác kém, cần người nhà hỗ trợ khai thác.",,,,,Triệu chứng thuyên giảm so với lần khám trước.,poor_concentration|hyperattention,"Bệnh nhân tiếp xúc được, trả lời chậm, cần gợi ý nhiều.",normal,decreased,normal,anterograde|retrograde|global,"Bệnh nhân tiếp xúc được, trả lời chậm, cần gợi ý nhiều.",dementia,Triệu chứng thuyên giảm so với lần khám trước.,,,,,,4.05,154,6.1,52,27,4,5.0,4.5,101,39,31,45,"Nhịp xoang đều, tần số 78 ck/phút, không rối loạn dẫn truyền.","Sóng alpha chiếm ưu thế vùng chẩm, không ghi nhận sóng kịch phát.","Nhu mô não không thấy tổn thương khu trú, hệ thống não thất không giãn.",Điện não đồ trong giới hạn bình thường.,Chỉ số vân tay trong giới hạn tham chiếu.,Vận nhãn theo dõi mục tiêu có gián đoạn nhẹ.,Chưa phát hiện đột biến có ý nghĩa lâm sàng.,Nồng độ serotonin huyết tương giảm nhẹ so với tham chiếu.,Không có xét nghiệm bổ sung.,F32.2 - Giai đoạn trầm cảm nặng không có triệu chứng loạn thần,Rối loạn lưỡng cực giai đoạn trầm cảm; Rối loạn lo âu lan tỏa,Venlafaxine 75mg/ngày; Zopiclone 7.5mg khi mất ngủ,22,yes,no,yes,yes,yes,no,yes,no,no,yes,no,no,no,yes,no,yes,yes,no,no,normal,yes,yes,yes,no,no,no,no,no,no,no,yes,no,no,no,yes,no,yes,no,no,yes,"Diễn biến ổn định, dung nạp thuốc tốt.",yes,yes,no,yes,no,yes,yes,no,yes,yes,no,normal,regular,yes,no,no,no,yes,no,yes,no,overdose|pesticide
BA0014,2026-01-11,Béo,Bình thường,49,178,87,36.9,105/65,"Nhịp tim đều, T1 T2 rõ, không nghe tiếng thổi bệnh lý.","Lồng ngực cân đối, rì rào phế nang êm dịu hai bên, không rale.","Bụng mềm, không chướng, gan lách không sờ thấy, đại tiện bình thường.","Hai thận không sờ thấy, không đau vùng thắt lưng, tiểu tiện bình thường.","Không có dấu hiệu thần kinh khu trú, phản xạ gân xương hai bên đều.","Tai mũi họng, răng hàm mặt chưa phát hiện bất thường.",limited,natural,untidy,sad|anxious|apathetic,Triệu chứng thuyên giảm so với lần khám trước.,disordered,disordered,normal,normal,"Bệnh nhân tiếp xúc được, trả lời chậm, cần gợi ý nhiều.",,,,"Bệnh nhân tiếp xúc được, trả lời chậm, cần gợi ý nhiều.",,,,,"Diễn biến ổn định, dung nạp thuốc tốt.",,,,,"Bệnh nhân tiếp xúc được, trả lời chậm, cần gợi ý nhiều.",normal|distractible,"Bệnh nhân tiếp xúc được, trả lời chậm, cần gợi ý nhiều.",normal,normal,decreased,none|anterograde|retrograde,Triệu chứng thuyên giảm so với lần khám trước.,dementia,"Bệnh nhân hợp tác kém, cần người nhà hỗ trợ khai thác.",,,,,,5.28,113,5.0,60,40,5,5.2,4.3,84,32,50,34,"Nhịp xoang đều, tần số 78 ck/phút, không rối loạn dẫn truyền.","Sóng alpha chiếm ưu thế vùng chẩm, không ghi nhận sóng kịch phát.","Nhu mô não không thấy tổn thương khu trú, hệ thống não thất không giãn.",Điện não đồ trong giới hạn bình thường.,Chỉ số vân tay trong giới hạn tham chiếu.,Vận nhãn theo dõi mục tiêu có gián đoạn nhẹ.,Chưa phát hiện đột biến có ý nghĩa lâm sàng.,Nồng độ serotonin huyết tương giảm nhẹ so với tham chiếu.,Không có xét nghiệm bổ sung.,F32.2 - Giai đoạn trầm cảm nặng không có triệu chứng loạn thần,Rối loạn lưỡng cực giai đoạn trầm cảm; Rối loạn lo âu lan tỏa,Fluoxetine 20mg/ngày; Olanzapine 5mg buổi tối,21,yes,no,yes,yes,yes,no,no,no,no,yes,no,no,no,yes,yes,yes,yes,no,no,normal,yes,yes,yes,yes,yes,no,no,no,yes,yes,yes,yes,no,no,no,yes,no,yes,yes,yes,"Bệnh nhân hợp tác kém, cần người nhà hỗ trợ khai thác.",no,no,no,no,no,no,yes,yes,no,no,yes,normal,regular,yes,no,no,no,yes,no,no,no,hanging|jumping|well_jumping
BA0014,2025-12-07,Gầy,Bình thường,56,167,68,36.4,125/85,"Nhịp tim đều, T1 T2 rõ, không nghe tiếng thổi bệnh lý.","Lồng ngực cân đối, rì rào phế nang êm dịu hai bên, không rale.","Bụng mềm, không chướng, gan lách không sờ thấy, đại tiện bình thường.","Hai thận không sờ thấy, không đau vùng thắt lưng, tiểu tiện bình thường.","Không có dấu hiệu thần kinh khu trú, phản xạ gân xương hai bên đều.","Tai mũi họng, răng hàm mặt chưa phát hiện bất thường.",limited,natural|tense|oppositional,tidy,tense|apathetic,"Bệnh nhân tiếp xúc được, trả lời chậm, cần gợi ý nhiều.",normal,disordered,disordered,disordered,Triệu chứng thuyên giảm so với lần khám trước.,,,,"Bệnh nhân tiếp xúc được, trả lời chậm, cần gợi ý nhiều.",,,,,"Bệnh nhân tiếp xúc được, trả lời chậm, cần gợi ý nhiều.",,,,,"Diễn biến ổn định, dung nạp thuốc tốt.",normal|distractible|hyperattention,"Bệnh nhân tiếp xúc được, trả lời chậm, cần gợi ý nhiều.",normal,normal,decreased,global,"Bệnh nhân hợp tác kém, cần người nhà hỗ trợ khai thác.",dementia,Triệu chứng thuyên giảm so với lần khám trước.,,,,,,5.22,111,6.5,53,39,7,5.3,6.1,97,36,33,33,"Nhịp xoang đều, tần số 78 ck/phút, không rối loạn dẫn truyền.","Sóng alpha chiếm ưu thế vùng chẩm, không ghi nhận sóng kịch phát.","Nhu mô não không thấy tổn thương khu trú, hệ thống não thất không giãn.",Điện não đồ trong giới hạn bình thường.,Chỉ số vân tay trong giới hạn tham chiếu.,Vận nhãn theo dõi mục tiêu có gián đoạn nhẹ.,Chưa phát hiện đột biến có ý nghĩa lâm sàng.,Nồng độ serotonin huyết tương giảm nhẹ so với tham chiếu.,Không có xét nghiệm bổ sung.,F32.1 - Giai đoạn trầm cảm vừa,Rối loạn lưỡng cực giai đoạn trầm cảm; Rối loạn lo âu lan tỏa,Sertraline 50mg/ngày; Mirtazapine 15mg buổi tối,13,yes,no,no,yes,yes,no,yes,yes,no,yes,no,yes,no,yes,no,no,no,no,yes,normal,yes,yes,yes,no,no,no,no,no,no,yes,no,no,no,no,no,no,yes,yes,no,no,"Bệnh nhân hợp tác kém, cần người nhà hỗ trợ khai thác.",no,no,yes,yes,yes,yes,yes,no,yes,no,no,normal,amenorrhea,yes,no,no,no,no,no,no,no,hanging|biting_head_banging|pesticide
BA0014,2025-10-24,Khá,Bình thường,47,157,87,37.2,110/70,"Nhịp tim đều, T1 T2 rõ, không nghe tiếng thổi bệnh lý.","Lồng ngực cân đối, rì rào phế nang êm dịu hai bên, không rale.","Bụng mềm, không chướng, gan lách không sờ thấy, đại tiện bình thường.","Hai thận không sờ thấy, không đau vùng thắt lưng, tiểu tiện bình thường.","Không liệt khu trú, không hội chứng màng não, đồng tử hai bên đều.","Tai mũi họng, răng hàm mặt chưa phát hiện bất thường.",uncooperative,tense|oppositional,tidy|untidy,normal,"Diễn biến ổn định, dung nạp thuốc tốt.",normal,disordered,normal,normal,Triệu chứng thuyên giảm so với lần khám trước.,,,,"Bệnh nhân tiếp xúc được, trả lời chậm, cần gợi ý nhiều.",,,,,"Diễn biến ổn định, dung nạp thuốc tốt.",,,,,Triệu chứng thuyên giảm so với lần khám trước.,normal|poor_concentration|hard_sustain,"Bệnh nhân hợp tác kém, cần người nhà hỗ trợ khai thác.",normal,decreased,decreased,none|anterograde|retrograde,"Bệnh nhân hợp tác kém, cần người nhà hỗ trợ khai thác.",normal,"Bệnh nhân hợp tác kém, cần người nhà hỗ trợ khai thác.",,,,,,4.22,154,6.3,63,35,3,5.8,6.6,67,35,48,36,"Nhịp xoang đều, tần số 78 ck/phút, không rối loạn dẫn truyền.","Sóng alpha chiếm ưu thế vùng chẩm, không ghi nhận sóng kịch phát.","Nhu mô não không thấy tổn thương khu trú, hệ thống não thất không giãn.",Điện não đồ trong giới hạn bình thường.,Chỉ số vân tay trong giới hạn tham chiếu.,Vận nhãn theo dõi mục tiêu có gián đoạn nhẹ.,Chưa phát hiện đột biến có ý nghĩa lâm sàng.,Nồng độ serotonin huyết tương giảm nhẹ so với tham chiếu.,Không có xét nghiệm bổ sung.,F32.2 - Giai đoạn trầm cảm nặng không có triệu chứng loạn thần,Rối loạn lưỡng cực giai đoạn trầm cảm; Rối loạn lo âu lan tỏa,Venlafaxine 75mg/ngày; Zopiclone 7.5mg khi mất ngủ,16,yes,no,yes,yes,yes,no,yes,no,no,yes,no,no,yes,yes,no,yes,no,yes,yes,normal,yes,yes,no,yes,no,yes,yes,no,yes,no,no,no,yes,no,yes,no,yes,no,no,no,"Bệnh nhân hợp tác kém, cần người nhà hỗ trợ khai thác.",yes,yes,no,no,no,yes,yes,yes,yes,yes,no,decreased,amenorrhea,yes,no,no,no,no,yes,no,no,hanging|overdose|pesticide
BA0014,2025-09-21,Gầy,Bình thường,70,151,93,37.0,120/80,"Nhịp tim đều, T1 T2 rõ, không nghe tiếng thổi bệnh lý.","Lồng ngực cân đối, rì rào phế nang êm dịu hai bên, không rale.","Bụng mềm, không chướng, gan lách không sờ thấy, đại tiện bình thường.","Hai thận không sờ thấy, không đau vùng thắt lưng, tiểu tiện bình thường.","Không liệt khu trú, không hội chứng màng não, đồng tử hai bên đều.","Tai mũi họng, răng hàm mặt chưa phát hiện bất thường.",cooperative,natural|indifferent|tense,tidy|untidy,normal|sad|apathetic,"Bệnh nhân tiếp xúc được, trả lời chậm, cần gợi ý nhiều.",normal,normal,normal,disordered,Triệu chứng thuyên giảm so với lần khám trước.,,,,"Diễn biến ổn định, dung nạp thuốc tốt.",,,,,Triệu chứng thuyên giảm so với lần khám trước.,,,,,"Bệnh nhân tiếp xúc được, trả lời chậm, cần gợi ý nhiều.",hard_sustain,"Bệnh nhân tiếp xúc được, trả lời chậm, cần gợi ý nhiều.",decreased,normal,decreased,none|anterograde,"Bệnh nhân hợp tác kém, cần người nhà hỗ trợ khai thác.",normal,Triệu chứng thuyên giảm so với lần khám trước.,,,,,,4.39,152,7.5,70,38,7,4.8,6.1,98,45,46,33,"Nhịp xoang đều, tần số 78 ck/phút, không rối loạn dẫn truyền.","Sóng alpha chiếm ưu thế vùng chẩm, không ghi nhận sóng kịch phát.","Nhu mô não không thấy tổn thương khu trú, hệ thống não thất không giãn.",Điện não đồ trong giới hạn bình thường.,Chỉ số vân tay trong giới hạn tham chiếu.,Vận nhãn theo dõi mục tiêu có gián đoạn nhẹ.,Chưa phát hiện đột biến có ý nghĩa lâm sàng.,Nồng độ serotonin huyết tương giảm nhẹ so với tham chiếu.,Không có xét nghiệm bổ sung.,F32.2 - Giai đoạn trầm cảm nặng không có triệu chứng loạn thần,Rối loạn lưỡng cực giai đoạn trầm cảm; Rối loạn lo âu lan tỏa,Fluoxetine 20mg/ngày; Olanzapine 5mg buổi tối,34,yes,no,yes,no,yes,no,yes,no,no,yes,no,no,yes,no,no,no,no,no,yes,normal,yes,no,no,no,yes,no,yes,no,no,no,no,no,no,yes,no,no,no,no,yes,no,"Diễn biến ổn định, dung nạp thuốc tốt.",yes,no,no,yes,yes,yes,yes,no,yes,no,no,decreased,amenorrhea,yes,no,no,no,no,no,no,no,hanging|biting_head_banging
BA0014,2025-08-22,Gầy,Bình thường,71,175,86,37.4,130/80,"Nhịp tim đều, T1 T2 rõ, không nghe tiếng thổi bệnh lý.","Lồng ngực cân đối, rì rào phế nang êm dịu hai bên, không rale.","Bụng mềm, không chướng, gan lách không sờ thấy, đại tiện bình thường.","Hai thận không sờ thấy, không đau vùng thắt lưng, tiểu tiện bình thường.","Không liệt khu trú, không hội chứng màng não, đồng tử hai bên đều.","Tai mũi họng, răng hàm mặt chưa phát hiện bất thường.",limited,natural|avoidant,tidy|untidy,normal,"Diễn biến ổn định, dung nạp thuốc tốt.",normal,disordered,disordered,disordered,"Diễn biến ổn định, dung nạp thuốc tốt.",,,,Triệu chứng thuyên giảm so với lần khám trước.,,,,,"Bệnh nhân hợp tác kém, cần người nhà hỗ trợ khai thác.",,,,,"Bệnh nhân tiếp xúc được, trả lời chậm, cần gợi ý nhiều.",normal|distractible,"Bệnh nhân hợp tác kém, cần người nhà hỗ trợ khai thác.",normal,decreased,normal,none|anterograde|global,"Bệnh nhân hợp tác kém, cần người nhà hỗ trợ khai thác.",retardation,"Bệnh nhân tiếp xúc được, trả lời chậm, cần gợi ý nhiều.",,,,,,4.76,157,8.3,45,23,7,4.4,6.9,64,40,47,51,"Nhịp xoang đều, tần số 78 ck/phút, không rối loạn dẫn truyền.","Sóng alpha chiếm ưu thế vùng chẩm, không ghi nhận sóng kịch phát.","Nhu mô não không thấy tổn thương khu trú, hệ thống não thất không giãn.",Điện não đồ trong giới hạn bình thường.,Chỉ số vân tay trong giới hạn tham chiếu.,Vận nhãn theo dõi mục tiêu có gián đoạn nhẹ.,Chưa phát hiện đột biến có ý nghĩa lâm sàng.,Nồng độ serotonin huyết tương giảm nhẹ so với tham chiếu.,Không có xét nghiệm bổ sung.,F32.2 - Giai đoạn trầm cảm nặng không có triệu chứng loạn thần,Rối loạn lưỡng cực giai đoạn trầm cảm; Rối loạn lo âu lan tỏa,Sertraline 50mg/ngày; Mirtazapine 15mg buổi tối,13,yes,no,yes,no,no,no,yes,no,no,no,no,no,no,yes,no,yes,no,no,no,normal,yes,yes,no,no,no,no,yes,no,no,no,no,no,yes,no,yes,no,yes,no,yes,yes,"Bệnh nhân hợp tác kém, cần người nhà hỗ trợ khai thác.",yes,yes,no,no,yes,yes,yes,no,no,yes,no,decreased,amenorrhea,yes,no,no,no,yes,no,no,no,hanging|biting_head_banging|pesticide
BA0015,2026-06-06,Suy kiệt nhẹ,Bình thường,71,179,80,36.2,125/85,"Nhịp tim đều, T1 T2 rõ, không nghe tiếng thổi bệnh lý.","Lồng ngực cân đối, rì rào phế nang êm dịu hai bên, không rale.","Bụng mềm, không chướng, gan lách không sờ thấy, đại tiện bình thường.","Hai thận không sờ thấy, không đau vùng thắt lưng, tiểu tiện bình thường.","Không có dấu hiệu thần kinh khu trú, phản xạ gân xương hai bên đều.","Tai mũi họng, răng hàm mặt chưa phát hiện bất thường.",limited,tense,tidy,apathetic,"Bệnh nhân tiếp xúc được, trả lời chậm, cần gợi ý nhiều.",disordered,disordered,disordered,disordered,"Diễn biến ổn định, dung nạp thuốc tốt.",,,,"Diễn biến ổn định, dung nạp thuốc tốt.",,,,,"Diễn biến ổn định, dung nạp thuốc tốt.",,,,,"Bệnh nhân hợp tác kém, cần người nhà hỗ trợ khai thác.",normal|hard_sustain,"Diễn biến ổn định, dung nạp thuốc tốt.",normal,decreased,decreased,anterograde|global,"Diễn biến ổn định, dung nạp thuốc tốt.",dementia,"Bệnh nhân tiếp xúc được, trả lời chậm, cần gợi ý nhiều.",,,,,,5.24,150,8.7,57,28,7,6.4,3.8,88,35,47,25,"Nhịp xoang đều, tần số 78 ck/phút, không rối loạn dẫn truyền.","Sóng alpha chiếm ưu thế vùng chẩm, không ghi nhận sóng kịch phát.","Nhu mô não không thấy tổn thương khu trú, hệ thống não thất không giãn.",Điện não đồ trong giới hạn bình thường.,Chỉ số vân tay trong giới hạn tham chiếu.,Vận nhãn theo dõi mục tiêu có gián đoạn nhẹ.,Chưa phát hiện đột biến có ý nghĩa lâm sàng.,Nồng độ serotonin huyết tương giảm nhẹ so với tham chiếu.,Không có xét nghiệm bổ sung.,F32.1 - Giai đoạn trầm cảm vừa,Rối loạn lưỡng cực giai đoạn trầm cảm; Rối loạn lo âu lan tỏa,Sertraline 50mg/ngày; Mirtazapine 15mg buổi tối,30,yes,yes,yes,yes,yes,no,yes,yes,no,yes,no,no,no,no,no,yes,no,yes,no,normal,yes,yes,no,no,no,yes,no,no,no,no,no,no,no,no,no,no,yes,no,no,no,"Bệnh nhân tiếp xúc được, trả lời chậm, cần gợi ý nhiều.",no,no,no,no,no,yes,yes,no,yes,yes,yes,normal,amenorrhea,no,no,no,no,yes,no,no,no,biting_head_banging|well_jumping|pesticide
BA0015,2026-04-26,Trung bình,Hồng hào,62,176,92,36.7,120/80,"Nhịp tim đều, T1 T2 rõ, không nghe tiếng thổi bệnh lý.","Lồng ngực cân đối, rì rào phế nang êm dịu hai bên, không rale.","Bụng mềm, không chướng, gan lách không sờ thấy, đại tiện bình thường.","Hai thận không sờ thấy, không đau vùng thắt lưng, tiểu tiện bình thường.","Không có dấu hiệu thần kinh khu trú, phản xạ gân xương hai bên đều.","Tai mũi họng, răng hàm mặt chưa phát hiện bất thường.",limited,oppositional,tidy,tense,Triệu chứng thuyên giảm so với lần khám trước.,normal,normal,disordered,disordered,Triệu chứng thuyên giảm so với lần khám trước.,,,,"Bệnh nhân hợp tác kém, cần người nhà hỗ trợ khai thác.",,,,,"Bệnh nhân tiếp xúc được, trả lời chậm, cần gợi ý nhiều.",,,,,"Diễn biến ổn định, dung nạp thuốc tốt.",distractible|hyperattention,Triệu chứng thuyên giảm so với lần khám trước.,decreased,normal,decreased,anterograde|retrograde,"Bệnh nhân hợp tác kém, cần người nhà hỗ trợ khai thác.",normal,"Bệnh nhân tiếp xúc được, trả lời chậm, cần gợi ý nhiều.",,,,,,4.41,112,4.5,64,31,4,6.0,3.4,85,20,26,56,"Nhịp xoang đều, tần số 78 ck/phút, không rối loạn dẫn truyền.","Sóng alpha chiếm ưu thế vùng chẩm, không ghi nhận sóng kịch phát.","Nhu mô não không thấy tổn thương khu trú, hệ thống não thất không giãn.",Điện não đồ trong giới hạn bình thường.,Chỉ số vân tay trong giới hạn tham chiếu.,Vận nhãn theo dõi mục tiêu có gián đoạn nhẹ.,Chưa phát hiện đột biến có ý nghĩa lâm sàng.,Nồng độ serotonin huyết tương giảm nhẹ so với tham chiếu.,Không có xét nghiệm bổ sung.,F32.1 - Giai đoạn trầm cảm vừa,Rối loạn lưỡng cực giai đoạn trầm cảm; Rối loạn lo âu lan tỏa,Fluoxetine 20mg/ngày; Olanzapine 5mg buổi tối,10,no,no,yes,yes,no,no,yes,no,no,no,yes,no,no,yes,no,yes,no,no,yes,normal,yes,yes,yes,yes,no,no,no,no,no,no,yes,no,yes,no,yes,yes,no,yes,no,no,"Bệnh nhân hợp tác kém, cần người nhà hỗ trợ khai thác.",yes,no,no,no,no,yes,no,no,no,no,no,normal,regular,yes,yes,no,no,yes,no,no,yes,well_jumping
BA0015,2026-03-13,Béo,Nhợt nhạt nhẹ,52,166,92,37.3,120/80,"Nhịp tim đều, T1 T2 rõ, không nghe tiếng thổi bệnh lý.","Lồng ngực cân đối, rì rào phế nang êm dịu hai bên, không rale.","Bụng mềm, không chướng, gan lách không sờ thấy, đại tiện bình thường.","Hai thận không sờ thấy, không đau vùng thắt lưng, tiểu tiện bình thường.","Không liệt khu trú, không hội chứng màng não, đồng tử hai bên đều.","Tai mũi họng, răng hàm mặt chưa phát hiện bất thường.",uncooperative,indifferent|tense,untidy,sad|anxious,"Bệnh nhân hợp tác kém, cần người nhà hỗ trợ khai thác.",disordered,normal,normal,disordered,"Bệnh nhân tiếp xúc được, trả lời chậm, cần gợi ý nhiều.",,,,"Bệnh nhân tiếp xúc được, trả lời chậm, cần gợi ý nhiều.",,,,,Triệu chứng thuyên giảm so với lần khám trước.,,,,,"Bệnh nhân hợp tác kém, cần người nhà hỗ trợ khai thác.",poor_concentration|distractible|hyperattention,"Bệnh nhân tiếp xúc được, trả lời chậm, cần gợi ý nhiều.",normal,decreased,decreased,none,"Bệnh nhân tiếp xúc được, trả lời chậm, cần gợi ý nhiều.",retardation,"Bệnh nhân tiếp xúc được, trả lời chậm, cần gợi ý nhiều.",,,,,,3.84,129,8.9,59,37,3,6.0,3.7,85,30,32,27,"Nhịp xoang đều, tần số 78 ck/phút, không rối loạn dẫn truyền.","Sóng alpha chiếm ưu thế vùng chẩm, không ghi nhận sóng kịch phát.","Nhu mô não không thấy tổn thương khu trú, hệ thống não thất không giãn.",Điện não đồ trong giới hạn bình thường.,Chỉ số vân tay trong giới hạn tham chiếu.,Vận nhãn theo dõi mục tiêu có gián đoạn nhẹ.,Chưa phát hiện đột biến có ý nghĩa lâm sàng.,Nồng độ serotonin huyết tương giảm nhẹ so với tham chiếu.,Không có xét nghiệm bổ sung.,F32.1 - Giai đoạn trầm cảm vừa,Rối loạn lưỡng cực giai đoạn trầm cảm; Rối loạn lo âu lan tỏa,Venlafaxine 75mg/ngày; Zopiclone 7.5mg khi mất ngủ,17,yes,no,no,yes,yes,no,yes,yes,yes,yes,no,no,no,no,yes,yes,no,no,no,normal,no,no,no,no,no,no,yes,no,no,no,no,yes,yes,no,yes,no,yes,yes,yes,no,Triệu chứng thuyên giảm so với lần khám trước.,no,no,no,no,no,yes,no,no,no,yes,no,increased,irregular,yes,no,yes,no,yes,no,no,no,overdose|pesticide
BA0015,2026-02-19,Khá,Nhợt nhạt nhẹ,77,173,64,36.7,115/75,"Nhịp tim đều, T1 T2 rõ, không nghe tiếng thổi bệnh lý.","Lồng ngực cân đối, rì rào phế nang êm dịu hai bên, không rale.","Bụng mềm, không chướng, gan lách không sờ thấy, đại tiện bình thường.","Hai thận không sờ thấy, không đau vùng thắt lưng, tiểu tiện bình thường.","Không liệt khu trú, không hội chứng màng não, đồng tử hai bên đều.","Tai mũi họng, răng hàm mặt chưa phát hiện bất thường.",cooperative,tense,tidy|untidy,normal|tense,Triệu chứng thuyên giảm so với lần khám trước.,disordered,disordered,disordered,normal,"Bệnh nhân hợp tác kém, cần người nhà hỗ trợ khai thác.",,,,"Bệnh nhân hợp tác kém, cần người nhà hỗ trợ khai thác.",,,,,Triệu chứng thuyên giảm so với lần khám trước.,,,,,"Bệnh nhân tiếp xúc được, trả lời chậm, cần gợi ý nhiều.",normal|distractible,"Diễn biến ổn định, dung nạp thuốc tốt.",decreased,decreased,normal,none|retrograde,"Diễn biến ổn định, dung nạp thuốc tốt.",retardation,Triệu chứng thuyên giảm so với lần khám trước.,,,,,,4.6,124,9.6,70,39,5,5.7,6.1,65,26,48,28,"Nhịp xoang đều, tần số 78 ck/phút, không rối loạn dẫn truyền.","Sóng alpha chiếm ưu thế vùng chẩm, không ghi nhận sóng kịch phát.","Nhu mô não không thấy tổn thương khu trú, hệ thống não thất không giãn.",Điện não đồ trong giới hạn bình thường.,Chỉ số vân tay trong giới hạn tham chiếu.,Vận nhãn theo dõi mục tiêu có gián đoạn nhẹ.,Chưa phát hiện đột biến có ý nghĩa lâm sàng.,Nồng độ serotonin huyết tương giảm nhẹ so với tham chiếu.,Không có xét nghiệm bổ sung.,F32.3 - Giai đoạn trầm cảm nặng có triệu chứng loạn thần,Rối loạn lưỡng cực giai đoạn trầm cảm; Rối loạn lo âu lan tỏa,Fluoxetine 20mg/ngày; Olanzapine 5mg buổi tối,25,yes,no,yes,no,yes,no,yes,no,yes,yes,no,no,no,no,yes,yes,no,yes,yes,normal,yes,yes,no,no,no,yes,no,no,no,no,no,no,no,no,no,no,no,no,yes,no,"Bệnh nhân tiếp xúc được, trả lời chậm, cần gợi ý nhiều.",no,no,no,yes,no,yes,yes,no,yes,no,no,decreased,amenorrhea,yes,no,no,no,no,yes,no,no,jumping|well_jumping
BA0015,2026-01-16,Béo,Hồng hào,68,174,76,37.4,120/80,"Nhịp tim đều, T1 T2 rõ, không nghe tiếng thổi bệnh lý.","Lồng ngực cân đối, rì rào phế nang êm dịu hai bên, không rale.","Bụng mềm, không chướng, gan lách không sờ thấy, đại tiện bình thường.","Hai thận không sờ thấy, không đau vùng thắt lưng, tiểu tiện bình thường.","Không có dấu hiệu thần kinh khu trú, phản xạ gân xương hai bên đều.","Tai mũi họng, răng hàm mặt chưa phát hiện bất thường.",limited,indifferent|avoidant|tense,untidy,normal|tense|apathetic,"Bệnh nhân tiếp xúc được, trả lời chậm, cần gợi ý nhiều.",disordered,normal,disordered,disordered,"Bệnh nhân tiếp xúc được, trả lời chậm, cần gợi ý nhiều.",,,,"Bệnh nhân tiếp xúc được, trả lời chậm, cần gợi ý nhiều.",,,,,Triệu chứng thuyên giảm so với lần khám trước.,,,,,"Diễn biến ổn định, dung nạp thuốc tốt.",hard_sustain|hyperattention,"Bệnh nhân tiếp xúc được, trả lời chậm, cần gợi ý nhiều.",normal,decreased,decreased,none|global,"Bệnh nhân hợp tác kém, cần người nhà hỗ trợ khai thác.",retardation,"Bệnh nhân tiếp xúc được, trả lời chậm, cần gợi ý nhiều.",,,,,,4.03,118,5.1,57,26,5,4.7,5.2,97,45,51,17,"Nhịp xoang đều, tần số 78 ck/phút, không rối loạn dẫn truyền.","Sóng alpha chiếm ưu thế vùng chẩm, không ghi nhận sóng kịch phát.","Nhu mô não không thấy tổn thương khu trú, hệ thống não thất không giãn.",Điện não đồ trong giới hạn bình thường.,Chỉ số vân tay trong giới hạn tham chiếu.,Vận nhãn theo dõi mục tiêu có gián đoạn nhẹ.,Chưa phát hiện đột biến có ý nghĩa lâm sàng.,Nồng độ serotonin huyết tương giảm nhẹ so với tham chiếu.,Không có xét nghiệm bổ sung.,F32.1 - Giai đoạn trầm cảm vừa,Rối loạn lưỡng cực giai đoạn trầm cảm; Rối loạn lo âu lan tỏa,Venlafaxine 75mg/ngày; Zopiclone 7.5mg khi mất ngủ,30,no,no,no,yes,yes,no,yes,no,no,yes,no,no,no,yes,no,no,yes,no,yes,normal,no,yes,yes,yes,no,no,yes,no,no,no,no,no,no,yes,no,no,no,no,yes,yes,Triệu chứng thuyên giảm so với lần khám trước.,yes,yes,yes,no,no,yes,yes,no,no,no,no,normal,amenorrhea,yes,no,yes,yes,no,yes,no,no,wrist_cutting
BA0015,2025-12-26,Khá,Bình thường,70,171,92,36.9,125/85,"Nhịp tim đều, T1 T2 rõ, không nghe tiếng thổi bệnh lý.","Lồng ngực cân đối, rì rào phế nang êm dịu hai bên, không rale.","Bụng mềm, không chướng, gan lách không sờ thấy, đại tiện bình thường.","Hai thận không sờ thấy, không đau vùng thắt lưng, tiểu tiện bình thường.","Không có dấu hiệu thần kinh khu trú, phản xạ gân xương hai bên đều.","Tai mũi họng, răng hàm mặt chưa phát hiện bất thường.",limited,natural|avoidant|oppositional,tidy,tense|apathetic,Triệu chứng thuyên giảm so với lần khám trước.,normal,normal,disordered,disordered,"Diễn biến ổn định, dung nạp thuốc tốt.",,,,"Bệnh nhân hợp tác kém, cần người nhà hỗ trợ khai thác.",,,,,"Diễn biến ổn định, dung nạp thuốc tốt.",,,,,"Bệnh nhân tiếp xúc được, trả lời chậm, cần gợi ý nhiều.",hard_sustain|hyperattention,Triệu chứng thuyên giảm so với lần khám trước.,normal,decreased,decreased,retrograde|global,Triệu chứng thuyên giảm so với lần khám trước.,retardation,"Bệnh nhân hợp tác kém, cần người nhà hỗ trợ khai thác.",,,,,,5.08,128,6.5,61,33,6,4.3,4.6,98,23,48,54,"Nhịp xoang đều, tần số 78 ck/phút, không rối loạn dẫn truyền.","Sóng alpha chiếm ưu thế vùng chẩm, không ghi nhận sóng kịch phát.","Nhu mô não không thấy tổn thương khu trú, hệ thống não thất không giãn.",Điện não đồ trong giới hạn bình thường.,Chỉ số vân tay trong giới hạn tham chiếu.,Vận nhãn theo dõi mục tiêu có gián đoạn nhẹ.,Chưa phát hiện đột biến có ý nghĩa lâm sàng.,Nồng độ serotonin huyết tương giảm nhẹ so với tham chiếu.,Không có xét nghiệm bổ sung.,F32.3 - Giai đoạn trầm cảm nặng có triệu chứng loạn thần,Rối loạn lưỡng cực giai đoạn trầm cảm; Rối loạn lo âu lan tỏa,Sertraline 50mg/ngày; Mirtazapine 15mg buổi tối,30,yes,no,yes,yes,yes,no,no,yes,yes,yes,no,yes,no,no,no,no,no,no,no,normal,yes,yes,no,no,no,no,no,no,no,no,no,no,no,yes,no,no,yes,no,no,no,"Bệnh nhân hợp tác kém, cần người nhà hỗ trợ khai thác.",yes,no,yes,no,no,yes,yes,yes,yes,no,yes,decreased,irregular,yes,yes,yes,yes,no,no,no,no,overdose|biting_head_banging|pesticide
BA0015,2025-11-24,Suy kiệt nhẹ,Bình thường,62,156,62,37.2,120/80,"Nhịp tim đều, T1 T2 rõ, không nghe tiếng thổi bệnh lý.","Lồng ngực cân đối, rì rào phế nang êm dịu hai bên, không rale.","Bụng mềm, không chướng, gan lách không sờ thấy, đại tiện bình thường.","Hai thận không sờ thấy, không đau vùng thắt lưng, tiểu tiện bình thường.","Không liệt khu trú, không hội chứng màng não, đồng tử hai bên đều.","Tai mũi họng, răng hàm mặt chưa phát hiện bất thường.",cooperative,avoidant|oppositional,tidy|untidy,anxious,Triệu chứng thuyên giảm so với lần khám trước.,disordered,disordered,disordered,disordered,"Bệnh nhân hợp tác kém, cần người nhà hỗ trợ khai thác.",,,,"Bệnh nhân hợp tác kém, cần người nhà hỗ trợ khai thác.",,,,,"Bệnh nhân hợp tác kém, cần người nhà hỗ trợ khai thác.",,,,,"Bệnh nhân hợp tác kém, cần người nhà hỗ trợ khai thác.",normal|poor_concentration|hard_sustain,"Bệnh nhân hợp tác kém, cần người nhà hỗ trợ khai thác.",decreased,decreased,decreased,anterograde|retrograde|global,"Bệnh nhân tiếp xúc được, trả lời chậm, cần gợi ý nhiều.",normal,"Bệnh nhân hợp tác kém, cần người nhà hỗ trợ khai thác.",,,,,,4.6,136,9.9,54,39,6,5.8,3.9,59,23,26,23,"Nhịp xoang đều, tần số 78 ck/phút, không rối loạn dẫn truyền.","Sóng alpha chiếm ưu thế vùng chẩm, không ghi nhận sóng kịch phát.","Nhu mô não không thấy tổn thương khu trú, hệ thống não thất không giãn.",Điện não đồ trong giới hạn bình thường.,Chỉ số vân tay trong giới hạn tham chiếu.,Vận nhãn theo dõi mục tiêu có gián đoạn nhẹ.,Chưa phát hiện đột biến có ý nghĩa lâm sàng.,Nồng độ serotonin huyết tương giảm nhẹ so với tham chiếu.,Không có xét nghiệm bổ sung.,F32.1 - Giai đoạn trầm cảm vừa,Rối loạn lưỡng cực giai đoạn trầm cảm; Rối loạn lo âu lan tỏa,Sertraline 50mg/ngày; Mirtazapine 15mg buổi tối,29,no,no,no,no,yes,yes,yes,no,no,yes,yes,yes,no,yes,no,yes,no,no,yes,normal,no,yes,yes,no,no,yes,no,no,yes,no,no,no,no,no,no,yes,no,no,no,no,"Diễn biến ổn định, dung nạp thuốc tốt.",yes,no,yes,no,no,no,no,no,yes,no,no,decreased,irregular,no,yes,yes,yes,no,no,yes,no,wrist_cutting|hanging|well_jumping
BA0015,2025-10-12,Khá,Kém hồng,74,166,84,37.1,115/75,"Nhịp tim đều, T1 T2 rõ, không nghe tiếng thổi bệnh lý.","Lồng ngực cân đối, rì rào phế nang êm dịu hai bên, không rale.","Bụng mềm, không chướng, gan lách không sờ thấy, đại tiện bình thường.","Hai thận không sờ thấy, không đau vùng thắt lưng, tiểu tiện bình thường.","Không liệt khu trú, không hội chứng màng não, đồng tử hai bên đều.","Tai mũi họng, răng hàm mặt chưa phát hiện bất thường.",cooperative,indifferent,tidy|untidy,anxious,"Bệnh nhân hợp tác kém, cần người nhà hỗ trợ khai thác.",disordered,normal,disordered,disordered,Triệu chứng thuyên giảm so với lần khám trước.,,,,"Diễn biến ổn định, dung nạp thuốc tốt.",,,,,"Bệnh nhân hợp tác kém, cần người nhà hỗ trợ khai thác.",,,,,Triệu chứng thuyên giảm so với lần khám trước.,poor_concentration,"Diễn biến ổn định, dung nạp thuốc tốt.",normal,normal,decreased,none,Triệu chứng thuyên giảm so với lần khám trước.,dementia,Triệu chứng thuyên giảm so với lần khám trước.,,,,,,4.09,128,9.1,52,25,8,4.5,4.3,64,37,35,47,"Nhịp xoang đều, tần số 78 ck/phút, không rối loạn dẫn truyền.","Sóng alpha chiếm ưu thế vùng chẩm, không ghi nhận sóng kịch phát.","Nhu mô não không thấy tổn thương khu trú, hệ thống não thất không giãn.",Điện não đồ trong giới hạn bình thường.,Chỉ số vân tay trong giới hạn tham chiếu.,Vận nhãn theo dõi mục tiêu có gián đoạn nhẹ.,Chưa phát hiện đột biến có ý nghĩa lâm sàng.,Nồng độ serotonin huyết tương giảm nhẹ so với tham chiếu.,Không có xét nghiệm bổ sung.,F32.2 - Giai đoạn trầm cảm nặng không có triệu chứng loạn thần,Rối loạn lưỡng cực giai đoạn trầm cảm; Rối loạn lo âu lan tỏa,Fluoxetine 20mg/ngày; Olanzapine 5mg buổi tối,19,no,yes,yes,yes,yes,yes,yes,yes,yes,no,yes,no,yes,no,yes,no,no,yes,no,normal,yes,yes,no,no,no,yes,yes,yes,no,no,no,no,no,no,no,no,no,no,no,no,"Diễn biến ổn định, dung nạp thuốc tốt.",yes,no,no,yes,no,yes,yes,yes,no,yes,no,normal,amenorrhea,no,no,no,no,no,no,yes,no,wrist_cutting|biting_head_banging|pesticide
BA0015,2025-09-20,Gầy,Bình thường,67,158,72,36.7,110/70,"Nhịp tim đều, T1 T2 rõ, không nghe tiếng thổi bệnh lý.","Lồng ngực cân đối, rì rào phế nang êm dịu hai bên, không rale.","Bụng mềm, không chướng, gan lách không sờ thấy, đại tiện bình thường.","Hai thận không sờ thấy, không đau vùng thắt lưng, tiểu tiện bình thường.","Không liệt khu trú, không hội chứng màng não, đồng tử hai bên đều.","Tai mũi họng, răng hàm mặt chưa phát hiện bất thường.",uncooperative,tense|oppositional,untidy,sad|anxious|apathetic,"Diễn biến ổn định, dung nạp thuốc tốt.",disordered,normal,normal,disordered,"Diễn biến ổn định, dung nạp thuốc tốt.",,,,Triệu chứng thuyên giảm so với lần khám trước.,,,,,"Bệnh nhân hợp tác kém, cần người nhà hỗ trợ khai thác.",,,,,"Bệnh nhân hợp tác kém, cần người nhà hỗ trợ khai thác.",normal|poor_concentration|hyperattention,"Bệnh nhân tiếp xúc được, trả lời chậm, cần gợi ý nhiều.",normal,decreased,normal,none|retrograde,"Diễn biến ổn định, dung nạp thuốc tốt.",normal,Triệu chứng thuyên giảm so với lần khám trước.,,,,,,3.83,132,5.5,64,39,5,5.2,5.5,100,25,37,22,"Nhịp xoang đều, tần số 78 ck/phút, không rối loạn dẫn truyền.","Sóng alpha chiếm ưu thế vùng chẩm, không ghi nhận sóng kịch phát.","Nhu mô não không thấy tổn thương khu trú, hệ thống não thất không giãn.",Điện não đồ trong giới hạn bình thường.,Chỉ số vân tay trong giới hạn tham chiếu.,Vận nhãn theo dõi mục tiêu có gián đoạn nhẹ.,Chưa phát hiện đột biến có ý nghĩa lâm sàng.,Nồng độ serotonin huyết tương giảm nhẹ so với tham chiếu.,Không có xét nghiệm bổ sung.,F32.1 - Giai đoạn trầm cảm vừa,Rối loạn lưỡng cực giai đoạn trầm cảm; Rối loạn lo âu lan tỏa,Fluoxetine 20mg/ngày; Olanzapine 5mg buổi tối,32,no,yes,no,yes,yes,no,yes,no,no,yes,no,no,no,yes,yes,yes,no,no,no,normal,yes,yes,no,no,no,no,no,yes,no,yes,no,no,no,yes,yes,no,yes,no,no,no,"Bệnh nhân tiếp xúc được, trả lời chậm, cần gợi ý nhiều.",yes,yes,no,no,no,no,yes,no,yes,no,no,decreased,regular,yes,yes,no,no,no,no,no,yes,wrist_cutting
BA0015,2025-08-18,Béo,Nhợt nhạt nhẹ,59,158,69,36.9,125/85,"Nhịp tim đều, T1 T2 rõ, không nghe tiếng thổi bệnh lý.","Lồng ngực cân đối, rì rào phế nang êm dịu hai bên, không rale.","Bụng mềm, không chướng, gan lách không sờ thấy, đại tiện bình thường.","Hai thận không sờ thấy, không đau vùng thắt lưng, tiểu tiện bình thường.","Không liệt khu trú, không hội chứng màng não, đồng tử hai bên đều.","Tai mũi họng, răng hàm mặt chưa phát hiện bất thường.",limited,avoidant,tidy|untidy,sad|anxious,"Bệnh nhân tiếp xúc được, trả lời chậm, cần gợi ý nhiều.",normal,disordered,disordered,normal,"Bệnh nhân hợp tác kém, cần người nhà hỗ trợ khai thác.",,,,"Bệnh nhân hợp tác kém, cần người nhà hỗ trợ khai thác.",,,,,"Bệnh nhân tiếp xúc được, trả lời chậm, cần gợi ý nhiều.",,,,,Triệu chứng thuyên giảm so với lần khám trước.,normal|hard_sustain,Triệu chứng thuyên giảm so với lần khám trước.,normal,decreased,decreased,none,Triệu chứng thuyên giảm so với lần khám trước.,normal,"Bệnh nhân tiếp xúc được, trả lời chậm, cần gợi ý nhiều.",,,,,,4.17,119,8.2,46,34,7,6.0,3.3,67,20,37,57,"Nhịp xoang đều, tần số 78 ck/phút, không rối loạn dẫn truyền.","Sóng alpha chiếm ưu thế vùng chẩm, không ghi nhận sóng kịch phát.","Nhu mô não không thấy tổn thương khu trú, hệ thống não thất không giãn.",Điện não đồ trong giới hạn bình thường.,Chỉ số vân tay trong giới hạn tham chiếu.,Vận nhãn theo dõi mục tiêu có gián đoạn nhẹ.,Chưa phát hiện đột biến có ý nghĩa lâm sàng.,Nồng độ serotonin huyết tương giảm nhẹ so với tham chiếu.,Không có xét nghiệm bổ sung.,F32.2 - Giai đoạn trầm cảm nặng không có triệu chứng loạn thần,Rối loạn lưỡng cực giai đoạn trầm cảm; Rối loạn lo âu lan tỏa,Venlafaxine 75mg/ngày; Zopiclone 7.5mg khi mất ngủ,15,yes,no,yes,yes,yes,no,no,yes,no,yes,no,no,no,no,yes,no,no,no,yes,normal,yes,yes,no,no,yes,yes,no,yes,no,no,no,yes,yes,no,no,no,yes,no,no,no,"Bệnh nhân tiếp xúc được, trả lời chậm, cần gợi ý nhiều.",yes,no,no,no,no,yes,yes,yes,yes,no,yes,normal,amenorrhea,yes,no,no,no,no,no,no,no,wrist_cutting
BA0016,2026-07-07,Gầy,Bình thường,61,157,93,36.8,105/65,"Nhịp tim đều, T1 T2 rõ, không nghe tiếng thổi bệnh lý.","Lồng ngực cân đối, rì rào phế nang êm dịu hai bên, không rale.","Bụng mềm, không chướng, gan lách không sờ thấy, đại tiện bình thường.","Hai thận không sờ thấy, không đau vùng thắt lưng, tiểu tiện bình thường.","Không có dấu hiệu thần kinh khu trú, phản xạ gân xương hai bên đều.","Tai mũi họng, răng hàm mặt chưa phát hiện bất thường.",uncooperative,indifferent|oppositional,tidy|untidy,normal|sad,Triệu chứng thuyên giảm so với lần khám trước.,disordered,normal,disordered,normal,Triệu chứng thuyên giảm so với lần khám trước.,,,,Triệu chứng thuyên giảm so với lần khám trước.,,,,,Triệu chứng thuyên giảm so với lần khám trước.,,,,,"Diễn biến ổn định, dung nạp thuốc tốt.",distractible|hyperattention,"Diễn biến ổn định, dung nạp thuốc tốt.",normal,decreased,normal,none|anterograde|global,"Bệnh nhân tiếp xúc được, trả lời chậm, cần gợi ý nhiều.",normal,"Bệnh nhân hợp tác kém, cần người nhà hỗ trợ khai thác.",,,,,,5.41,153,6.7,57,39,4,5.9,6.8,79,44,28,21,"Nhịp xoang đều, tần số 78 ck/phút, không rối loạn dẫn truyền.","Sóng alpha chiếm ưu thế vùng chẩm, không ghi nhận sóng kịch phát.","Nhu mô não không thấy tổn thương khu trú, hệ thống não thất không giãn.",Điện não đồ trong giới hạn bình thường.,Chỉ số vân tay trong giới hạn tham chiếu.,Vận nhãn theo dõi mục tiêu có gián đoạn nhẹ.,Chưa phát hiện đột biến có ý nghĩa lâm sàng.,Nồng độ serotonin huyết tương giảm nhẹ so với tham chiếu.,Không có xét nghiệm bổ sung.,F32.3 - Giai đoạn trầm cảm nặng có triệu chứng loạn thần,Rối loạn lưỡng cực giai đoạn trầm cảm; Rối loạn lo âu lan tỏa,Sertraline 50mg/ngày; Mirtazapine 15mg buổi tối,9,no,yes,yes,no,yes,yes,yes,no,no,yes,no,yes,yes,no,no,no,no,no,no,normal,no,yes,yes,no,no,no,no,yes,no,no,yes,no,no,no,yes,no,no,no,yes,yes,"Diễn biến ổn định, dung nạp thuốc tốt.",yes,no,no,no,yes,yes,yes,yes,yes,no,no,decreased,irregular,yes,no,yes,yes,no,yes,no,yes,jumping
BA0016,2026-06-03,Suy kiệt nhẹ,Hồng hào,55,172,91,36.4,120/80,"Nhịp tim đều, T1 T2 rõ, không nghe tiếng thổi bệnh lý.","Lồng ngực cân đối, rì rào phế nang êm dịu hai bên, không rale.","Bụng mềm, không chướng, gan lách không sờ thấy, đại tiện bình thường.","Hai thận không sờ thấy, không đau vùng thắt lưng, tiểu tiện bình thường.","Không liệt khu trú, không hội chứng màng não, đồng tử hai bên đều.","Tai mũi họng, răng hàm mặt chưa phát hiện bất thường.",limited,indifferent|oppositional,tidy|untidy,sad|tense,"Bệnh nhân tiếp xúc được, trả lời chậm, cần gợi ý nhiều.",disordered,normal,disordered,normal,"Bệnh nhân tiếp xúc được, trả lời chậm, cần gợi ý nhiều.",,,,"Bệnh nhân tiếp xúc được, trả lời chậm, cần gợi ý nhiều.",,,,,"Bệnh nhân tiếp xúc được, trả lời chậm, cần gợi ý nhiều.",,,,,"Bệnh nhân hợp tác kém, cần người nhà hỗ trợ khai thác.",distractible,"Bệnh nhân hợp tác kém, cần người nhà hỗ trợ khai thác.",normal,normal,normal,none|retrograde|global,"Bệnh nhân hợp tác kém, cần người nhà hỗ trợ khai thác.",normal,"Diễn biến ổn định, dung nạp thuốc tốt.",,,,,,5.21,142,5.1,71,34,6,5.7,4.3,65,23,50,37,"Nhịp xoang đều, tần số 78 ck/phút, không rối loạn dẫn truyền.","Sóng alpha chiếm ưu thế vùng chẩm, không ghi nhận sóng kịch phát.","Nhu mô não không thấy tổn thương khu trú, hệ thống não thất không giãn.",Điện não đồ trong giới hạn bình thường.,Chỉ số vân tay trong giới hạn tham chiếu.,Vận nhãn theo dõi mục tiêu có gián đoạn nhẹ.,Chưa phát hiện đột biến có ý nghĩa lâm sàng.,Nồng độ serotonin huyết tương giảm nhẹ so với tham chiếu.,Không có xét nghiệm bổ sung.,F32.3 - Giai đoạn trầm cảm nặng có triệu chứng loạn thần,Rối loạn lưỡng cực giai đoạn trầm cảm; Rối loạn lo âu lan tỏa,Fluoxetine 20mg/ngày; Olanzapine 5mg buổi tối,35,yes,no,no,no,no,yes,yes,no,no,yes,no,yes,no,no,no,no,no,no,no,normal,no,yes,yes,yes,yes,no,no,no,no,no,no,no,no,yes,yes,no,yes,yes,no,no,"Bệnh nhân tiếp xúc được, trả lời chậm, cần gợi ý nhiều.",yes,yes,no,no,no,yes,yes,no,yes,no,no,normal,regular,yes,no,yes,no,yes,no,no,no,wrist_cutting|jumping|pesticide
BA0016,2026-05-09,Béo,Bình thường,59,177,84,36.9,105/65,"Nhịp tim đều, T1 T2 rõ, không nghe tiếng thổi bệnh lý.","Lồng ngực cân đối, rì rào phế nang êm dịu hai bên, không rale.","Bụng mềm, không chướng, gan lách không sờ thấy, đại tiện bình thường.","Hai thận không sờ thấy, không đau vùng thắt lưng, tiểu tiện bình thường.","Không có dấu hiệu thần kinh khu trú, phản xạ gân xương hai bên đều.","Tai mũi họng, răng hàm mặt chưa phát hiện bất thường.",cooperative,indifferent|tense|oppositional,untidy,normal|anxious|tense,"Bệnh nhân hợp tác kém, cần người nhà hỗ trợ khai thác.",normal,normal,disordered,disordered,"Diễn biến ổn định, dung nạp thuốc tốt.",,,,Triệu chứng thuyên giảm so với lần khám trước.,,,,,"Diễn biến ổn định, dung nạp thuốc tốt.",,,,,"Bệnh nhân tiếp xúc được, trả lời chậm, cần gợi ý nhiều.",normal|hyperattention,Triệu chứng thuyên giảm so với lần khám trước.,decreased,normal,normal,anterograde|retrograde,Triệu chứng thuyên giảm so với lần khám trước.,dementia,Triệu chứng thuyên giảm so với lần khám trước.,,,,,,4.37,141,4.7,54,33,5,4.3,5.7,63,20,18,42,"Nhịp xoang đều, tần số 78 ck/phút, không rối loạn dẫn truyền.","Sóng alpha chiếm ưu thế vùng chẩm, không ghi nhận sóng kịch phát.","Nhu mô não không thấy tổn thương khu trú, hệ thống não thất không giãn.",Điện não đồ trong giới hạn bình thường.,Chỉ số vân tay trong giới hạn tham chiếu.,Vận nhãn theo dõi mục tiêu có gián đoạn nhẹ.,Chưa phát hiện đột biến có ý nghĩa lâm sàng.,Nồng độ serotonin huyết tương giảm nhẹ so với tham chiếu.,Không có xét nghiệm bổ sung.,F32.1 - Giai đoạn trầm cảm vừa,Rối loạn lưỡng cực giai đoạn trầm cảm; Rối loạn lo âu lan tỏa,Fluoxetine 20mg/ngày; Olanzapine 5mg buổi tối,9,yes,no,yes,yes,yes,no,yes,yes,no,yes,no,yes,yes,yes,no,no,yes,yes,no,normal,yes,no,no,yes,yes,no,no,no,yes,no,no,no,yes,no,no,no,yes,no,yes,no,"Diễn biến ổn định, dung nạp thuốc tốt.",yes,yes,no,yes,yes,yes,no,no,yes,no,no,decreased,amenorrhea,yes,no,yes,no,yes,yes,no,no,overdose|well_jumping
BA0016,2026-04-10,Béo,Hồng hào,75,160,84,36.9,130/80,"Nhịp tim đều, T1 T2 rõ, không nghe tiếng thổi bệnh lý.","Lồng ngực cân đối, rì rào phế nang êm dịu hai bên, không rale.","Bụng mềm, không chướng, gan lách không sờ thấy, đại tiện bình thường.","Hai thận không sờ thấy, không đau vùng thắt lưng, tiểu tiện bình thường.","Không liệt khu trú, không hội chứng màng não, đồng tử hai bên đều.","Tai mũi họng, răng hàm mặt chưa phát hiện bất thường.",limited,natural|indifferent|tense,untidy,normal|tense|apathetic,"Diễn biến ổn định, dung nạp thuốc tốt.",disordered,disordered,normal,normal,"Bệnh nhân tiếp xúc được, trả lời chậm, cần gợi ý nhiều.",,,,"Bệnh nhân tiếp xúc được, trả lời chậm, cần gợi ý nhiều.",,,,,"Bệnh nhân hợp tác kém, cần người nhà hỗ trợ khai thác.",,,,,Triệu chứng thuyên giảm so với lần khám trước.,distractible,"Bệnh nhân tiếp xúc được, trả lời chậm, cần gợi ý nhiều.",decreased,normal,decreased,anterograde|global,"Bệnh nhân hợp tác kém, cần người nhà hỗ trợ khai thác.",normal,Triệu chứng thuyên giảm so với lần khám trước.,,,,,,3.93,151,10.0,53,40,6,4.4,5.0,71,28,35,33,"Nhịp xoang đều, tần số 78 ck/phút, không rối loạn dẫn truyền.","Sóng alpha chiếm ưu thế vùng chẩm, không ghi nhận sóng kịch phát.","Nhu mô não không thấy tổn thương khu trú, hệ thống não thất không giãn.",Điện não đồ trong giới hạn bình thường.,Chỉ số vân tay trong giới hạn tham chiếu.,Vận nhãn theo dõi mục tiêu có gián đoạn nhẹ.,Chưa phát hiện đột biến có ý nghĩa lâm sàng.,Nồng độ serotonin huyết tương giảm nhẹ so với tham chiếu.,Không có xét nghiệm bổ sung.,F32.2 - Giai đoạn trầm cảm nặng không có triệu chứng loạn thần,Rối loạn lưỡng cực giai đoạn trầm cảm; Rối loạn lo âu lan tỏa,Fluoxetine 20mg/ngày; Olanzapine 5mg buổi tối,26,yes,yes,yes,yes,yes,yes,no,no,no,yes,no,no,no,yes,no,no,no,no,yes,normal,yes,no,yes,yes,yes,no,no,no,no,no,no,no,no,no,no,no,no,no,no,yes,Triệu chứng thuyên giảm so với lần khám trước.,yes,no,no,no,no,yes,yes,no,yes,yes,no,increased,regular,yes,yes,yes,no,no,no,yes,no,wrist_cutting|pesticide
BA0016,2026-03-19,Suy kiệt nhẹ,Bình thường,72,159,84,36.7,120/80,"Nhịp tim đều, T1 T2 rõ, không nghe tiếng thổi bệnh lý.","Lồng ngực cân đối, rì rào phế nang êm dịu hai bên, không rale.","Bụng mềm, không chướng, gan lách không sờ thấy, đại tiện bình thường.","Hai thận không sờ thấy, không đau vùng thắt lưng, tiểu tiện bình thường.","Không liệt khu trú, không hội chứng màng não, đồng tử hai bên đều.","Tai mũi họng, răng hàm mặt chưa phát hiện bất thường.",cooperative,natural|indifferent|avoidant,untidy,sad|tense,"Bệnh nhân tiếp xúc được, trả lời chậm, cần gợi ý nhiều.",disordered,normal,disordered,normal,"Diễn biến ổn định, dung nạp thuốc tốt.",,,,"Bệnh nhân hợp tác kém, cần người nhà hỗ trợ khai thác.",,,,,"Bệnh nhân hợp tác kém, cần người nhà hỗ trợ khai thác.",,,,,Triệu chứng thuyên giảm so với lần khám trước.,distractible,"Bệnh nhân hợp tác kém, cần người nhà hỗ trợ khai thác.",normal,normal,normal,global,"Diễn biến ổn định, dung nạp thuốc tốt.",normal,"Bệnh nhân hợp tác kém, cần người nhà hỗ trợ khai thác.",,,,,,4.21,126,6.0,64,22,4,4.5,3.5,85,42,24,58,"Nhịp xoang đều, tần số 78 ck/phút, không rối loạn dẫn truyền.","Sóng alpha chiếm ưu thế vùng chẩm, không ghi nhận sóng kịch phát.","Nhu mô não không thấy tổn thương khu trú, hệ thống não thất không giãn.",Điện não đồ trong giới hạn bình thường.,Chỉ số vân tay trong giới hạn tham chiếu.,Vận nhãn theo dõi mục tiêu có gián đoạn nhẹ.,Chưa phát hiện đột biến có ý nghĩa lâm sàng.,Nồng độ serotonin huyết tương giảm nhẹ so với tham chiếu.,Không có xét nghiệm bổ sung.,F32.3 - Giai đoạn trầm cảm nặng có triệu chứng loạn thần,Rối loạn lưỡng cực giai đoạn trầm cảm; Rối loạn lo âu lan tỏa,Venlafaxine 75mg/ngày; Zopiclone 7.5mg khi mất ngủ,25,yes,yes,yes,no,yes,no,yes,no,yes,yes,no,no,no,no,no,no,yes,no,no,normal,yes,yes,no,no,no,no,yes,no,no,no,no,no,no,no,no,no,yes,no,no,no,"Bệnh nhân tiếp xúc được, trả lời chậm, cần gợi ý nhiều.",yes,no,yes,no,no,yes,yes,no,yes,no,no,normal,amenorrhea,no,no,no,no,no,no,no,no,hanging|overdose|biting_head_banging
BA0016,2026-02-04,Suy kiệt nhẹ,Kém hồng,57,153,75,37.1,110/70,"Nhịp tim đều, T1 T2 rõ, không nghe tiếng thổi bệnh lý.","Lồng ngực cân đối, rì rào phế nang êm dịu hai bên, không rale.","Bụng mềm, không chướng, gan lách không sờ thấy, đại tiện bình thường.","Hai thận không sờ thấy, không đau vùng thắt lưng, tiểu tiện bình thường.","Không có dấu hiệu thần kinh khu trú, phản xạ gân xương hai bên đều.","Tai mũi họng, răng hàm mặt chưa phát hiện bất thường.",uncooperative,avoidant|tense|oppositional,tidy|untidy,sad|tense|apathetic,"Diễn biến ổn định, dung nạp thuốc tốt.",disordered,disordered,normal,normal,"Bệnh nhân hợp tác kém, cần người nhà hỗ trợ khai thác.",,,,"Diễn biến ổn định, dung nạp thuốc tốt.",,,,,Triệu chứng thuyên giảm so với lần khám trước.,,,,,"Bệnh nhân tiếp xúc được, trả lời chậm, cần gợi ý nhiều.",distractible|hard_sustain,"Diễn biến ổn định, dung nạp thuốc tốt.",normal,decreased,decreased,anterograde|retrograde|global,"Diễn biến ổn định, dung nạp thuốc tốt.",dementia,Triệu chứng thuyên giảm so với lần khám trước.,,,,,,5.25,156,6.3,49,21,5,5.4,3.3,96,38,45,18,"Nhịp xoang đều, tần số 78 ck/phút, không rối loạn dẫn truyền.","Sóng alpha chiếm ưu thế vùng chẩm, không ghi nhận sóng kịch phát.","Nhu mô não không thấy tổn thương khu trú, hệ thống não thất không giãn.",Điện não đồ trong giới hạn bình thường.,Chỉ số vân tay trong giới hạn tham chiếu.,Vận nhãn theo dõi mục tiêu có gián đoạn nhẹ.,Chưa phát hiện đột biến có ý nghĩa lâm sàng.,Nồng độ serotonin huyết tương giảm nhẹ so với tham chiếu.,Không có xét nghiệm bổ sung.,F32.2 - Giai đoạn trầm cảm nặng không có triệu chứng loạn thần,Rối loạn lưỡng cực giai đoạn trầm cảm; Rối loạn lo âu lan tỏa,Fluoxetine 20mg/ngày; Olanzapine 5mg buổi tối,29,yes,no,yes,yes,yes,yes,yes,no,yes,no,no,no,no,yes,no,no,yes,yes,no,normal,yes,yes,no,no,yes,yes,no,no,no,yes,yes,yes,no,yes,no,no,yes,no,yes,no,Triệu chứng thuyên giảm so với lần khám trước.,yes,yes,no,no,no,no,yes,no,yes,yes,no,increased,irregular,yes,yes,no,yes,no,no,yes,yes,biting_head_banging
BA0016,2026-01-05,Suy kiệt nhẹ,Bình thường,57,163,75,37.2,120/80,"Nhịp tim đều, T1 T2 rõ, không nghe tiếng thổi bệnh lý.","Lồng ngực cân đối, rì rào phế nang êm dịu hai bên, không rale.","Bụng mềm, không chướng, gan lách không sờ thấy, đại tiện bình thường.","Hai thận không sờ thấy, không đau vùng thắt lưng, tiểu tiện bình thường.","Không liệt khu trú, không hội chứng màng não, đồng tử hai bên đều.","Tai mũi họng, răng hàm mặt chưa phát hiện bất thường.",cooperative,indifferent,tidy|untidy,normal|tense,"Bệnh nhân hợp tác kém, cần người nhà hỗ trợ khai thác.",disordered,normal,disordered,normal,"Diễn biến ổn định, dung nạp thuốc tốt.",,,,"Bệnh nhân tiếp xúc được, trả lời chậm, cần gợi ý nhiều.",,,,,"Bệnh nhân tiếp xúc được, trả lời chậm, cần gợi ý nhiều.",,,,,"Bệnh nhân hợp tác kém, cần người nhà hỗ trợ khai thác.",poor_concentration|hard_sustain|hyperattention,"Bệnh nhân hợp tác kém, cần người nhà hỗ trợ khai thác.",decreased,normal,normal,global,Triệu chứng thuyên giảm so với lần khám trước.,dementia,Triệu chứng thuyên giảm so với lần khám trước.,,,,,,4.95,116,8.5,51,40,5,5.9,6.9,85,33,40,37,"Nhịp xoang đều, tần số 78 ck/phút, không rối loạn dẫn truyền.","Sóng alpha chiếm ưu thế vùng chẩm, không ghi nhận sóng kịch phát.","Nhu mô não không thấy tổn thương khu trú, hệ thống não thất không giãn.",Điện não đồ trong giới hạn bình thường.,Chỉ số vân tay trong giới hạn tham chiếu.,Vận nhãn theo dõi mục tiêu có gián đoạn nhẹ.,Chưa phát hiện đột biến có ý nghĩa lâm sàng.,Nồng độ serotonin huyết tương giảm nhẹ so với tham chiếu.,Không có xét nghiệm bổ sung.,F32.3 - Giai đoạn trầm cảm nặng có triệu chứng loạn thần,Rối loạn lưỡng cực giai đoạn trầm cảm; Rối loạn lo âu lan tỏa,Sertraline 50mg/ngày; Mirtazapine 15mg buổi tối,16,yes,no,no,yes,yes,no,yes,no,no,yes,no,yes,no,yes,no,no,no,no,no,normal,yes,yes,no,no,yes,no,yes,no,no,no,no,yes,no,yes,yes,no,no,yes,no,no,"Bệnh nhân tiếp xúc được, trả lời chậm, cần gợi ý nhiều.",yes,no,no,yes,no,yes,no,no,yes,yes,yes,normal,irregular,no,yes,no,no,no,no,no,yes,wrist_cutting|jumping
BA0016,2025-11-28,Trung bình,Hồng hào,71,164,94,37.0,125/85,"Nhịp tim đều, T1 T2 rõ, không nghe tiếng thổi bệnh lý.","Lồng ngực cân đối, rì rào phế nang êm dịu hai bên, không rale.","Bụng mềm, không chướng, gan lách không sờ thấy, đại tiện bình thường.","Hai thận không sờ thấy, không đau vùng thắt lưng, tiểu tiện bình thường.","Không liệt khu trú, không hội chứng màng não, đồng tử hai bên đều.","Tai mũi họng, răng hàm mặt chưa phát hiện bất thường.",limited,natural|avoidant|oppositional,tidy|untidy,sad|tense,"Bệnh nhân tiếp xúc được, trả lời chậm, cần gợi ý nhiều.",normal,disordered,disordered,disordered,Triệu chứng thuyên giảm so với lần khám trước.,,,,"Bệnh nhân hợp tác kém, cần người nhà hỗ trợ khai thác.",,,,,"Diễn biến ổn định, dung nạp thuốc tốt.",,,,,"Diễn biến ổn định, dung nạp thuốc tốt.",normal|distractible,Triệu chứng thuyên giảm so với lần khám trước.,decreased,decreased,normal,anterograde,Triệu chứng thuyên giảm so với lần khám trước.,retardation,"Diễn biến ổn định, dung nạp thuốc tốt.",,,,,,4.53,140,7.9,65,22,7,5.2,6.0,58,27,37,20,"Nhịp xoang đều, tần số 78 ck/phút, không rối loạn dẫn truyền.","Sóng alpha chiếm ưu thế vùng chẩm, không ghi nhận sóng kịch phát.","Nhu mô não không thấy tổn thương khu trú, hệ thống não thất không giãn.",Điện não đồ trong giới hạn bình thường.,Chỉ số vân tay trong giới hạn tham chiếu.,Vận nhãn theo dõi mục tiêu có gián đoạn nhẹ.,Chưa phát hiện đột biến có ý nghĩa lâm sàng.,Nồng độ serotonin huyết tương giảm nhẹ so với tham chiếu.,Không có xét nghiệm bổ sung.,F32.2 - Giai đoạn trầm cảm nặng không có triệu chứng loạn thần,Rối loạn lưỡng cực giai đoạn trầm cảm; Rối loạn lo âu lan tỏa,Sertraline 50mg/ngày; Mirtazapine 15mg buổi tối,30,yes,no,yes,yes,yes,no,yes,yes,no,yes,no,no,no,no,yes,no,no,no,no,normal,yes,no,yes,no,yes,yes,yes,no,yes,yes,no,yes,no,no,yes,no,yes,no,yes,no,"Diễn biến ổn định, dung nạp thuốc tốt.",yes,yes,no,no,no,yes,yes,no,yes,no,yes,increased,amenorrhea,yes,no,no,no,yes,no,no,no,wrist_cutting|pesticide
BA0016,2025-11-03,Suy kiệt nhẹ,Hồng hào,74,171,96,36.4,120/80,"Nhịp tim đều, T1 T2 rõ, không nghe tiếng thổi bệnh lý.","Lồng ngực cân đối, rì rào phế nang êm dịu hai bên, không rale.","Bụng mềm, không chướng, gan lách không sờ thấy, đại tiện bình thường.","Hai thận không sờ thấy, không đau vùng thắt lưng, tiểu tiện bình thường.","Không liệt khu trú, không hội chứng màng não, đồng tử hai bên đều.","Tai mũi họng, răng hàm mặt chưa phát hiện bất thường.",cooperative,natural|avoidant|tense,tidy,anxious|tense,"Bệnh nhân hợp tác kém, cần người nhà hỗ trợ khai thác.",disordered,disordered,normal,disordered,"Bệnh nhân tiếp xúc được, trả lời chậm, cần gợi ý nhiều.",,,,Triệu chứng thuyên giảm so với lần khám trước.,,,,,"Bệnh nhân tiếp xúc được, trả lời chậm, cần gợi ý nhiều.",,,,,"Bệnh nhân hợp tác kém, cần người nhà hỗ trợ khai thác.",normal,"Bệnh nhân hợp tác kém, cần người nhà hỗ trợ khai thác.",decreased,normal,decreased,none|retrograde|global,"Bệnh nhân hợp tác kém, cần người nhà hỗ trợ khai thác.",retardation,Triệu chứng thuyên giảm so với lần khám trước.,,,,,,3.99,146,5.3,65,32,5,5.2,4.6,68,18,52,51,"Nhịp xoang đều, tần số 78 ck/phút, không rối loạn dẫn truyền.","Sóng alpha chiếm ưu thế vùng chẩm, không ghi nhận sóng kịch phát.","Nhu mô não không thấy tổn thương khu trú, hệ thống não thất không giãn.",Điện não đồ trong giới hạn bình thường.,Chỉ số vân tay trong giới hạn tham chiếu.,Vận nhãn theo dõi mục tiêu có gián đoạn nhẹ.,Chưa phát hiện đột biến có ý nghĩa lâm sàng.,Nồng độ serotonin huyết tương giảm nhẹ so với tham chiếu.,Không có xét nghiệm bổ sung.,F32.2 - Giai đoạn trầm cảm nặng không có triệu chứng loạn thần,Rối loạn lưỡng cực giai đoạn trầm cảm; Rối loạn lo âu lan tỏa,Sertraline 50mg/ngày; Mirtazapine 15mg buổi tối,19,no,no,no,yes,yes,no,no,no,no,yes,no,no,yes,no,no,yes,yes,no,no,normal,yes,yes,no,yes,yes,no,no,yes,no,no,no,yes,yes,no,no,yes,yes,yes,no,yes,"Bệnh nhân hợp tác kém, cần người nhà hỗ trợ khai thác.",yes,no,no,no,no,yes,yes,no,no,no,yes,decreased,regular,yes,yes,no,no,no,yes,no,yes,wrist_cutting|well_jumping
BA0016,2025-09-27,Suy kiệt nhẹ,Nhợt nhạt nhẹ,64,159,76,37.4,110/70,"Nhịp tim đều, T1 T2 rõ, không nghe tiếng thổi bệnh lý.","Lồng ngực cân đối, rì rào phế nang êm dịu hai bên, không rale.","Bụng mềm, không chướng, gan lách không sờ thấy, đại tiện bình thường.","Hai thận không sờ thấy, không đau vùng thắt lưng, tiểu tiện bình thường.","Không liệt khu trú, không hội chứng màng não, đồng tử hai bên đều.","Tai mũi họng, răng hàm mặt chưa phát hiện bất thường.",limited,tense,tidy,normal|tense,Triệu chứng thuyên giảm so với lần khám trước.,normal,normal,disordered,normal,"Diễn biến ổn định, dung nạp thuốc tốt.",,,,Triệu chứng thuyên giảm so với lần khám trước.,,,,,Triệu chứng thuyên giảm so với lần khám trước.,,,,,"Bệnh nhân tiếp xúc được, trả lời chậm, cần gợi ý nhiều.",hard_sustain,"Bệnh nhân hợp tác kém, cần người nhà hỗ trợ khai thác.",decreased,decreased,normal,none|anterograde|global,"Bệnh nhân hợp tác kém, cần người nhà hỗ trợ khai thác.",normal,"Diễn biến ổn định, dung nạp thuốc tốt.",,,,,,4.47,128,9.1,47,37,8,5.0,6.0,97,25,33,22,"Nhịp xoang đều, tần số 78 ck/phút, không rối loạn dẫn truyền.","Sóng alpha chiếm ưu thế vùng chẩm, không ghi nhận sóng kịch phát.","Nhu mô não không thấy tổn thương khu trú, hệ thống não thất không giãn.",Điện não đồ trong giới hạn bình thường.,Chỉ số vân tay trong giới hạn tham chiếu.,Vận nhãn theo dõi mục tiêu có gián đoạn nhẹ.,Chưa phát hiện đột biến có ý nghĩa lâm sàng.,Nồng độ serotonin huyết tương giảm nhẹ so với tham chiếu.,Không có xét nghiệm bổ sung.,F32.3 - Giai đoạn trầm cảm nặng có triệu chứng loạn thần,Rối loạn lưỡng cực giai đoạn trầm cảm; Rối loạn lo âu lan tỏa,Sertraline 50mg/ngày; Mirtazapine 15mg buổi tối,26,no,yes,no,yes,yes,yes,yes,no,yes,yes,no,yes,yes,no,yes,no,yes,no,yes,normal,no,yes,yes,no,yes,yes,yes,yes,yes,no,yes,no,yes,no,no,no,no,no,no,yes,"Bệnh nhân tiếp xúc được, trả lời chậm, cần gợi ý nhiều.",yes,yes,no,no,no,yes,yes,no,no,yes,yes,normal,regular,no,yes,yes,no,no,no,no,no,pesticide
BA0017,2026-07-11,Khá,Bình thường,71,153,72,37.0,115/75,"Nhịp tim đều, T1 T2 rõ, không nghe tiếng thổi bệnh lý.","Lồng ngực cân đối, rì rào phế nang êm dịu hai bên, không rale.","Bụng mềm, không chướng, gan lách không sờ thấy, đại tiện bình thường.","Hai thận không sờ thấy, không đau vùng thắt lưng, tiểu tiện bình thường.","Không liệt khu trú, không hội chứng màng não, đồng tử hai bên đều.","Tai mũi họng, răng hàm mặt chưa phát hiện bất thường.",cooperative,natural,tidy|untidy,normal|tense|apathetic,Triệu chứng thuyên giảm so với lần khám trước.,disordered,disordered,disordered,normal,"Bệnh nhân hợp tác kém, cần người nhà hỗ trợ khai thác.",,,,Triệu chứng thuyên giảm so với lần khám trước.,,,,,"Bệnh nhân tiếp xúc được, trả lời chậm, cần gợi ý nhiều.",,,,,"Bệnh nhân tiếp xúc được, trả lời chậm, cần gợi ý nhiều.",normal|distractible|hard_sustain,"Bệnh nhân hợp tác kém, cần người nhà hỗ trợ khai thác.",decreased,decreased,decreased,global,Triệu chứng thuyên giảm so với lần khám trước.,normal,"Bệnh nhân hợp tác kém, cần người nhà hỗ trợ khai thác.",,,,,,5.35,151,10.1,69,26,8,5.4,5.6,80,22,49,42,"Nhịp xoang đều, tần số 78 ck/phút, không rối loạn dẫn truyền.","Sóng alpha chiếm ưu thế vùng chẩm, không ghi nhận sóng kịch phát.","Nhu mô não không thấy tổn thương khu trú, hệ thống não thất không giãn.",Điện não đồ trong giới hạn bình thường.,Chỉ số vân tay trong giới hạn tham chiếu.,Vận nhãn theo dõi mục tiêu có gián đoạn nhẹ.,Chưa phát hiện đột biến có ý nghĩa lâm sàng.,Nồng độ serotonin huyết tương giảm nhẹ so với tham chiếu.,Không có xét nghiệm bổ sung.,F32.2 - Giai đoạn trầm cảm nặng không có triệu chứng loạn thần,Rối loạn lưỡng cực giai đoạn trầm cảm; Rối loạn lo âu lan tỏa,Venlafaxine 75mg/ngày; Zopiclone 7.5mg khi mất ngủ,30,yes,yes,yes,yes,no,no,yes,no,yes,yes,no,no,no,no,yes,no,no,no,yes,normal,yes,yes,no,no,no,no,no,no,no,no,no,no,no,no,no,no,yes,yes,no,no,Triệu chứng thuyên giảm so với lần khám trước.,yes,no,no,no,no,yes,no,yes,yes,no,yes,increased,regular,no,yes,no,no,yes,yes,no,no,wrist_cutting
BA0017,2026-05-31,Khá,Kém hồng,52,156,91,36.6,115/75,"Nhịp tim đều, T1 T2 rõ, không nghe tiếng thổi bệnh lý.","Lồng ngực cân đối, rì rào phế nang êm dịu hai bên, không rale.","Bụng mềm, không chướng, gan lách không sờ thấy, đại tiện bình thường.","Hai thận không sờ thấy, không đau vùng thắt lưng, tiểu tiện bình thường.","Không liệt khu trú, không hội chứng màng não, đồng tử hai bên đều.","Tai mũi họng, răng hàm mặt chưa phát hiện bất thường.",limited,natural|tense,tidy|untidy,sad|tense|apathetic,"Bệnh nhân tiếp xúc được, trả lời chậm, cần gợi ý nhiều.",normal,normal,disordered,disordered,"Bệnh nhân hợp tác kém, cần người nhà hỗ trợ khai thác.",,,,"Bệnh nhân hợp tác kém, cần người nhà hỗ trợ khai thác.",,,,,"Diễn biến ổn định, dung nạp thuốc tốt.",,,,,"Bệnh nhân hợp tác kém, cần người nhà hỗ trợ khai thác.",poor_concentration|distractible|hard_sustain,"Bệnh nhân hợp tác kém, cần người nhà hỗ trợ khai thác.",decreased,decreased,normal,retrograde|global,Triệu chứng thuyên giảm so với lần khám trước.,dementia,"Bệnh nhân tiếp xúc được, trả lời chậm, cần gợi ý nhiều.",,,,,,5.4,115,7.2,58,38,6,4.3,6.5,64,27,21,46,"Nhịp xoang đều, tần số 78 ck/phút, không rối loạn dẫn truyền.","Sóng alpha chiếm ưu thế vùng chẩm, không ghi nhận sóng kịch phát.","Nhu mô não không thấy tổn thương khu trú, hệ thống não thất không giãn.",Điện não đồ trong giới hạn bình thường.,Chỉ số vân tay trong giới hạn tham chiếu.,Vận nhãn theo dõi mục tiêu có gián đoạn nhẹ.,Chưa phát hiện đột biến có ý nghĩa lâm sàng.,Nồng độ serotonin huyết tương giảm nhẹ so với tham chiếu.,Không có xét nghiệm bổ sung.,F32.2 - Giai đoạn trầm cảm nặng không có triệu chứng loạn thần,Rối loạn lưỡng cực giai đoạn trầm cảm; Rối loạn lo âu lan tỏa,Sertraline 50mg/ngày; Mirtazapine 15mg buổi tối,27,yes,no,yes,yes,yes,no,no,yes,no,yes,yes,no,no,yes,no,yes,no,yes,yes,normal,yes,yes,no,no,yes,yes,no,no,yes,yes,no,no,no,yes,no,no,yes,no,yes,yes,"Bệnh nhân tiếp xúc được, trả lời chậm, cần gợi ý nhiều.",yes,no,no,no,no,yes,yes,yes,yes,no,no,decreased,amenorrhea,yes,yes,no,no,no,yes,no,yes,wrist_cutting|jumping|biting_head_banging
BA0017,2026-04-21,Béo,Hồng hào,47,173,75,36.9,105/65,"Nhịp tim đều, T1 T2 rõ, không nghe tiếng thổi bệnh lý.","Lồng ngực cân đối, rì rào phế nang êm dịu hai bên, không rale.","Bụng mềm, không chướng, gan lách không sờ thấy, đại tiện bình thường.","Hai thận không sờ thấy, không đau vùng thắt lưng, tiểu tiện bình thường.","Không có dấu hiệu thần kinh khu trú, phản xạ gân xương hai bên đều.","Tai mũi họng, răng hàm mặt chưa phát hiện bất thường.",uncooperative,natural|indifferent|tense,untidy,sad|anxious|tense,"Diễn biến ổn định, dung nạp thuốc tốt.",normal,disordered,normal,normal,"Bệnh nhân tiếp xúc được, trả lời chậm, cần gợi ý nhiều.",,,,"Diễn biến ổn định, dung nạp thuốc tốt.",,,,,"Bệnh nhân hợp tác kém, cần người nhà hỗ trợ khai thác.",,,,,"Bệnh nhân hợp tác kém, cần người nhà hỗ trợ khai thác.",hard_sustain,"Bệnh nhân hợp tác kém, cần người nhà hỗ trợ khai thác.",normal,normal,decreased,anterograde|retrograde,Triệu chứng thuyên giảm so với lần khám trước.,dementia,"Diễn biến ổn định, dung nạp thuốc tốt.",,,,,,5.24,120,9.1,68,21,8,4.4,6.1,62,24,48,15,"Nhịp xoang đều, tần số 78 ck/phút, không rối loạn dẫn truyền.","Sóng alpha chiếm ưu thế vùng chẩm, không ghi nhận sóng kịch phát.","Nhu mô não không thấy tổn thương khu trú, hệ thống não thất không giãn.",Điện não đồ trong giới hạn bình thường.,Chỉ số vân tay trong giới hạn tham chiếu.,Vận nhãn theo dõi mục tiêu có gián đoạn nhẹ.,Chưa phát hiện đột biến có ý nghĩa lâm sàng.,Nồng độ serotonin huyết tương giảm nhẹ so với tham chiếu.,Không có xét nghiệm bổ sung.,F32.2 - Giai đoạn trầm cảm nặng không có triệu chứng loạn thần,Rối loạn lưỡng cực giai đoạn trầm cảm; Rối loạn lo âu lan tỏa,Fluoxetine 20mg/ngày; Olanzapine 5mg buổi tối,16,yes,no,no,yes,yes,no,no,yes,no,yes,yes,no,no,no,yes,no,no,yes,no,normal,no,yes,no,no,no,no,no,yes,no,no,no,yes,yes,no,no,yes,yes,no,no,yes,"Bệnh nhân hợp tác kém, cần người nhà hỗ trợ khai thác.",yes,no,no,no,no,no,yes,no,yes,no,no,decreased,irregular,yes,no,no,yes,no,no,yes,yes,hanging|biting_head_banging|well_jumping
BA0017,2026-03-14,Khá,Hồng hào,71,150,90,36.2,130/80,"Nhịp tim đều, T1 T2 rõ, không nghe tiếng thổi bệnh lý.","Lồng ngực cân đối, rì rào phế nang êm dịu hai bên, không rale.","Bụng mềm, không chướng, gan lách không sờ thấy, đại tiện bình thường.","Hai thận không sờ thấy, không đau vùng thắt lưng, tiểu tiện bình thường.","Không có dấu hiệu thần kinh khu trú, phản xạ gân xương hai bên đều.","Tai mũi họng, răng hàm mặt chưa phát hiện bất thường.",cooperative,indifferent,tidy|untidy,apathetic,"Bệnh nhân hợp tác kém, cần người nhà hỗ trợ khai thác.",disordered,normal,disordered,normal,"Bệnh nhân tiếp xúc được, trả lời chậm, cần gợi ý nhiều.",,,,Triệu chứng thuyên giảm so với lần khám trước.,,,,,Triệu chứng thuyên giảm so với lần khám trước.,,,,,"Bệnh nhân hợp tác kém, cần người nhà hỗ trợ khai thác.",poor_concentration|hard_sustain,"Bệnh nhân hợp tác kém, cần người nhà hỗ trợ khai thác.",decreased,normal,decreased,anterograde|retrograde,"Bệnh nhân tiếp xúc được, trả lời chậm, cần gợi ý nhiều.",retardation,"Bệnh nhân tiếp xúc được, trả lời chậm, cần gợi ý nhiều.",,,,,,5.49,143,6.0,56,31,7,4.6,5.5,68,33,34,17,"Nhịp xoang đều, tần số 78 ck/phút, không rối loạn dẫn truyền.","Sóng alpha chiếm ưu thế vùng chẩm, không ghi nhận sóng kịch phát.","Nhu mô não không thấy tổn thương khu trú, hệ thống não thất không giãn.",Điện não đồ trong giới hạn bình thường.,Chỉ số vân tay trong giới hạn tham chiếu.,Vận nhãn theo dõi mục tiêu có gián đoạn nhẹ.,Chưa phát hiện đột biến có ý nghĩa lâm sàng.,Nồng độ serotonin huyết tương giảm nhẹ so với tham chiếu.,Không có xét nghiệm bổ sung.,F32.3 - Giai đoạn trầm cảm nặng có triệu chứng loạn thần,Rối loạn lưỡng cực giai đoạn trầm cảm; Rối loạn lo âu lan tỏa,Fluoxetine 20mg/ngày; Olanzapine 5mg buổi tối,17,yes,yes,yes,yes,yes,no,yes,no,no,no,no,yes,no,yes,yes,yes,no,no,yes,normal,yes,yes,no,yes,no,no,no,no,yes,no,yes,no,no,yes,yes,no,yes,no,yes,no,Triệu chứng thuyên giảm so với lần khám trước.,yes,no,no,no,no,yes,yes,yes,yes,no,no,decreased,irregular,yes,no,no,no,no,no,no,yes,hanging
BA0017,2026-01-29,Gầy,Kém hồng,46,175,83,36.5,115/75,"Nhịp tim đều, T1 T2 rõ, không nghe tiếng thổi bệnh lý.","Lồng ngực cân đối, rì rào phế nang êm dịu hai bên, không rale.","Bụng mềm, không chướng, gan lách không sờ thấy, đại tiện bình thường.","Hai thận không sờ thấy, không đau vùng thắt lưng, tiểu tiện bình thường.","Không có dấu hiệu thần kinh khu trú, phản xạ gân xương hai bên đều.","Tai mũi họng, răng hàm mặt chưa phát hiện bất thường.",cooperative,natural|tense|oppositional,untidy,normal|sad|apathetic,"Bệnh nhân hợp tác kém, cần người nhà hỗ trợ khai thác.",disordered,normal,normal,disordered,"Bệnh nhân hợp tác kém, cần người nhà hỗ trợ khai thác.",,,,"Bệnh nhân hợp tác kém, cần người nhà hỗ trợ khai thác.",,,,,"Diễn biến ổn định, dung nạp thuốc tốt.",,,,,"Diễn biến ổn định, dung nạp thuốc tốt.",distractible|hard_sustain|hyperattention,"Bệnh nhân hợp tác kém, cần người nhà hỗ trợ khai thác.",decreased,decreased,decreased,none|anterograde,"Bệnh nhân hợp tác kém, cần người nhà hỗ trợ khai thác.",normal,"Diễn biến ổn định, dung nạp thuốc tốt.",,,,,,5.2,154,9.2,70,26,8,4.6,3.9,76,36,52,27,"Nhịp xoang đều, tần số 78 ck/phút, không rối loạn dẫn truyền.","Sóng alpha chiếm ưu thế vùng chẩm, không ghi nhận sóng kịch phát.","Nhu mô não không thấy tổn thương khu trú, hệ thống não thất không giãn.",Điện não đồ trong giới hạn bình thường.,Chỉ số vân tay trong giới hạn tham chiếu.,Vận nhãn theo dõi mục tiêu có gián đoạn nhẹ.,Chưa phát hiện đột biến có ý nghĩa lâm sàng.,Nồng độ serotonin huyết tương giảm nhẹ so với tham chiếu.,Không có xét nghiệm bổ sung.,F32.3 - Giai đoạn trầm cảm nặng có triệu chứng loạn thần,Rối loạn lưỡng cực giai đoạn trầm cảm; Rối loạn lo âu lan tỏa,Fluoxetine 20mg/ngày; Olanzapine 5mg buổi tối,33,yes,yes,no,yes,yes,no,yes,yes,yes,yes,no,no,no,no,no,yes,no,no,no,normal,no,yes,no,yes,no,no,no,yes,no,no,no,no,no,no,yes,yes,yes,yes,no,yes,Triệu chứng thuyên giảm so với lần khám trước.,yes,no,no,no,no,yes,no,no,yes,no,no,increased,regular,yes,no,yes,no,yes,no,no,no,pesticide
BA0017,2025-12-20,Béo,Kém hồng,56,175,85,37.1,120/80,"Nhịp tim đều, T1 T2 rõ, không nghe tiếng thổi bệnh lý.","Lồng ngực cân đối, rì rào phế nang êm dịu hai bên, không rale.","Bụng mềm, không chướng, gan lách không sờ thấy, đại tiện bình thường.","Hai thận không sờ thấy, không đau vùng thắt lưng, tiểu tiện bình thường.","Không có dấu hiệu thần kinh khu trú, phản xạ gân xương hai bên đều.","Tai mũi họng, răng hàm mặt chưa phát hiện bất thường.",uncooperative,natural|avoidant,tidy,tense,"Bệnh nhân hợp tác kém, cần người nhà hỗ trợ khai thác.",disordered,normal,disordered,disordered,"Bệnh nhân tiếp xúc được, trả lời chậm, cần gợi ý nhiều.",,,,"Bệnh nhân tiếp xúc được, trả lời chậm, cần gợi ý nhiều.",,,,,"Bệnh nhân hợp tác kém, cần người nhà hỗ trợ khai thác.",,,,,"Bệnh nhân hợp tác kém, cần người nhà hỗ trợ khai thác.",normal,Triệu chứng thuyên giảm so với lần khám trước.,normal,decreased,normal,none|anterograde|global,"Bệnh nhân hợp tác kém, cần người nhà hỗ trợ khai thác.",retardation,"Bệnh nhân tiếp xúc được, trả lời chậm, cần gợi ý nhiều.",,,,,,5.12,149,8.9,61,35,7,5.2,4.3,66,32,38,25,"Nhịp xoang đều, tần số 78 ck/phút, không rối loạn dẫn truyền.","Sóng alpha chiếm ưu thế vùng chẩm, không ghi nhận sóng kịch phát.","Nhu mô não không thấy tổn thương khu trú, hệ thống não thất không giãn.",Điện não đồ trong giới hạn bình thường.,Chỉ số vân tay trong giới hạn tham chiếu.,Vận nhãn theo dõi mục tiêu có gián đoạn nhẹ.,Chưa phát hiện đột biến có ý nghĩa lâm sàng.,Nồng độ serotonin huyết tương giảm nhẹ so với tham chiếu.,Không có xét nghiệm bổ sung.,F32.3 - Giai đoạn trầm cảm nặng có triệu chứng loạn thần,Rối loạn lưỡng cực giai đoạn trầm cảm; Rối loạn lo âu lan tỏa,Sertraline 50mg/ngày; Mirtazapine 15mg buổi tối,30,yes,no,no,yes,no,no,yes,no,no,yes,no,no,no,no,yes,no,no,yes,yes,normal,yes,yes,no,no,no,yes,no,no,no,no,yes,no,no,no,no,yes,yes,no,no,yes,"Bệnh nhân tiếp xúc được, trả lời chậm, cần gợi ý nhiều.",yes,no,yes,yes,no,yes,yes,no,yes,no,no,normal,irregular,yes,no,no,no,no,no,no,no,wrist_cutting|jumping|well_jumping
BA0017,2025-11-18,Khá,Kém hồng,60,157,92,37.1,125/85,"Nhịp tim đều, T1 T2 rõ, không nghe tiếng thổi bệnh lý.","Lồng ngực cân đối, rì rào phế nang êm dịu hai bên, không rale.","Bụng mềm, không chướng, gan lách không sờ thấy, đại tiện bình thường.","Hai thận không sờ thấy, không đau vùng thắt lưng, tiểu tiện bình thường.","Không có dấu hiệu thần kinh khu trú, phản xạ gân xương hai bên đều.","Tai mũi họng, răng hàm mặt chưa phát hiện bất thường.",cooperative,tense,tidy|untidy,tense,"Bệnh nhân tiếp xúc được, trả lời chậm, cần gợi ý nhiều.",normal,normal,normal,normal,"Bệnh nhân hợp tác kém, cần người nhà hỗ trợ khai thác.",,,,"Bệnh nhân tiếp xúc được, trả lời chậm, cần gợi ý nhiều.",,,,,Triệu chứng thuyên giảm so với lần khám trước.,,,,,Triệu chứng thuyên giảm so với lần khám trước.,poor_concentration|hard_sustain,"Diễn biến ổn định, dung nạp thuốc tốt.",normal,normal,normal,none,Triệu chứng thuyên giảm so với lần khám trước.,normal,"Bệnh nhân tiếp xúc được, trả lời chậm, cần gợi ý nhiều.",,,,,,3.89,125,4.9,49,25,3,5.0,5.2,80,28,29,39,"Nhịp xoang đều, tần số 78 ck/phút, không rối loạn dẫn truyền.","Sóng alpha chiếm ưu thế vùng chẩm, không ghi nhận sóng kịch phát.","Nhu mô não không thấy tổn thương khu trú, hệ thống não thất không giãn.",Điện não đồ trong giới hạn bình thường.,Chỉ số vân tay trong giới hạn tham chiếu.,Vận nhãn theo dõi mục tiêu có gián đoạn nhẹ.,Chưa phát hiện đột biến có ý nghĩa lâm sàng.,Nồng độ serotonin huyết tương giảm nhẹ so với tham chiếu.,Không có xét nghiệm bổ sung.,F32.1 - Giai đoạn trầm cảm vừa,Rối loạn lưỡng cực giai đoạn trầm cảm; Rối loạn lo âu lan tỏa,Sertraline 50mg/ngày; Mirtazapine 15mg buổi tối,34,yes,yes,yes,yes,yes,no,no,no,yes,yes,yes,no,no,no,yes,yes,yes,yes,yes,normal,yes,yes,no,yes,no,yes,no,no,no,no,yes,yes,no,no,yes,no,yes,yes,no,no,"Bệnh nhân hợp tác kém, cần người nhà hỗ trợ khai thác.",no,no,no,no,no,yes,yes,no,yes,yes,no,increased,amenorrhea,yes,yes,no,no,yes,yes,no,no,hanging
BA0017,2025-10-19,Béo,Kém hồng,60,165,77,36.3,110/70,"Nhịp tim đều, T1 T2 rõ, không nghe tiếng thổi bệnh lý.","Lồng ngực cân đối, rì rào phế nang êm dịu hai bên, không rale.","Bụng mềm, không chướng, gan lách không sờ thấy, đại tiện bình thường.","Hai thận không sờ thấy, không đau vùng thắt lưng, tiểu tiện bình thường.","Không liệt khu trú, không hội chứng màng não, đồng tử hai bên đều.","Tai mũi họng, răng hàm mặt chưa phát hiện bất thường.",uncooperative,natural|indifferent,tidy|untidy,anxious|tense|apathetic,"Bệnh nhân tiếp xúc được, trả lời chậm, cần gợi ý nhiều.",disordered,normal,disordered,normal,"Bệnh nhân hợp tác kém, cần người nhà hỗ trợ khai thác.",,,,"Bệnh nhân tiếp xúc được, trả lời chậm, cần gợi ý nhiều.",,,,,"Bệnh nhân tiếp xúc được, trả lời chậm, cần gợi ý nhiều.",,,,,"Bệnh nhân hợp tác kém, cần người nhà hỗ trợ khai thác.",poor_concentration|distractible|hyperattention,"Diễn biến ổn định, dung nạp thuốc tốt.",normal,normal,decreased,anterograde,Triệu chứng thuyên giảm so với lần khám trước.,dementia,Triệu chứng thuyên giảm so với lần khám trước.,,,,,,4.79,128,6.0,51,22,5,6.0,5.2,87,33,35,33,"Nhịp xoang đều, tần số 78 ck/phút, không rối loạn dẫn truyền.","Sóng alpha chiếm ưu thế vùng chẩm, không ghi nhận sóng kịch phát.","Nhu mô não không thấy tổn thương khu trú, hệ thống não thất không giãn.",Điện não đồ trong giới hạn bình thường.,Chỉ số vân tay trong giới hạn tham chiếu.,Vận nhãn theo dõi mục tiêu có gián đoạn nhẹ.,Chưa phát hiện đột biến có ý nghĩa lâm sàng.,Nồng độ serotonin huyết tương giảm nhẹ so với tham chiếu.,Không có xét nghiệm bổ sung.,F32.2 - Giai đoạn trầm cảm nặng không có triệu chứng loạn thần,Rối loạn lưỡng cực giai đoạn trầm cảm; Rối loạn lo âu lan tỏa,Fluoxetine 20mg/ngày; Olanzapine 5mg buổi tối,26,yes,no,yes,yes,yes,no,yes,no,no,no,yes,no,no,no,no,no,yes,no,no,normal,no,yes,no,no,no,yes,no,no,no,no,no,no,no,no,yes,no,yes,yes,no,yes,Triệu chứng thuyên giảm so với lần khám trước.,yes,no,no,yes,yes,yes,yes,yes,yes,yes,no,increased,regular,no,no,yes,no,yes,no,no,yes,wrist_cutting|biting_head_banging
BA0017,2025-09-28,Béo,Bình thường,65,165,93,36.5,115/75,"Nhịp tim đều, T1 T2 rõ, không nghe tiếng thổi bệnh lý.","Lồng ngực cân đối, rì rào phế nang êm dịu hai bên, không rale.","Bụng mềm, không chướng, gan lách không sờ thấy, đại tiện bình thường.","Hai thận không sờ thấy, không đau vùng thắt lưng, tiểu tiện bình thường.","Không có dấu hiệu thần kinh khu trú, phản xạ gân xương hai bên đều.","Tai mũi họng, răng hàm mặt chưa phát hiện bất thường.",uncooperative,tense,tidy,anxious|tense,"Bệnh nhân hợp tác kém, cần người nhà hỗ trợ khai thác.",disordered,disordered,disordered,disordered,Triệu chứng thuyên giảm so với lần khám trước.,,,,"Bệnh nhân tiếp xúc được, trả lời chậm, cần gợi ý nhiều.",,,,,Triệu chứng thuyên giảm so với lần khám trước.,,,,,"Bệnh nhân hợp tác kém, cần người nhà hỗ trợ khai thác.",hard_sustain|hyperattention,Triệu chứng thuyên giảm so với lần khám trước.,decreased,normal,normal,anterograde|retrograde|global,"Bệnh nhân hợp tác kém, cần người nhà hỗ trợ khai thác.",retardation,Triệu chứng thuyên giảm so với lần khám trước.,,,,,,4.23,130,7.5,50,24,6,5.5,6.2,79,38,34,43,"Nhịp xoang đều, tần số 78 ck/phút, không rối loạn dẫn truyền.","Sóng alpha chiếm ưu thế vùng chẩm, không ghi nhận sóng kịch phát.","Nhu mô não không thấy tổn thương khu trú, hệ thống não thất không giãn.",Điện não đồ trong giới hạn bình thường.,Chỉ số vân tay trong giới hạn tham chiếu.,Vận nhãn theo dõi mục tiêu có gián đoạn nhẹ.,Chưa phát hiện đột biến có ý nghĩa lâm sàng.,Nồng độ serotonin huyết tương giảm nhẹ so với tham chiếu.,Không có xét nghiệm bổ sung.,F32.3 - Giai đoạn trầm cảm nặng có triệu chứng loạn thần,Rối loạn lưỡng cực giai đoạn trầm cảm; Rối loạn lo âu lan tỏa,Fluoxetine 20mg/ngày; Olanzapine 5mg buổi tối,27,no,no,yes,yes,yes,no,no,yes,no,yes,no,yes,no,yes,yes,no,yes,no,no,normal,no,no,no,no,no,yes,no,no,no,no,yes,yes,no,no,no,no,yes,no,no,yes,Triệu chứng thuyên giảm so với lần khám trước.,yes,yes,yes,yes,no,no,yes,yes,yes,yes,no,decreased,regular,yes,no,no,no,no,yes,no,no,wrist_cutting|jumping
BA0017,2025-08-20,Suy kiệt nhẹ,Nhợt nhạt nhẹ,55,167,93,36.9,120/80,"Nhịp tim đều, T1 T2 rõ, không nghe tiếng thổi bệnh lý.","Lồng ngực cân đối, rì rào phế nang êm dịu hai bên, không rale.","Bụng mềm, không chướng, gan lách không sờ thấy, đại tiện bình thường.","Hai thận không sờ thấy, không đau vùng thắt lưng, tiểu tiện bình thường.","Không liệt khu trú, không hội chứng màng não, đồng tử hai bên đều.","Tai mũi họng, răng hàm mặt chưa phát hiện bất thường.",uncooperative,natural|tense,tidy|untidy,normal|anxious,"Bệnh nhân hợp tác kém, cần người nhà hỗ trợ khai thác.",normal,normal,disordered,disordered,Triệu chứng thuyên giảm so với lần khám trước.,,,,"Bệnh nhân tiếp xúc được, trả lời chậm, cần gợi ý nhiều.",,,,,Triệu chứng thuyên giảm so với lần khám trước.,,,,,"Bệnh nhân tiếp xúc được, trả lời chậm, cần gợi ý nhiều.",poor_concentration|hyperattention,"Bệnh nhân tiếp xúc được, trả lời chậm, cần gợi ý nhiều.",decreased,decreased,normal,anterograde|global,"Diễn biến ổn định, dung nạp thuốc tốt.",normal,Triệu chứng thuyên giảm so với lần khám trước.,,,,,,4.58,136,5.6,71,38,7,5.7,5.3,85,39,36,57,"Nhịp xoang đều, tần số 78 ck/phút, không rối loạn dẫn truyền.","Sóng alpha chiếm ưu thế vùng chẩm, không ghi nhận sóng kịch phát.","Nhu mô não không thấy tổn thương khu trú, hệ thống não thất không giãn.",Điện não đồ trong giới hạn bình thường.,Chỉ số vân tay trong giới hạn tham chiếu.,Vận nhãn theo dõi mục tiêu có gián đoạn nhẹ.,Chưa phát hiện đột biến có ý nghĩa lâm sàng.,Nồng độ serotonin huyết tương giảm nhẹ so với tham chiếu.,Không có xét nghiệm bổ sung.,F32.3 - Giai đoạn trầm cảm nặng có triệu chứng loạn thần,Rối loạn lưỡng cực giai đoạn trầm cảm; Rối loạn lo âu lan tỏa,Fluoxetine 20mg/ngày; Olanzapine 5mg buổi tối,11,no,no,yes,no,yes,no,no,no,no,yes,no,yes,yes,no,yes,no,no,yes,no,normal,no,yes,yes,no,yes,no,no,no,no,no,no,yes,yes,no,no,no,yes,no,no,yes,"Bệnh nhân tiếp xúc được, trả lời chậm, cần gợi ý nhiều.",yes,yes,no,yes,no,yes,yes,no,yes,yes,no,increased,amenorrhea,yes,no,yes,no,no,no,no,yes,jumping|overdose|biting_head_banging
BA0018,2026-06-07,Béo,Kém hồng,55,167,66,36.7,120/80,"Nhịp tim đều, T1 T2 rõ, không nghe tiếng thổi bệnh lý.","Lồng ngực cân đối, rì rào phế nang êm dịu hai bên, không rale.","Bụng mềm, không chướng, gan lách không sờ thấy, đại tiện bình thường.","Hai thận không sờ thấy, không đau vùng thắt lưng, tiểu tiện bình thường.","Không liệt khu trú, không hội chứng màng não, đồng tử hai bên đều.","Tai mũi họng, răng hàm mặt chưa phát hiện bất thường.",cooperative,natural|indifferent,untidy,anxious,"Bệnh nhân hợp tác kém, cần người nhà hỗ trợ khai thác.",normal,normal,normal,disordered,Triệu chứng thuyên giảm so với lần khám trước.,,,,Triệu chứng thuyên giảm so với lần khám trước.,,,,,"Diễn biến ổn định, dung nạp thuốc tốt.",,,,,"Bệnh nhân tiếp xúc được, trả lời chậm, cần gợi ý nhiều.",hard_sustain,"Bệnh nhân hợp tác kém, cần người nhà hỗ trợ khai thác.",decreased,decreased,normal,global,"Diễn biến ổn định, dung nạp thuốc tốt.",dementia,"Bệnh nhân hợp tác kém, cần người nhà hỗ trợ khai thác.",,,,,,4.86,133,9.0,61,32,4,5.0,3.8,89,19,47,56,"Nhịp xoang đều, tần số 78 ck/phút, không rối loạn dẫn truyền.","Sóng alpha chiếm ưu thế vùng chẩm, không ghi nhận sóng kịch phát.","Nhu mô não không thấy tổn thương khu trú, hệ thống não thất không giãn.",Điện não đồ trong giới hạn bình thường.,Chỉ số vân tay trong giới hạn tham chiếu.,Vận nhãn theo dõi mục tiêu có gián đoạn nhẹ.,Chưa phát hiện đột biến có ý nghĩa lâm sàng.,Nồng độ serotonin huyết tương giảm nhẹ so với tham chiếu.,Không có xét nghiệm bổ sung.,F32.1 - Giai đoạn trầm cảm vừa,Rối loạn lưỡng cực giai đoạn trầm cảm; Rối loạn lo âu lan tỏa,Fluoxetine 20mg/ngày; Olanzapine 5mg buổi tối,7,yes,yes,yes,yes,yes,no,yes,yes,no,yes,yes,no,no,no,no,yes,no,no,no,normal,yes,yes,yes,yes,no,no,no,no,no,no,no,no,no,yes,no,yes,yes,yes,no,no,"Bệnh nhân hợp tác kém, cần người nhà hỗ trợ khai thác.",yes,yes,no,no,no,yes,yes,no,yes,yes,no,normal,regular,yes,no,no,yes,yes,yes,no,no,wrist_cutting|hanging|well_jumping
BA0018,2026-05-04,Trung bình,Nhợt nhạt nhẹ,53,170,73,36.6,130/80,"Nhịp tim đều, T1 T2 rõ, không nghe tiếng thổi bệnh lý.","Lồng ngực cân đối, rì rào phế nang êm dịu hai bên, không rale.","Bụng mềm, không chướng, gan lách không sờ thấy, đại tiện bình thường.","Hai thận không sờ thấy, không đau vùng thắt lưng, tiểu tiện bình thường.","Không liệt khu trú, không hội chứng màng não, đồng tử hai bên đều.","Tai mũi họng, răng hàm mặt chưa phát hiện bất thường.",uncooperative,avoidant|oppositional,tidy|untidy,anxious|tense|apathetic,Triệu chứng thuyên giảm so với lần khám trước.,disordered,disordered,normal,normal,"Bệnh nhân hợp tác kém, cần người nhà hỗ trợ khai thác.",,,,Triệu chứng thuyên giảm so với lần khám trước.,,,,,"Bệnh nhân hợp tác kém, cần người nhà hỗ trợ khai thác.",,,,,"Bệnh nhân hợp tác kém, cần người nhà hỗ trợ khai thác.",normal|hard_sustain,"Bệnh nhân tiếp xúc được, trả lời chậm, cần gợi ý nhiều.",decreased,decreased,decreased,anterograde,"Bệnh nhân tiếp xúc được, trả lời chậm, cần gợi ý nhiều.",normal,"Bệnh nhân tiếp xúc được, trả lời chậm, cần gợi ý nhiều.",,,,,,5.42,121,6.9,70,33,3,4.9,5.5,101,33,23,28,"Nhịp xoang đều, tần số 78 ck/phút, không rối loạn dẫn truyền.","Sóng alpha chiếm ưu thế vùng chẩm, không ghi nhận sóng kịch phát.","Nhu mô não không thấy tổn thương khu trú, hệ thống não thất không giãn.",Điện não đồ trong giới hạn bình thường.,Chỉ số vân tay trong giới hạn tham chiếu.,Vận nhãn theo dõi mục tiêu có gián đoạn nhẹ.,Chưa phát hiện đột biến có ý nghĩa lâm sàng.,Nồng độ serotonin huyết tương giảm nhẹ so với tham chiếu.,Không có xét nghiệm bổ sung.,F32.2 - Giai đoạn trầm cảm nặng không có triệu chứng loạn thần,Rối loạn lưỡng cực giai đoạn trầm cảm; Rối loạn lo âu lan tỏa,Venlafaxine 75mg/ngày; Zopiclone 7.5mg khi mất ngủ,26,yes,no,no,yes,yes,yes,yes,yes,no,yes,no,no,no,yes,yes,no,yes,yes,no,normal,yes,no,no,yes,no,no,yes,no,no,no,yes,no,no,no,no,no,yes,no,no,no,"Bệnh nhân tiếp xúc được, trả lời chậm, cần gợi ý nhiều.",no,yes,no,yes,no,yes,no,no,yes,yes,no,decreased,irregular,yes,no,no,no,no,no,yes,no,hanging|pesticide
BA0018,2026-03-20,Trung bình,Kém hồng,60,175,77,36.4,125/85,"Nhịp tim đều, T1 T2 rõ, không nghe tiếng thổi bệnh lý.","Lồng ngực cân đối, rì rào phế nang êm dịu hai bên, không rale.","Bụng mềm, không chướng, gan lách không sờ thấy, đại tiện bình thường.","Hai thận không sờ thấy, không đau vùng thắt lưng, tiểu tiện bình thường.","Không liệt khu trú, không hội chứng màng não, đồng tử hai bên đều.","Tai mũi họng, răng hàm mặt chưa phát hiện bất thường.",cooperative,avoidant|tense|oppositional,tidy|untidy,tense,"Bệnh nhân hợp tác kém, cần người nhà hỗ trợ khai thác.",disordered,disordered,disordered,disordered,"Diễn biến ổn định, dung nạp thuốc tốt.",,,,Triệu chứng thuyên giảm so với lần khám trước.,,,,,"Bệnh nhân hợp tác kém, cần người nhà hỗ trợ khai thác.",,,,,"Bệnh nhân tiếp xúc được, trả lời chậm, cần gợi ý nhiều.",distractible,"Diễn biến ổn định, dung nạp thuốc tốt.",decreased,normal,normal,none,"Bệnh nhân hợp tác kém, cần người nhà hỗ trợ khai thác.",retardation,Triệu chứng thuyên giảm so với lần khám trước.,,,,,,4.67,151,7.0,51,24,8,6.2,3.4,103,43,23,53,"Nhịp xoang đều, tần số 78 ck/phút, không rối loạn dẫn truyền.","Sóng alpha chiếm ưu thế vùng chẩm, không ghi nhận sóng kịch phát.","Nhu mô não không thấy tổn thương khu trú, hệ thống não thất không giãn.",Điện não đồ trong giới hạn bình thường.,Chỉ số vân tay trong giới hạn tham chiếu.,Vận nhãn theo dõi mục tiêu có gián đoạn nhẹ.,Chưa phát hiện đột biến có ý nghĩa lâm sàng.,Nồng độ serotonin huyết tương giảm nhẹ so với tham chiếu.,Không có xét nghiệm bổ sung.,F32.3 - Giai đoạn trầm cảm nặng có triệu chứng loạn thần,Rối loạn lưỡng cực giai đoạn trầm cảm; Rối loạn lo âu lan tỏa,Fluoxetine 20mg/ngày; Olanzapine 5mg buổi tối,25,no,no,yes,yes,no,no,yes,no,no,yes,yes,yes,no,yes,no,no,no,yes,no,normal,yes,yes,no,yes,no,yes,no,no,no,no,yes,yes,yes,no,no,no,yes,no,no,no,"Bệnh nhân tiếp xúc được, trả lời chậm, cần gợi ý nhiều.",no,yes,yes,no,no,yes,yes,yes,yes,yes,no,decreased,irregular,yes,no,no,yes,no,no,yes,no,well_jumping
BA0018,2026-02-21,Suy kiệt nhẹ,Kém hồng,56,166,87,36.3,115/75,"Nhịp tim đều, T1 T2 rõ, không nghe tiếng thổi bệnh lý.","Lồng ngực cân đối, rì rào phế nang êm dịu hai bên, không rale.","Bụng mềm, không chướng, gan lách không sờ thấy, đại tiện bình thường.","Hai thận không sờ thấy, không đau vùng thắt lưng, tiểu tiện bình thường.","Không có dấu hiệu thần kinh khu trú, phản xạ gân xương hai bên đều.","Tai mũi họng, răng hàm mặt chưa phát hiện bất thường.",cooperative,natural|indifferent|tense,untidy,sad|tense,"Diễn biến ổn định, dung nạp thuốc tốt.",disordered,disordered,disordered,disordered,"Bệnh nhân hợp tác kém, cần người nhà hỗ trợ khai thác.",,,,Triệu chứng thuyên giảm so với lần khám trước.,,,,,"Diễn biến ổn định, dung nạp thuốc tốt.",,,,,"Diễn biến ổn định, dung nạp thuốc tốt.",normal|poor_concentration|hard_sustain,"Bệnh nhân hợp tác kém, cần người nhà hỗ trợ khai thác.",normal,normal,normal,none|global,"Bệnh nhân hợp tác kém, cần người nhà hỗ trợ khai thác.",dementia,"Bệnh nhân hợp tác kém, cần người nhà hỗ trợ khai thác.",,,,,,4.13,139,6.6,59,25,7,5.7,4.5,83,29,41,56,"Nhịp xoang đều, tần số 78 ck/phút, không rối loạn dẫn truyền.","Sóng alpha chiếm ưu thế vùng chẩm, không ghi nhận sóng kịch phát.","Nhu mô não không thấy tổn thương khu trú, hệ thống não thất không giãn.",Điện não đồ trong giới hạn bình thường.,Chỉ số vân tay trong giới hạn tham chiếu.,Vận nhãn theo dõi mục tiêu có gián đoạn nhẹ.,Chưa phát hiện đột biến có ý nghĩa lâm sàng.,Nồng độ serotonin huyết tương giảm nhẹ so với tham chiếu.,Không có xét nghiệm bổ sung.,F32.2 - Giai đoạn trầm cảm nặng không có triệu chứng loạn thần,Rối loạn lưỡng cực giai đoạn trầm cảm; Rối loạn lo âu lan tỏa,Venlafaxine 75mg/ngày; Zopiclone 7.5mg khi mất ngủ,12,yes,no,no,yes,yes,no,yes,yes,no,yes,no,no,no,no,no,no,no,yes,no,normal,yes,yes,no,no,no,no,yes,no,no,no,no,no,no,no,no,yes,yes,no,no,yes,"Bệnh nhân hợp tác kém, cần người nhà hỗ trợ khai thác.",yes,no,no,no,no,yes,yes,no,yes,yes,no,decreased,irregular,yes,no,no,no,yes,no,no,no,pesticide
BA0018,2026-01-23,Khá,Hồng hào,74,159,80,36.2,115/75,"Nhịp tim đều, T1 T2 rõ, không nghe tiếng thổi bệnh lý.","Lồng ngực cân đối, rì rào phế nang êm dịu hai bên, không rale.","Bụng mềm, không chướng, gan lách không sờ thấy, đại tiện bình thường.","Hai thận không sờ thấy, không đau vùng thắt lưng, tiểu tiện bình thường.","Không liệt khu trú, không hội chứng màng não, đồng tử hai bên đều.","Tai mũi họng, răng hàm mặt chưa phát hiện bất thường.",cooperative,natural|avoidant|oppositional,tidy|untidy,sad|tense|apathetic,"Bệnh nhân tiếp xúc được, trả lời chậm, cần gợi ý nhiều.",normal,disordered,disordered,disordered,"Bệnh nhân tiếp xúc được, trả lời chậm, cần gợi ý nhiều.",,,,"Bệnh nhân tiếp xúc được, trả lời chậm, cần gợi ý nhiều.",,,,,"Bệnh nhân tiếp xúc được, trả lời chậm, cần gợi ý nhiều.",,,,,Triệu chứng thuyên giảm so với lần khám trước.,normal|hyperattention,"Diễn biến ổn định, dung nạp thuốc tốt.",decreased,normal,decreased,none|anterograde|global,"Diễn biến ổn định, dung nạp thuốc tốt.",retardation,"Bệnh nhân hợp tác kém, cần người nhà hỗ trợ khai thác.",,,,,,4.74,122,6.9,63,32,7,4.8,6.4,81,38,46,49,"Nhịp xoang đều, tần số 78 ck/phút, không rối loạn dẫn truyền.","Sóng alpha chiếm ưu thế vùng chẩm, không ghi nhận sóng kịch phát.","Nhu mô não không thấy tổn thương khu trú, hệ thống não thất không giãn.",Điện não đồ trong giới hạn bình thường.,Chỉ số vân tay trong giới hạn tham chiếu.,Vận nhãn theo dõi mục tiêu có gián đoạn nhẹ.,Chưa phát hiện đột biến có ý nghĩa lâm sàng.,Nồng độ serotonin huyết tương giảm nhẹ so với tham chiếu.,Không có xét nghiệm bổ sung.,F32.2 - Giai đoạn trầm cảm nặng không có triệu chứng loạn thần,Rối loạn lưỡng cực giai đoạn trầm cảm; Rối loạn lo âu lan tỏa,Venlafaxine 75mg/ngày; Zopiclone 7.5mg khi mất ngủ,27,yes,yes,no,yes,yes,yes,no,no,no,no,no,no,yes,no,no,no,no,no,no,normal,yes,yes,no,yes,no,yes,no,no,yes,no,no,no,no,yes,no,no,yes,yes,no,no,"Bệnh nhân tiếp xúc được, trả lời chậm, cần gợi ý nhiều.",no,no,yes,no,yes,yes,no,no,yes,no,no,decreased,regular,no,no,no,yes,no,yes,no,no,wrist_cutting|biting_head_banging|pesticide
BA0018,2025-12-20,Khá,Kém hồng,75,151,77,36.7,105/65,"Nhịp tim đều, T1 T2 rõ, không nghe tiếng thổi bệnh lý.","Lồng ngực cân đối, rì rào phế nang êm dịu hai bên, không rale.","Bụng mềm, không chướng, gan lách không sờ thấy, đại tiện bình thường.","Hai thận không sờ thấy, không đau vùng thắt lưng, tiểu tiện bình thường.","Không liệt khu trú, không hội chứng màng não, đồng tử hai bên đều.","Tai mũi họng, răng hàm mặt chưa phát hiện bất thường.",cooperative,natural|indifferent|tense,tidy|untidy,sad|apathetic,"Bệnh nhân tiếp xúc được, trả lời chậm, cần gợi ý nhiều.",normal,disordered,normal,disordered,"Diễn biến ổn định, dung nạp thuốc tốt.",,,,"Diễn biến ổn định, dung nạp thuốc tốt.",,,,,"Bệnh nhân tiếp xúc được, trả lời chậm, cần gợi ý nhiều.",,,,,"Diễn biến ổn định, dung nạp thuốc tốt.",poor_concentration|hard_sustain|hyperattention,"Diễn biến ổn định, dung nạp thuốc tốt.",decreased,normal,normal,none|anterograde,Triệu chứng thuyên giảm so với lần khám trước.,dementia,"Diễn biến ổn định, dung nạp thuốc tốt.",,,,,,5.12,151,4.3,59,30,7,5.4,3.3,83,34,39,16,"Nhịp xoang đều, tần số 78 ck/phút, không rối loạn dẫn truyền.","Sóng alpha chiếm ưu thế vùng chẩm, không ghi nhận sóng kịch phát.","Nhu mô não không thấy tổn thương khu trú, hệ thống não thất không giãn.",Điện não đồ trong giới hạn bình thường.,Chỉ số vân tay trong giới hạn tham chiếu.,Vận nhãn theo dõi mục tiêu có gián đoạn nhẹ.,Chưa phát hiện đột biến có ý nghĩa lâm sàng.,Nồng độ serotonin huyết tương giảm nhẹ so với tham chiếu.,Không có xét nghiệm bổ sung.,F32.2 - Giai đoạn trầm cảm nặng không có triệu chứng loạn thần,Rối loạn lưỡng cực giai đoạn trầm cảm; Rối loạn lo âu lan tỏa,Sertraline 50mg/ngày; Mirtazapine 15mg buổi tối,28,yes,no,yes,yes,no,yes,yes,no,no,yes,no,no,yes,yes,no,yes,no,no,yes,normal,yes,yes,yes,no,yes,yes,no,no,no,no,no,no,yes,no,no,no,yes,yes,no,no,"Diễn biến ổn định, dung nạp thuốc tốt.",yes,no,yes,no,no,yes,yes,no,no,no,yes,normal,irregular,yes,no,no,yes,yes,no,no,no,wrist_cutting|well_jumping
BA0018,2025-11-10,Trung bình,Kém hồng,72,152,81,36.9,125/85,"Nhịp tim đều, T1 T2 rõ, không nghe tiếng thổi bệnh lý.","Lồng ngực cân đối, rì rào phế nang êm dịu hai bên, không rale.","Bụng mềm, không chướng, gan lách không sờ thấy, đại tiện bình thường.","Hai thận không sờ thấy, không đau vùng thắt lưng, tiểu tiện bình thường.","Không có dấu hiệu thần kinh khu trú, phản xạ gân xương hai bên đều.","Tai mũi họng, răng hàm mặt chưa phát hiện bất thường.",uncooperative,tense|oppositional,tidy|untidy,normal|apathetic,"Bệnh nhân tiếp xúc được, trả lời chậm, cần gợi ý nhiều.",disordered,disordered,disordered,normal,"Diễn biến ổn định, dung nạp thuốc tốt.",,,,"Diễn biến ổn định, dung nạp thuốc tốt.",,,,,"Bệnh nhân hợp tác kém, cần người nhà hỗ trợ khai thác.",,,,,"Diễn biến ổn định, dung nạp thuốc tốt.",normal|poor_concentration|distractible,"Bệnh nhân tiếp xúc được, trả lời chậm, cần gợi ý nhiều.",normal,normal,decreased,anterograde|retrograde|global,"Bệnh nhân tiếp xúc được, trả lời chậm, cần gợi ý nhiều.",retardation,Triệu chứng thuyên giảm so với lần khám trước.,,,,,,4.4,149,7.9,71,22,7,5.2,5.0,65,23,46,19,"Nhịp xoang đều, tần số 78 ck/phút, không rối loạn dẫn truyền.","Sóng alpha chiếm ưu thế vùng chẩm, không ghi nhận sóng kịch phát.","Nhu mô não không thấy tổn thương khu trú, hệ thống não thất không giãn.",Điện não đồ trong giới hạn bình thường.,Chỉ số vân tay trong giới hạn tham chiếu.,Vận nhãn theo dõi mục tiêu có gián đoạn nhẹ.,Chưa phát hiện đột biến có ý nghĩa lâm sàng.,Nồng độ serotonin huyết tương giảm nhẹ so với tham chiếu.,Không có xét nghiệm bổ sung.,F32.2 - Giai đoạn trầm cảm nặng không có triệu chứng loạn thần,Rối loạn lưỡng cực giai đoạn trầm cảm; Rối loạn lo âu lan tỏa,Fluoxetine 20mg/ngày; Olanzapine 5mg buổi tối,13,no,yes,no,yes,no,no,yes,no,yes,no,no,no,yes,no,no,yes,yes,yes,yes,normal,yes,no,no,no,no,no,yes,no,no,no,no,no,no,yes,no,yes,yes,no,no,no,Triệu chứng thuyên giảm so với lần khám trước.,yes,no,no,yes,yes,yes,yes,no,yes,yes,yes,normal,irregular,yes,no,no,yes,no,yes,no,yes,wrist_cutting
BA0018,2025-10-08,Suy kiệt nhẹ,Nhợt nhạt nhẹ,68,175,90,37.2,110/70,"Nhịp tim đều, T1 T2 rõ, không nghe tiếng thổi bệnh lý.","Lồng ngực cân đối, rì rào phế nang êm dịu hai bên, không rale.","Bụng mềm, không chướng, gan lách không sờ thấy, đại tiện bình thường.","Hai thận không sờ thấy, không đau vùng thắt lưng, tiểu tiện bình thường.","Không liệt khu trú, không hội chứng màng não, đồng tử hai bên đều.","Tai mũi họng, răng hàm mặt chưa phát hiện bất thường.",cooperative,indifferent,tidy|untidy,apathetic,"Bệnh nhân hợp tác kém, cần người nhà hỗ trợ khai thác.",disordered,normal,normal,normal,"Diễn biến ổn định, dung nạp thuốc tốt.",,,,"Bệnh nhân hợp tác kém, cần người nhà hỗ trợ khai thác.",,,,,"Diễn biến ổn định, dung nạp thuốc tốt.",,,,,"Bệnh nhân hợp tác kém, cần người nhà hỗ trợ khai thác.",poor_concentration|hard_sustain,"Bệnh nhân hợp tác kém, cần người nhà hỗ trợ khai thác.",decreased,decreased,normal,anterograde,Triệu chứng thuyên giảm so với lần khám trước.,normal,Triệu chứng thuyên giảm so với lần khám trước.,,,,,,4.85,126,8.9,58,28,8,5.5,5.7,70,18,20,24,"Nhịp xoang đều, tần số 78 ck/phút, không rối loạn dẫn truyền.","Sóng alpha chiếm ưu thế vùng chẩm, không ghi nhận sóng kịch phát.","Nhu mô não không thấy tổn thương khu trú, hệ thống não thất không giãn.",Điện não đồ trong giới hạn bình thường.,Chỉ số vân tay trong giới hạn tham chiếu.,Vận nhãn theo dõi mục tiêu có gián đoạn nhẹ.,Chưa phát hiện đột biến có ý nghĩa lâm sàng.,Nồng độ serotonin huyết tương giảm nhẹ so với tham chiếu.,Không có xét nghiệm bổ sung.,F32.1 - Giai đoạn trầm cảm vừa,Rối loạn lưỡng cực giai đoạn trầm cảm; Rối loạn lo âu lan tỏa,Sertraline 50mg/ngày; Mirtazapine 15mg buổi tối,19,no,no,yes,yes,no,no,yes,yes,yes,yes,no,no,no,no,no,no,no,no,no,normal,yes,yes,no,no,yes,no,yes,no,yes,no,no,no,no,no,no,no,yes,no,no,yes,"Bệnh nhân tiếp xúc được, trả lời chậm, cần gợi ý nhiều.",yes,yes,no,no,no,yes,yes,no,yes,no,no,decreased,amenorrhea,yes,no,yes,yes,no,no,no,yes,hanging|biting_head_banging|pesticide
BA0018,2025-09-06,Béo,Hồng hào,63,170,64,36.3,130/80,"Nhịp tim đều, T1 T2 rõ, không nghe tiếng thổi bệnh lý.","Lồng ngực cân đối, rì rào phế nang êm dịu hai bên, không rale.","Bụng mềm, không chướng, gan lách không sờ thấy, đại tiện bình thường.","Hai thận không sờ thấy, không đau vùng thắt lưng, tiểu tiện bình thường.","Không liệt khu trú, không hội chứng màng não, đồng tử hai bên đều.","Tai mũi họng, răng hàm mặt chưa phát hiện bất thường.",cooperative,natural|avoidant,tidy|untidy,anxious,"Diễn biến ổn định, dung nạp thuốc tốt.",disordered,disordered,disordered,disordered,"Bệnh nhân tiếp xúc được, trả lời chậm, cần gợi ý nhiều.",,,,Triệu chứng thuyên giảm so với lần khám trước.,,,,,"Diễn biến ổn định, dung nạp thuốc tốt.",,,,,"Diễn biến ổn định, dung nạp thuốc tốt.",normal,Triệu chứng thuyên giảm so với lần khám trước.,normal,decreased,decreased,none|anterograde|global,"Bệnh nhân hợp tác kém, cần người nhà hỗ trợ khai thác.",retardation,Triệu chứng thuyên giảm so với lần khám trước.,,,,,,5.11,129,4.7,54,23,4,4.8,4.7,86,37,20,53,"Nhịp xoang đều, tần số 78 ck/phút, không rối loạn dẫn truyền.","Sóng alpha chiếm ưu thế vùng chẩm, không ghi nhận sóng kịch phát.","Nhu mô não không thấy tổn thương khu trú, hệ thống não thất không giãn.",Điện não đồ trong giới hạn bình thường.,Chỉ số vân tay trong giới hạn tham chiếu.,Vận nhãn theo dõi mục tiêu có gián đoạn nhẹ.,Chưa phát hiện đột biến có ý nghĩa lâm sàng.,Nồng độ serotonin huyết tương giảm nhẹ so với tham chiếu.,Không có xét nghiệm bổ sung.,F32.1 - Giai đoạn trầm cảm vừa,Rối loạn lưỡng cực giai đoạn trầm cảm; Rối loạn lo âu lan tỏa,Sertraline 50mg/ngày; Mirtazapine 15mg buổi tối,25,no,no,no,no,yes,no,no,no,no,no,yes,no,no,no,no,yes,no,no,no,normal,yes,yes,yes,yes,yes,no,yes,no,yes,yes,yes,yes,no,no,no,no,yes,no,no,no,"Diễn biến ổn định, dung nạp thuốc tốt.",yes,no,yes,no,no,no,yes,no,yes,yes,no,normal,regular,yes,no,no,yes,no,no,yes,no,wrist_cutting|biting_head_banging
BA0018,2025-07-28,Gầy,Bình thường,56,155,66,36.8,115/75,"Nhịp tim đều, T1 T2 rõ, không nghe tiếng thổi bệnh lý.","Lồng ngực cân đối, rì rào phế nang êm dịu hai bên, không rale.","Bụng mềm, không chướng, gan lách không sờ thấy, đại tiện bình thường.","Hai thận không sờ thấy, không đau vùng thắt lưng, tiểu tiện bình thường.","Không có dấu hiệu thần kinh khu trú, phản xạ gân xương hai bên đều.","Tai mũi họng, răng hàm mặt chưa phát hiện bất thường.",limited,oppositional,tidy|untidy,sad|anxious|apathetic,Triệu chứng thuyên giảm so với lần khám trước.,disordered,disordered,disordered,disordered,Triệu chứng thuyên giảm so với lần khám trước.,,,,"Bệnh nhân tiếp xúc được, trả lời chậm, cần gợi ý nhiều.",,,,,"Bệnh nhân hợp tác kém, cần người nhà hỗ trợ khai thác.",,,,,Triệu chứng thuyên giảm so với lần khám trước.,hard_sustain,Triệu chứng thuyên giảm so với lần khám trước.,normal,decreased,normal,none|retrograde|global,Triệu chứng thuyên giảm so với lần khám trước.,retardation,"Diễn biến ổn định, dung nạp thuốc tốt.",,,,,,4.93,135,10.1,72,28,3,4.5,5.9,82,43,22,30,"Nhịp xoang đều, tần số 78 ck/phút, không rối loạn dẫn truyền.","Sóng alpha chiếm ưu thế vùng chẩm, không ghi nhận sóng kịch phát.","Nhu mô não không thấy tổn thương khu trú, hệ thống não thất không giãn.",Điện não đồ trong giới hạn bình thường.,Chỉ số vân tay trong giới hạn tham chiếu.,Vận nhãn theo dõi mục tiêu có gián đoạn nhẹ.,Chưa phát hiện đột biến có ý nghĩa lâm sàng.,Nồng độ serotonin huyết tương giảm nhẹ so với tham chiếu.,Không có xét nghiệm bổ sung.,F32.2 - Giai đoạn trầm cảm nặng không có triệu chứng loạn thần,Rối loạn lưỡng cực giai đoạn trầm cảm; Rối loạn lo âu lan tỏa,Venlafaxine 75mg/ngày; Zopiclone 7.5mg khi mất ngủ,25,no,no,yes,no,yes,no,no,no,no,no,no,yes,no,no,no,no,no,no,no,normal,yes,yes,no,yes,no,no,yes,no,yes,yes,no,no,yes,no,no,no,yes,yes,yes,no,"Bệnh nhân hợp tác kém, cần người nhà hỗ trợ khai thác.",yes,no,no,no,no,yes,no,yes,yes,no,no,normal,amenorrhea,yes,no,yes,no,no,yes,yes,yes,wrist_cutting|hanging|overdose
BA0019,2026-06-19,Suy kiệt nhẹ,Kém hồng,71,156,86,36.5,110/70,"Nhịp tim đều, T1 T2 rõ, không nghe tiếng thổi bệnh lý.","Lồng ngực cân đối, rì rào phế nang êm dịu hai bên, không rale.","Bụng mềm, không chướng, gan lách không sờ thấy, đại tiện bình thường.","Hai thận không sờ thấy, không đau vùng thắt lưng, tiểu tiện bình thường.","Không có dấu hiệu thần kinh khu trú, phản xạ gân xương hai bên đều.","Tai mũi họng, răng hàm mặt chưa phát hiện bất thường.",,,,,,,,,,,,,,,,,,,,,,,,,,,,,,,,,,,,,,,5.1,141,4.7,56,36,6,5.1,4.1,92,38,41,22,"Nhịp xoang đều, tần số 78 ck/phút, không rối loạn dẫn truyền.","Sóng alpha chiếm ưu thế vùng chẩm, không ghi nhận sóng kịch phát.","Nhu mô não không thấy tổn thương khu trú, hệ thống não thất không giãn.",Điện não đồ trong giới hạn bình thường.,Chỉ số vân tay trong giới hạn tham chiếu.,Vận nhãn theo dõi mục tiêu có gián đoạn nhẹ.,Chưa phát hiện đột biến có ý nghĩa lâm sàng.,Nồng độ serotonin huyết tương giảm nhẹ so với tham chiếu.,Không có xét nghiệm bổ sung.,Chưa phát hiện rối loạn tâm thần,Không,Không dùng thuốc; tư vấn vệ sinh giấc ngủ,9,,,,,,,,,,,,,,,,,,,,,,,,,,,,,,,,,,,,,,,,,,,,,,,,,,,,,,,,,,,,,,,
BA0019,2026-05-26,Suy kiệt nhẹ,Kém hồng,70,165,71,36.8,130/80,"Nhịp tim đều, T1 T2 rõ, không nghe tiếng thổi bệnh lý.","Lồng ngực cân đối, rì rào phế nang êm dịu hai bên, không rale.","Bụng mềm, không chướng, gan lách không sờ thấy, đại tiện bình thường.","Hai thận không sờ thấy, không đau vùng thắt lưng, tiểu tiện bình thường.","Không liệt khu trú, không hội chứng màng não, đồng tử hai bên đều.","Tai mũi họng, răng hàm mặt chưa phát hiện bất thường.",,,,,,,,,,,,,,,,,,,,,,,,,,,,,,,,,,,,,,,4.32,137,10.4,53,37,9,4.7,7.1,105,39,32,19,"Nhịp xoang đều, tần số 78 ck/phút, không rối loạn dẫn truyền.","Sóng alpha chiếm ưu thế vùng chẩm, không ghi nhận sóng kịch phát.","Nhu mô não không thấy tổn thương khu trú, hệ thống não thất không giãn.",Điện não đồ trong giới hạn bình thường.,Chỉ số vân tay trong giới hạn tham chiếu.,Vận nhãn theo dõi mục tiêu có gián đoạn nhẹ.,Chưa phát hiện đột biến có ý nghĩa lâm sàng.,Nồng độ serotonin huyết tương giảm nhẹ so với tham chiếu.,Không có xét nghiệm bổ sung.,Theo dõi sức khỏe định kỳ,Không,Không dùng thuốc; tư vấn vệ sinh giấc ngủ,9,,,,,,,,,,,,,,,,,,,,,,,,,,,,,,,,,,,,,,,,,,,,,,,,,,,,,,,,,,,,,,,
BA0019,2026-04-24,Khá,Nhợt nhạt nhẹ,62,166,89,36.8,130/80,"Nhịp tim đều, T1 T2 rõ, không nghe tiếng thổi bệnh lý.","Lồng ngực cân đối, rì rào phế nang êm dịu hai bên, không rale.","Bụng mềm, không chướng, gan lách không sờ thấy, đại tiện bình thường.","Hai thận không sờ thấy, không đau vùng thắt lưng, tiểu tiện bình thường.","Không có dấu hiệu thần kinh khu trú, phản xạ gân xương hai bên đều.","Tai mũi họng, răng hàm mặt chưa phát hiện bất thường.",,,,,,,,,,,,,,,,,,,,,,,,,,,,,,,,,,,,,,,4.43,133,5.9,50,25,5,5.7,3.8,69,38,43,43,"Nhịp xoang đều, tần số 78 ck/phút, không rối loạn dẫn truyền.","Sóng alpha chiếm ưu thế vùng chẩm, không ghi nhận sóng kịch phát.","Nhu mô não không thấy tổn thương khu trú, hệ thống não thất không giãn.",Điện não đồ trong giới hạn bình thường.,Chỉ số vân tay trong giới hạn tham chiếu.,Vận nhãn theo dõi mục tiêu có gián đoạn nhẹ.,Chưa phát hiện đột biến có ý nghĩa lâm sàng.,Nồng độ serotonin huyết tương giảm nhẹ so với tham chiếu.,Không có xét nghiệm bổ sung.,Chưa phát hiện rối loạn tâm thần,Không,Không dùng thuốc; tư vấn vệ sinh giấc ngủ,23,,,,,,,,,,,,,,,,,,,,,,,,,,,,,,,,,,,,,,,,,,,,,,,,,,,,,,,,,,,,,,,
BA0019,2026-03-28,Khá,Hồng hào,76,165,92,37.1,110/70,"Nhịp tim đều, T1 T2 rõ, không nghe tiếng thổi bệnh lý.","Lồng ngực cân đối, rì rào phế nang êm dịu hai bên, không rale.","Bụng mềm, không chướng, gan lách không sờ thấy, đại tiện bình thường.","Hai thận không sờ thấy, không đau vùng thắt lưng, tiểu tiện bình thường.","Không có dấu hiệu thần kinh khu trú, phản xạ gân xương hai bên đều.","Tai mũi họng, răng hàm mặt chưa phát hiện bất thường.",,,,,,,,,,,,,,,,,,,,,,,,,,,,,,,,,,,,,,,4.12,155,5.6,58,36,9,4.3,7.1,97,30,27,45,"Nhịp xoang đều, tần số 78 ck/phút, không rối loạn dẫn truyền.","Sóng alpha chiếm ưu thế vùng chẩm, không ghi nhận sóng kịch phát.","Nhu mô não không thấy tổn thương khu trú, hệ thống não thất không giãn.",Điện não đồ trong giới hạn bình thường.,Chỉ số vân tay trong giới hạn tham chiếu.,Vận nhãn theo dõi mục tiêu có gián đoạn nhẹ.,Chưa phát hiện đột biến có ý nghĩa lâm sàng.,Nồng độ serotonin huyết tương giảm nhẹ so với tham chiếu.,Không có xét nghiệm bổ sung.,Theo dõi sức khỏe định kỳ,Không,Không dùng thuốc; tư vấn vệ sinh giấc ngủ,33,,,,,,,,,,,,,,,,,,,,,,,,,,,,,,,,,,,,,,,,,,,,,,,,,,,,,,,,,,,,,,,
BA0019,2026-03-03,Béo,Kém hồng,74,159,93,37.0,115/75,"Nhịp tim đều, T1 T2 rõ, không nghe tiếng thổi bệnh lý.","Lồng ngực cân đối, rì rào phế nang êm dịu hai bên, không rale.","Bụng mềm, không chướng, gan lách không sờ thấy, đại tiện bình thường.","Hai thận không sờ thấy, không đau vùng thắt lưng, tiểu tiện bình thường.","Không liệt khu trú, không hội chứng màng não, đồng tử hai bên đều.","Tai mũi họng, răng hàm mặt chưa phát hiện bất thường.",,,,,,,,,,,,,,,,,,,,,,,,,,,,,,,,,,,,,,,4.63,157,8.8,69,32,7,4.2,5.8,78,22,20,32,"Nhịp xoang đều, tần số 78 ck/phút, không rối loạn dẫn truyền.","Sóng alpha chiếm ưu thế vùng chẩm, không ghi nhận sóng kịch phát.","Nhu mô não không thấy tổn thương khu trú, hệ thống não thất không giãn.",Điện não đồ trong giới hạn bình thường.,Chỉ số vân tay trong giới hạn tham chiếu.,Vận nhãn theo dõi mục tiêu có gián đoạn nhẹ.,Chưa phát hiện đột biến có ý nghĩa lâm sàng.,Nồng độ serotonin huyết tương giảm nhẹ so với tham chiếu.,Không có xét nghiệm bổ sung.,Chưa phát hiện rối loạn tâm thần,Không,Không dùng thuốc; tư vấn vệ sinh giấc ngủ,21,,,,,,,,,,,,,,,,,,,,,,,,,,,,,,,,,,,,,,,,,,,,,,,,,,,,,,,,,,,,,,,
BA0019,2026-01-21,Béo,Bình thường,57,167,67,36.5,130/80,"Nhịp tim đều, T1 T2 rõ, không nghe tiếng thổi bệnh lý.","Lồng ngực cân đối, rì rào phế nang êm dịu hai bên, không rale.","Bụng mềm, không chướng, gan lách không sờ thấy, đại tiện bình thường.","Hai thận không sờ thấy, không đau vùng thắt lưng, tiểu tiện bình thường.","Không liệt khu trú, không hội chứng màng não, đồng tử hai bên đều.","Tai mũi họng, răng hàm mặt chưa phát hiện bất thường.",,,,,,,,,,,,,,,,,,,,,,,,,,,,,,,,,,,,,,,4.94,122,7.2,46,25,8,5.2,3.5,99,41,51,16,"Nhịp xoang đều, tần số 78 ck/phút, không rối loạn dẫn truyền.","Sóng alpha chiếm ưu thế vùng chẩm, không ghi nhận sóng kịch phát.","Nhu mô não không thấy tổn thương khu trú, hệ thống não thất không giãn.",Điện não đồ trong giới hạn bình thường.,Chỉ số vân tay trong giới hạn tham chiếu.,Vận nhãn theo dõi mục tiêu có gián đoạn nhẹ.,Chưa phát hiện đột biến có ý nghĩa lâm sàng.,Nồng độ serotonin huyết tương giảm nhẹ so với tham chiếu.,Không có xét nghiệm bổ sung.,Chưa phát hiện rối loạn tâm thần,Không,Không dùng thuốc; tư vấn vệ sinh giấc ngủ,31,,,,,,,,,,,,,,,,,,,,,,,,,,,,,,,,,,,,,,,,,,,,,,,,,,,,,,,,,,,,,,,
BA0019,2025-12-19,Suy kiệt nhẹ,Nhợt nhạt nhẹ,55,174,92,36.6,110/70,"Nhịp tim đều, T1 T2 rõ, không nghe tiếng thổi bệnh lý.","Lồng ngực cân đối, rì rào phế nang êm dịu hai bên, không rale.","Bụng mềm, không chướng, gan lách không sờ thấy, đại tiện bình thường.","Hai thận không sờ thấy, không đau vùng thắt lưng, tiểu tiện bình thường.","Không có dấu hiệu thần kinh khu trú, phản xạ gân xương hai bên đều.","Tai mũi họng, răng hàm mặt chưa phát hiện bất thường.",,,,,,,,,,,,,,,,,,,,,,,,,,,,,,,,,,,,,,,4.31,129,8.5,64,29,8,6.1,6.6,83,37,27,52,"Nhịp xoang đều, tần số 78 ck/phút, không rối loạn dẫn truyền.","Sóng alpha chiếm ưu thế vùng chẩm, không ghi nhận sóng kịch phát.","Nhu mô não không thấy tổn thương khu trú, hệ thống não thất không giãn.",Điện não đồ trong giới hạn bình thường.,Chỉ số vân tay trong giới hạn tham chiếu.,Vận nhãn theo dõi mục tiêu có gián đoạn nhẹ.,Chưa phát hiện đột biến có ý nghĩa lâm sàng.,Nồng độ serotonin huyết tương giảm nhẹ so với tham chiếu.,Không có xét nghiệm bổ sung.,Theo dõi sức khỏe định kỳ,Không,Không dùng thuốc; tư vấn vệ sinh giấc ngủ,11,,,,,,,,,,,,,,,,,,,,,,,,,,,,,,,,,,,,,,,,,,,,,,,,,,,,,,,,,,,,,,,
BA0019,2025-11-10,Trung bình,Hồng hào,63,176,91,37.0,120/80,"Nhịp tim đều, T1 T2 rõ, không nghe tiếng thổi bệnh lý.","Lồng ngực cân đối, rì rào phế nang êm dịu hai bên, không rale.","Bụng mềm, không chướng, gan lách không sờ thấy, đại tiện bình thường.","Hai thận không sờ thấy, không đau vùng thắt lưng, tiểu tiện bình thường.","Không liệt khu trú, không hội chứng màng não, đồng tử hai bên đều.","Tai mũi họng, răng hàm mặt chưa phát hiện bất thường.",,,,,,,,,,,,,,,,,,,,,,,,,,,,,,,,,,,,,,,5.21,113,5.4,54,37,5,4.8,6.0,91,42,51,18,"Nhịp xoang đều, tần số 78 ck/phút, không rối loạn dẫn truyền.","Sóng alpha chiếm ưu thế vùng chẩm, không ghi nhận sóng kịch phát.","Nhu mô não không thấy tổn thương khu trú, hệ thống não thất không giãn.",Điện não đồ trong giới hạn bình thường.,Chỉ số vân tay trong giới hạn tham chiếu.,Vận nhãn theo dõi mục tiêu có gián đoạn nhẹ.,Chưa phát hiện đột biến có ý nghĩa lâm sàng.,Nồng độ serotonin huyết tương giảm nhẹ so với tham chiếu.,Không có xét nghiệm bổ sung.,Chưa phát hiện rối loạn tâm thần,Không,Không dùng thuốc; tư vấn vệ sinh giấc ngủ,26,,,,,,,,,,,,,,,,,,,,,,,,,,,,,,,,,,,,,,,,,,,,,,,,,,,,,,,,,,,,,,,
BA0019,2025-10-19,Khá,Nhợt nhạt nhẹ,77,174,95,36.8,130/80,"Nhịp tim đều, T1 T2 rõ, không nghe tiếng thổi bệnh lý.","Lồng ngực cân đối, rì rào phế nang êm dịu hai bên, không rale.","Bụng mềm, không chướng, gan lách không sờ thấy, đại tiện bình thường.","Hai thận không sờ thấy, không đau vùng thắt lưng, tiểu tiện bình thường.","Không có dấu hiệu thần kinh khu trú, phản xạ gân xương hai bên đều.","Tai mũi họng, răng hàm mặt chưa phát hiện bất thường.",,,,,,,,,,,,,,,,,,,,,,,,,,,,,,,,,,,,,,,4.51,131,7.1,47,25,4,6.0,3.5,91,36,36,18,"Nhịp xoang đều, tần số 78 ck/phút, không rối loạn dẫn truyền.","Sóng alpha chiếm ưu thế vùng chẩm, không ghi nhận sóng kịch phát.","Nhu mô não không thấy tổn thương khu trú, hệ thống não thất không giãn.",Điện não đồ trong giới hạn bình thường.,Chỉ số vân tay trong giới hạn tham chiếu.,Vận nhãn theo dõi mục tiêu có gián đoạn nhẹ.,Chưa phát hiện đột biến có ý nghĩa lâm sàng.,Nồng độ serotonin huyết tương giảm nhẹ so với tham chiếu.,Không có xét nghiệm bổ sung.,Theo dõi sức khỏe định kỳ,Không,Không dùng thuốc; tư vấn vệ sinh giấc ngủ,33,,,,,,,,,,,,,,,,,,,,,,,,,,,,,,,,,,,,,,,,,,,,,,,,,,,,,,,,,,,,,,,
BA0019,2025-09-09,Suy kiệt nhẹ,Hồng hào,72,159,66,37.1,110/70,"Nhịp tim đều, T1 T2 rõ, không nghe tiếng thổi bệnh lý.","Lồng ngực cân đối, rì rào phế nang êm dịu hai bên, không rale.","Bụng mềm, không chướng, gan lách không sờ thấy, đại tiện bình thường.","Hai thận không sờ thấy, không đau vùng thắt lưng, tiểu tiện bình thường.","Không có dấu hiệu thần kinh khu trú, phản xạ gân xương hai bên đều.","Tai mũi họng, răng hàm mặt chưa phát hiện bất thường.",,,,,,,,,,,,,,,,,,,,,,,,,,,,,,,,,,,,,,,3.89,146,6.6,62,36,8,4.5,6.4,72,33,16,17,"Nhịp xoang đều, tần số 78 ck/phút, không rối loạn dẫn truyền.","Sóng alpha chiếm ưu thế vùng chẩm, không ghi nhận sóng kịch phát.","Nhu mô não không thấy tổn thương khu trú, hệ thống não thất không giãn.",Điện não đồ trong giới hạn bình thường.,Chỉ số vân tay trong giới hạn tham chiếu.,Vận nhãn theo dõi mục tiêu có gián đoạn nhẹ.,Chưa phát hiện đột biến có ý nghĩa lâm sàng.,Nồng độ serotonin huyết tương giảm nhẹ so với tham chiếu.,Không có xét nghiệm bổ sung.,Chưa phát hiện rối loạn tâm thần,Không,Không dùng thuốc; tư vấn vệ sinh giấc ngủ,26,,,,,,,,,,,,,,,,,,,,,,,,,,,,,,,,,,,,,,,,,,,,,,,,,,,,,,,,,,,,,,,
BA0020,2026-06-11,Suy kiệt nhẹ,Hồng hào,77,179,85,36.7,105/65,"Nhịp tim đều, T1 T2 rõ, không nghe tiếng thổi bệnh lý.","Lồng ngực cân đối, rì rào phế nang êm dịu hai bên, không rale.","Bụng mềm, không chướng, gan lách không sờ thấy, đại tiện bình thường.","Hai thận không sờ thấy, không đau vùng thắt lưng, tiểu tiện bình thường.","Không có dấu hiệu thần kinh khu trú, phản xạ gân xương hai bên đều.","Tai mũi họng, răng hàm mặt chưa phát hiện bất thường.",,,,,,,,,,,,,,,,,,,,,,,,,,,,,,,,,,,,,,,5.47,130,6.1,64,30,7,4.6,4.9,61,41,31,40,"Nhịp xoang đều, tần số 78 ck/phút, không rối loạn dẫn truyền.","Sóng alpha chiếm ưu thế vùng chẩm, không ghi nhận sóng kịch phát.","Nhu mô não không thấy tổn thương khu trú, hệ thống não thất không giãn.",Điện não đồ trong giới hạn bình thường.,Chỉ số vân tay trong giới hạn tham chiếu.,Vận nhãn theo dõi mục tiêu có gián đoạn nhẹ.,Chưa phát hiện đột biến có ý nghĩa lâm sàng.,Nồng độ serotonin huyết tương giảm nhẹ so với tham chiếu.,Không có xét nghiệm bổ sung.,Chưa phát hiện rối loạn tâm thần,Không,Không dùng thuốc; tư vấn vệ sinh giấc ngủ,18,,,,,,,,,,,,,,,,,,,,,,,,,,,,,,,,,,,,,,,,,,,,,,,,,,,,,,,,,,,,,,,
BA0020,2026-05-14,Béo,Hồng hào,64,169,78,37.2,115/75,"Nhịp tim đều, T1 T2 rõ, không nghe tiếng thổi bệnh lý.","Lồng ngực cân đối, rì rào phế nang êm dịu hai bên, không rale.","Bụng mềm, không chướng, gan lách không sờ thấy, đại tiện bình thường.","Hai thận không sờ thấy, không đau vùng thắt lưng, tiểu tiện bình thường.","Không có dấu hiệu thần kinh khu trú, phản xạ gân xương hai bên đều.","Tai mũi họng, răng hàm mặt chưa phát hiện bất thường.",,,,,,,,,,,,,,,,,,,,,,,,,,,,,,,,,,,,,,,5.17,122,4.6,49,22,4,4.7,5.1,71,29,16,50,"Nhịp xoang đều, tần số 78 ck/phút, không rối loạn dẫn truyền.","Sóng alpha chiếm ưu thế vùng chẩm, không ghi nhận sóng kịch phát.","Nhu mô não không thấy tổn thương khu trú, hệ thống não thất không giãn.",Điện não đồ trong giới hạn bình thường.,Chỉ số vân tay trong giới hạn tham chiếu.,Vận nhãn theo dõi mục tiêu có gián đoạn nhẹ.,Chưa phát hiện đột biến có ý nghĩa lâm sàng.,Nồng độ serotonin huyết tương giảm nhẹ so với tham chiếu.,Không có xét nghiệm bổ sung.,Chưa phát hiện rối loạn tâm thần,Không,Không dùng thuốc; tư vấn vệ sinh giấc ngủ,21,,,,,,,,,,,,,,,,,,,,,,,,,,,,,,,,,,,,,,,,,,,,,,,,,,,,,,,,,,,,,,,
BA0020,2026-04-22,Suy kiệt nhẹ,Kém hồng,61,166,77,36.9,125/85,"Nhịp tim đều, T1 T2 rõ, không nghe tiếng thổi bệnh lý.","Lồng ngực cân đối, rì rào phế nang êm dịu hai bên, không rale.","Bụng mềm, không chướng, gan lách không sờ thấy, đại tiện bình thường.","Hai thận không sờ thấy, không đau vùng thắt lưng, tiểu tiện bình thường.","Không liệt khu trú, không hội chứng màng não, đồng tử hai bên đều.","Tai mũi họng, răng hàm mặt chưa phát hiện bất thường.",,,,,,,,,,,,,,,,,,,,,,,,,,,,,,,,,,,,,,,4.16,110,6.6,57,22,3,5.6,6.0,64,21,25,48,"Nhịp xoang đều, tần số 78 ck/phút, không rối loạn dẫn truyền.","Sóng alpha chiếm ưu thế vùng chẩm, không ghi nhận sóng kịch phát.","Nhu mô não không thấy tổn thương khu trú, hệ thống não thất không giãn.",Điện não đồ trong giới hạn bình thường.,Chỉ số vân tay trong giới hạn tham chiếu.,Vận nhãn theo dõi mục tiêu có gián đoạn nhẹ.,Chưa phát hiện đột biến có ý nghĩa lâm sàng.,Nồng độ serotonin huyết tương giảm nhẹ so với tham chiếu.,Không có xét nghiệm bổ sung.,Chưa phát hiện rối loạn tâm thần,Không,Không dùng thuốc; tư vấn vệ sinh giấc ngủ,11,,,,,,,,,,,,,,,,,,,,,,,,,,,,,,,,,,,,,,,,,,,,,,,,,,,,,,,,,,,,,,,
BA0020,2026-03-09,Suy kiệt nhẹ,Kém hồng,65,176,87,36.8,115/75,"Nhịp tim đều, T1 T2 rõ, không nghe tiếng thổi bệnh lý.","Lồng ngực cân đối, rì rào phế nang êm dịu hai bên, không rale.","Bụng mềm, không chướng, gan lách không sờ thấy, đại tiện bình thường.","Hai thận không sờ thấy, không đau vùng thắt lưng, tiểu tiện bình thường.","Không có dấu hiệu thần kinh khu trú, phản xạ gân xương hai bên đều.","Tai mũi họng, răng hàm mặt chưa phát hiện bất thường.",,,,,,,,,,,,,,,,,,,,,,,,,,,,,,,,,,,,,,,5.14,151,4.5,52,39,5,4.2,6.4,81,35,37,16,"Nhịp xoang đều, tần số 78 ck/phút, không rối loạn dẫn truyền.","Sóng alpha chiếm ưu thế vùng chẩm, không ghi nhận sóng kịch phát.","Nhu mô não không thấy tổn thương khu trú, hệ thống não thất không giãn.",Điện não đồ trong giới hạn bình thường.,Chỉ số vân tay trong giới hạn tham chiếu.,Vận nhãn theo dõi mục tiêu có gián đoạn nhẹ.,Chưa phát hiện đột biến có ý nghĩa lâm sàng.,Nồng độ serotonin huyết tương giảm nhẹ so với tham chiếu.,Không có xét nghiệm bổ sung.,Theo dõi sức khỏe định kỳ,Không,Không dùng thuốc; tư vấn vệ sinh giấc ngủ,8,,,,,,,,,,,,,,,,,,,,,,,,,,,,,,,,,,,,,,,,,,,,,,,,,,,,,,,,,,,,,,,
BA0020,2026-02-13,Béo,Kém hồng,53,158,79,36.4,105/65,"Nhịp tim đều, T1 T2 rõ, không nghe tiếng thổi bệnh lý.","Lồng ngực cân đối, rì rào phế nang êm dịu hai bên, không rale.","Bụng mềm, không chướng, gan lách không sờ thấy, đại tiện bình thường.","Hai thận không sờ thấy, không đau vùng thắt lưng, tiểu tiện bình thường.","Không liệt khu trú, không hội chứng màng não, đồng tử hai bên đều.","Tai mũi họng, răng hàm mặt chưa phát hiện bất thường.",,,,,,,,,,,,,,,,,,,,,,,,,,,,,,,,,,,,,,,4.83,152,5.4,56,30,7,5.1,4.9,77,18,50,34,"Nhịp xoang đều, tần số 78 ck/phút, không rối loạn dẫn truyền.","Sóng alpha chiếm ưu thế vùng chẩm, không ghi nhận sóng kịch phát.","Nhu mô não không thấy tổn thương khu trú, hệ thống não thất không giãn.",Điện não đồ trong giới hạn bình thường.,Chỉ số vân tay trong giới hạn tham chiếu.,Vận nhãn theo dõi mục tiêu có gián đoạn nhẹ.,Chưa phát hiện đột biến có ý nghĩa lâm sàng.,Nồng độ serotonin huyết tương giảm nhẹ so với tham chiếu.,Không có xét nghiệm bổ sung.,Theo dõi sức khỏe định kỳ,Không,Không dùng thuốc; tư vấn vệ sinh giấc ngủ,33,,,,,,,,,,,,,,,,,,,,,,,,,,,,,,,,,,,,,,,,,,,,,,,,,,,,,,,,,,,,,,,
BA0020,2026-01-03,Trung bình,Hồng hào,58,166,80,37.3,125/85,"Nhịp tim đều, T1 T2 rõ, không nghe tiếng thổi bệnh lý.","Lồng ngực cân đối, rì rào phế nang êm dịu hai bên, không rale.","Bụng mềm, không chướng, gan lách không sờ thấy, đại tiện bình thường.","Hai thận không sờ thấy, không đau vùng thắt lưng, tiểu tiện bình thường.","Không có dấu hiệu thần kinh khu trú, phản xạ gân xương hai bên đều.","Tai mũi họng, răng hàm mặt chưa phát hiện bất thường.",,,,,,,,,,,,,,,,,,,,,,,,,,,,,,,,,,,,,,,4.57,119,7.1,61,21,8,5.8,6.7,91,43,30,45,"Nhịp xoang đều, tần số 78 ck/phút, không rối loạn dẫn truyền.","Sóng alpha chiếm ưu thế vùng chẩm, không ghi nhận sóng kịch phát.","Nhu mô não không thấy tổn thương khu trú, hệ thống não thất không giãn.",Điện não đồ trong giới hạn bình thường.,Chỉ số vân tay trong giới hạn tham chiếu.,Vận nhãn theo dõi mục tiêu có gián đoạn nhẹ.,Chưa phát hiện đột biến có ý nghĩa lâm sàng.,Nồng độ serotonin huyết tương giảm nhẹ so với tham chiếu.,Không có xét nghiệm bổ sung.,Theo dõi sức khỏe định kỳ,Không,Không dùng thuốc; tư vấn vệ sinh giấc ngủ,14,,,,,,,,,,,,,,,,,,,,,,,,,,,,,,,,,,,,,,,,,,,,,,,,,,,,,,,,,,,,,,,
BA0020,2025-12-11,Gầy,Bình thường,54,173,88,37.3,125/85,"Nhịp tim đều, T1 T2 rõ, không nghe tiếng thổi bệnh lý.","Lồng ngực cân đối, rì rào phế nang êm dịu hai bên, không rale.","Bụng mềm, không chướng, gan lách không sờ thấy, đại tiện bình thường.","Hai thận không sờ thấy, không đau vùng thắt lưng, tiểu tiện bình thường.","Không có dấu hiệu thần kinh khu trú, phản xạ gân xương hai bên đều.","Tai mũi họng, răng hàm mặt chưa phát hiện bất thường.",,,,,,,,,,,,,,,,,,,,,,,,,,,,,,,,,,,,,,,5.33,152,10.2,61,32,3,4.4,5.8,69,19,44,50,"Nhịp xoang đều, tần số 78 ck/phút, không rối loạn dẫn truyền.","Sóng alpha chiếm ưu thế vùng chẩm, không ghi nhận sóng kịch phát.","Nhu mô não không thấy tổn thương khu trú, hệ thống não thất không giãn.",Điện não đồ trong giới hạn bình thường.,Chỉ số vân tay trong giới hạn tham chiếu.,Vận nhãn theo dõi mục tiêu có gián đoạn nhẹ.,Chưa phát hiện đột biến có ý nghĩa lâm sàng.,Nồng độ serotonin huyết tương giảm nhẹ so với tham chiếu.,Không có xét nghiệm bổ sung.,Theo dõi sức khỏe định kỳ,Không,Không dùng thuốc; tư vấn vệ sinh giấc ngủ,24,,,,,,,,,,,,,,,,,,,,,,,,,,,,,,,,,,,,,,,,,,,,,,,,,,,,,,,,,,,,,,,
BA0020,2025-10-31,Gầy,Nhợt nhạt nhẹ,54,176,89,36.8,130/80,"Nhịp tim đều, T1 T2 rõ, không nghe tiếng thổi bệnh lý.","Lồng ngực cân đối, rì rào phế nang êm dịu hai bên, không rale.","Bụng mềm, không chướng, gan lách không sờ thấy, đại tiện bình thường.","Hai thận không sờ thấy, không đau vùng thắt lưng, tiểu tiện bình thường.","Không liệt khu trú, không hội chứng màng não, đồng tử hai bên đều.","Tai mũi họng, răng hàm mặt chưa phát hiện bất thường.",,,,,,,,,,,,,,,,,,,,,,,,,,,,,,,,,,,,,,,3.83,154,5.8,48,40,7,5.9,5.8,66,20,35,47,"Nhịp xoang đều, tần số 78 ck/phút, không rối loạn dẫn truyền.","Sóng alpha chiếm ưu thế vùng chẩm, không ghi nhận sóng kịch phát.","Nhu mô não không thấy tổn thương khu trú, hệ thống não thất không giãn.",Điện não đồ trong giới hạn bình thường.,Chỉ số vân tay trong giới hạn tham chiếu.,Vận nhãn theo dõi mục tiêu có gián đoạn nhẹ.,Chưa phát hiện đột biến có ý nghĩa lâm sàng.,Nồng độ serotonin huyết tương giảm nhẹ so với tham chiếu.,Không có xét nghiệm bổ sung.,Chưa phát hiện rối loạn tâm thần,Không,Không dùng thuốc; tư vấn vệ sinh giấc ngủ,14,,,,,,,,,,,,,,,,,,,,,,,,,,,,,,,,,,,,,,,,,,,,,,,,,,,,,,,,,,,,,,,
BA0020,2025-10-01,Gầy,Kém hồng,53,173,91,36.9,115/75,"Nhịp tim đều, T1 T2 rõ, không nghe tiếng thổi bệnh lý.","Lồng ngực cân đối, rì rào phế nang êm dịu hai bên, không rale.","Bụng mềm, không chướng, gan lách không sờ thấy, đại tiện bình thường.","Hai thận không sờ thấy, không đau vùng thắt lưng, tiểu tiện bình thường.","Không liệt khu trú, không hội chứng màng não, đồng tử hai bên đều.","Tai mũi họng, răng hàm mặt chưa phát hiện bất thường.",,,,,,,,,,,,,,,,,,,,,,,,,,,,,,,,,,,,,,,4.77,147,4.5,48,37,7,5.2,4.0,79,31,23,51,"Nhịp xoang đều, tần số 78 ck/phút, không rối loạn dẫn truyền.","Sóng alpha chiếm ưu thế vùng chẩm, không ghi nhận sóng kịch phát.","Nhu mô não không thấy tổn thương khu trú, hệ thống não thất không giãn.",Điện não đồ trong giới hạn bình thường.,Chỉ số vân tay trong giới hạn tham chiếu.,Vận nhãn theo dõi mục tiêu có gián đoạn nhẹ.,Chưa phát hiện đột biến có ý nghĩa lâm sàng.,Nồng độ serotonin huyết tương giảm nhẹ so với tham chiếu.,Không có xét nghiệm bổ sung.,Chưa phát hiện rối loạn tâm thần,Không,Không dùng thuốc; tư vấn vệ sinh giấc ngủ,28,,,,,,,,,,,,,,,,,,,,,,,,,,,,,,,,,,,,,,,,,,,,,,,,,,,,,,,,,,,,,,,
BA0020,2025-08-26,Gầy,Bình thường,47,167,67,36.6,120/80,"Nhịp tim đều, T1 T2 rõ, không nghe tiếng thổi bệnh lý.","Lồng ngực cân đối, rì rào phế nang êm dịu hai bên, không rale.","Bụng mềm, không chướng, gan lách không sờ thấy, đại tiện bình thường.","Hai thận không sờ thấy, không đau vùng thắt lưng, tiểu tiện bình thường.","Không liệt khu trú, không hội chứng màng não, đồng tử hai bên đều.","Tai mũi họng, răng hàm mặt chưa phát hiện bất thường.",,,,,,,,,,,,,,,,,,,,,,,,,,,,,,,,,,,,,,,4.33,140,4.9,60,26,7,6.2,4.4,81,25,26,31,"Nhịp xoang đều, tần số 78 ck/phút, không rối loạn dẫn truyền.","Sóng alpha chiếm ưu thế vùng chẩm, không ghi nhận sóng kịch phát.","Nhu mô não không thấy tổn thương khu trú, hệ thống não thất không giãn.",Điện não đồ trong giới hạn bình thường.,Chỉ số vân tay trong giới hạn tham chiếu.,Vận nhãn theo dõi mục tiêu có gián đoạn nhẹ.,Chưa phát hiện đột biến có ý nghĩa lâm sàng.,Nồng độ serotonin huyết tương giảm nhẹ so với tham chiếu.,Không có xét nghiệm bổ sung.,Theo dõi sức khỏe định kỳ,Không,Không dùng thuốc; tư vấn vệ sinh giấc ngủ,10,,,,,,,,,,,,,,,,,,,,,,,,,,,,,,,,,,,,,,,,,,,,,,,,,,,,,,,,,,,,,,,
